/usr4/cs640/manaswiy/.local/lib/python3.12/site-packages/huggingface_hub/file_download.py:1150: FutureWarning: `resume_download` is deprecated and will be removed in version 1.0.0. Downloads always resume when possible. If you want to force a new download, use `force_download=True`.
  warnings.warn(
Config:
{
  "config": "configs/stage2.yaml",
  "data_root": "/projectnb/cs585/projects/craft/data/train",
  "num_workers": 8,
  "image_size": 512,
  "stage1_ckpt": "/projectnb/cs585/projects/craft/checkpoints/phase_d/final.pt",
  "parser_ckpt": "/projectnb/cs585/projects/craft/pretrained/79999_iter.pth",
  "sd_model_id": "sd-legacy/stable-diffusion-v1-5",
  "sd_cache_dir": "",
  "t_low": 999,
  "lora_r": 16,
  "lora_alpha": 16,
  "lora_dropout": 0.0,
  "lora_target_modules": [
    "to_q",
    "to_k",
    "to_v",
    "to_out.0"
  ],
  "prompt_ctx_dim": 768,
  "disc_base_ch": 64,
  "disc_t_embed_dim": 256,
  "disc_t_mlp_dim": 512,
  "total_iters": 150000,
  "batch_size": 2,
  "grad_accum_steps": 1,
  "lr_g": 0.0001,
  "lr_d": 0.0001,
  "betas_g": [
    0.9,
    0.999
  ],
  "betas_d": [
    0.5,
    0.999
  ],
  "weight_decay": 0.01,
  "grad_clip_norm": 1.0,
  "lr_schedule": "cosine",
  "warmup_iters": 1000,
  "min_lr_ratio": 0.1,
  "gan_warmup_iters": 5000,
  "d_update_every": 1,
  "lambda_mse": 1.0,
  "lambda_per": 1.0,
  "lambda_id": 0.1,
  "lambda_dis": 0.8,
  "enable_id": true,
  "amp": true,
  "amp_dtype": "bfloat16",
  "grad_ckpt": true,
  "vae_slicing": true,
  "vae_tiling": false,
  "ckpt_dir": "/projectnb/cs585/projects/craft/checkpoints_stage2",
  "sample_dir": "/projectnb/cs585/projects/craft/samples_stage2",
  "resume": "",
  "fresh": false,
  "save_every": 5000,
  "sample_every": 2000,
  "log_every": 50,
  "num_sample_images": 8,
  "seed": 1234,
  "device": "cuda"
}
Device: cuda   AMP: True (bfloat16)
Dataset: 70000 HQ/LQ pairs, 35000 batches/epoch
Stage2Generator | trainable=3,584,256 | frozen=1,028,202,164 | T_L=999 | vae_scale=0.18215 | mag_head=True
UNet gradient checkpointing: ENABLED
LatentDiscriminator: 8.43 M params
Loading pretrained model DISTS from /usr4/cs640/manaswiy/.cache/torch/hub/pyiqa/DISTS_weights-f5e65c96.pth
Starting fresh (no checkpoint to resume from)
it     50/150000 | 2.73 it/s | λ_dis=0.008 | lr=4.9e-06 | mse=+0.5336 | ea_dists=+0.8455 | id=+0.7431 | gan_g=+0.7759 | total_gen=+1.4570 | d_real=+0.4545 | d_fake=+0.6783 | gnG=0.25 | gnD=11.83
it    100/150000 | 3.08 it/s | λ_dis=0.016 | lr=9.9e-06 | mse=+0.5341 | ea_dists=+0.8191 | id=+0.7422 | gan_g=+4.2981 | total_gen=+1.4828 | d_real=+0.0507 | d_fake=+0.2134 | gnG=0.22 | gnD=19.50
it    150/150000 | 3.06 it/s | λ_dis=0.024 | lr=1.5e-05 | mse=+0.5290 | ea_dists=+0.8111 | id=+0.7238 | gan_g=+7.7078 | total_gen=+1.5667 | d_real=+0.0025 | d_fake=+0.0340 | gnG=0.23 | gnD=4.62
it    200/150000 | 3.05 it/s | λ_dis=0.032 | lr=2.0e-05 | mse=+0.4920 | ea_dists=+0.7746 | id=+0.6905 | gan_g=+8.6608 | total_gen=+1.5776 | d_real=+0.0004 | d_fake=+0.0021 | gnG=0.26 | gnD=1.10
it    250/150000 | 3.07 it/s | λ_dis=0.040 | lr=2.5e-05 | mse=+0.4486 | ea_dists=+0.7200 | id=+0.5516 | gan_g=+8.9558 | total_gen=+1.5459 | d_real=+0.0003 | d_fake=+0.0107 | gnG=0.39 | gnD=3.41
it    300/150000 | 3.08 it/s | λ_dis=0.048 | lr=3.0e-05 | mse=+0.3872 | ea_dists=+0.6710 | id=+0.4509 | gan_g=+9.2041 | total_gen=+1.5074 | d_real=+0.0001 | d_fake=+0.0001 | gnG=0.55 | gnD=0.02
it    350/150000 | 3.06 it/s | λ_dis=0.056 | lr=3.5e-05 | mse=+0.3436 | ea_dists=+0.6731 | id=+0.4308 | gan_g=+9.6217 | total_gen=+1.5591 | d_real=+0.0031 | d_fake=+0.0876 | gnG=0.86 | gnD=3.36
it    400/150000 | 2.99 it/s | λ_dis=0.064 | lr=4.0e-05 | mse=+0.3300 | ea_dists=+0.6505 | id=+0.4118 | gan_g=+9.8891 | total_gen=+1.6146 | d_real=+0.0399 | d_fake=+0.0552 | gnG=1.13 | gnD=15.22
it    450/150000 | 3.04 it/s | λ_dis=0.072 | lr=4.5e-05 | mse=+0.3095 | ea_dists=+0.6407 | id=+0.4242 | gan_g=+9.8205 | total_gen=+1.6588 | d_real=+0.0708 | d_fake=+0.0917 | gnG=1.42 | gnD=7.30
it    500/150000 | 3.00 it/s | λ_dis=0.080 | lr=5.0e-05 | mse=+0.2925 | ea_dists=+0.6321 | id=+0.4151 | gan_g=+9.8471 | total_gen=+1.7139 | d_real=+0.0444 | d_fake=+0.1862 | gnG=2.28 | gnD=12.84
it    550/150000 | 3.06 it/s | λ_dis=0.088 | lr=5.5e-05 | mse=+0.2900 | ea_dists=+0.6263 | id=+0.4261 | gan_g=+9.2452 | total_gen=+1.7339 | d_real=+0.1021 | d_fake=+0.3154 | gnG=1.93 | gnD=13.76
it    600/150000 | 2.98 it/s | λ_dis=0.096 | lr=6.0e-05 | mse=+0.3073 | ea_dists=+0.6259 | id=+0.4355 | gan_g=+9.1078 | total_gen=+1.8154 | d_real=+0.0257 | d_fake=+0.2022 | gnG=2.15 | gnD=17.10
it    650/150000 | 3.10 it/s | λ_dis=0.104 | lr=6.5e-05 | mse=+0.3024 | ea_dists=+0.6008 | id=+0.4205 | gan_g=+10.4425 | total_gen=+1.9889 | d_real=+0.0003 | d_fake=+0.0000 | gnG=1.91 | gnD=0.01
it    700/150000 | 3.06 it/s | λ_dis=0.112 | lr=7.0e-05 | mse=+0.2881 | ea_dists=+0.6084 | id=+0.4318 | gan_g=+9.9820 | total_gen=+2.0169 | d_real=+0.1730 | d_fake=+0.1302 | gnG=2.61 | gnD=18.44
it    750/150000 | 3.11 it/s | λ_dis=0.120 | lr=7.5e-05 | mse=+0.3225 | ea_dists=+0.6030 | id=+0.4578 | gan_g=+9.8533 | total_gen=+2.1139 | d_real=+0.0019 | d_fake=+0.1441 | gnG=3.08 | gnD=2.89
it    800/150000 | 3.10 it/s | λ_dis=0.128 | lr=8.0e-05 | mse=+0.2939 | ea_dists=+0.5785 | id=+0.4456 | gan_g=+9.7913 | total_gen=+2.1297 | d_real=+0.0001 | d_fake=+0.0001 | gnG=2.37 | gnD=0.00
it    850/150000 | 3.09 it/s | λ_dis=0.136 | lr=8.5e-05 | mse=+0.3028 | ea_dists=+0.5684 | id=+0.4354 | gan_g=+9.5677 | total_gen=+2.1769 | d_real=+0.0001 | d_fake=+0.0001 | gnG=2.15 | gnD=0.00
it    900/150000 | 3.07 it/s | λ_dis=0.144 | lr=9.0e-05 | mse=+0.3047 | ea_dists=+0.5622 | id=+0.4311 | gan_g=+9.8426 | total_gen=+2.2873 | d_real=+0.0001 | d_fake=+0.0001 | gnG=2.30 | gnD=0.00
it    950/150000 | 3.11 it/s | λ_dis=0.152 | lr=9.5e-05 | mse=+0.3094 | ea_dists=+0.5518 | id=+0.4678 | gan_g=+10.1795 | total_gen=+2.4141 | d_real=+0.0000 | d_fake=+0.0001 | gnG=2.32 | gnD=0.00
it   1000/150000 | 3.05 it/s | λ_dis=0.160 | lr=1.0e-04 | mse=+0.3108 | ea_dists=+0.5620 | id=+0.4347 | gan_g=+9.5770 | total_gen=+2.4080 | d_real=+0.1107 | d_fake=+0.0031 | gnG=2.37 | gnD=1.83
it   1050/150000 | 3.15 it/s | λ_dis=0.168 | lr=1.0e-04 | mse=+0.3061 | ea_dists=+0.5501 | id=+0.4180 | gan_g=+8.6322 | total_gen=+2.3112 | d_real=+0.0533 | d_fake=+0.2381 | gnG=3.17 | gnD=4.80
it   1100/150000 | 3.09 it/s | λ_dis=0.176 | lr=1.0e-04 | mse=+0.3082 | ea_dists=+0.5479 | id=+0.4365 | gan_g=+9.0833 | total_gen=+2.4616 | d_real=+0.0004 | d_fake=+0.0003 | gnG=2.86 | gnD=0.02
it   1150/150000 | 3.13 it/s | λ_dis=0.184 | lr=1.0e-04 | mse=+0.3138 | ea_dists=+0.5518 | id=+0.4326 | gan_g=+9.3804 | total_gen=+2.5967 | d_real=+0.0001 | d_fake=+0.0001 | gnG=2.90 | gnD=0.00
it   1200/150000 | 3.08 it/s | λ_dis=0.192 | lr=1.0e-04 | mse=+0.3201 | ea_dists=+0.5532 | id=+0.4258 | gan_g=+9.5971 | total_gen=+2.7200 | d_real=+0.0001 | d_fake=+0.0001 | gnG=3.32 | gnD=0.01
it   1250/150000 | 3.12 it/s | λ_dis=0.200 | lr=1.0e-04 | mse=+0.3334 | ea_dists=+0.5458 | id=+0.4440 | gan_g=+9.9629 | total_gen=+2.8757 | d_real=+0.0000 | d_fake=+0.0001 | gnG=2.89 | gnD=0.00
it   1300/150000 | 3.09 it/s | λ_dis=0.208 | lr=1.0e-04 | mse=+0.3016 | ea_dists=+0.5404 | id=+0.4271 | gan_g=+10.1166 | total_gen=+2.9478 | d_real=+0.0000 | d_fake=+0.0001 | gnG=2.75 | gnD=0.00
it   1350/150000 | 3.10 it/s | λ_dis=0.216 | lr=1.0e-04 | mse=+0.3158 | ea_dists=+0.5368 | id=+0.4186 | gan_g=+10.3663 | total_gen=+3.0913 | d_real=+0.0000 | d_fake=+0.0001 | gnG=2.70 | gnD=0.00
it   1400/150000 | 3.08 it/s | λ_dis=0.224 | lr=1.0e-04 | mse=+0.2893 | ea_dists=+0.5360 | id=+0.4369 | gan_g=+10.1866 | total_gen=+3.1089 | d_real=+0.0818 | d_fake=+0.0005 | gnG=3.11 | gnD=3.49
it   1450/150000 | 3.16 it/s | λ_dis=0.232 | lr=1.0e-04 | mse=+0.3011 | ea_dists=+0.5364 | id=+0.4158 | gan_g=+9.8850 | total_gen=+3.1309 | d_real=+0.1807 | d_fake=+0.0446 | gnG=4.01 | gnD=6.10
it   1500/150000 | 3.08 it/s | λ_dis=0.240 | lr=1.0e-04 | mse=+0.2679 | ea_dists=+0.5510 | id=+0.4067 | gan_g=+9.2682 | total_gen=+3.0467 | d_real=+0.0001 | d_fake=+0.0003 | gnG=4.86 | gnD=0.01
it   1550/150000 | 3.14 it/s | λ_dis=0.248 | lr=1.0e-04 | mse=+0.2776 | ea_dists=+0.5683 | id=+0.4280 | gan_g=+9.0474 | total_gen=+3.0939 | d_real=+0.2943 | d_fake=+0.0732 | gnG=6.28 | gnD=9.22
it   1600/150000 | 3.08 it/s | λ_dis=0.256 | lr=1.0e-04 | mse=+0.3039 | ea_dists=+0.5723 | id=+0.4083 | gan_g=+7.6832 | total_gen=+2.8536 | d_real=+0.1477 | d_fake=+0.0889 | gnG=7.28 | gnD=16.77
it   1650/150000 | 3.12 it/s | λ_dis=0.264 | lr=1.0e-04 | mse=+0.2897 | ea_dists=+0.5724 | id=+0.4412 | gan_g=+8.7637 | total_gen=+3.1844 | d_real=+0.0890 | d_fake=+0.0460 | gnG=4.44 | gnD=9.29
it   1700/150000 | 3.09 it/s | λ_dis=0.272 | lr=1.0e-04 | mse=+0.2837 | ea_dists=+0.5842 | id=+0.4452 | gan_g=+9.2719 | total_gen=+3.3975 | d_real=+0.0000 | d_fake=+0.0005 | gnG=5.26 | gnD=0.10
it   1750/150000 | 3.11 it/s | λ_dis=0.280 | lr=1.0e-04 | mse=+0.3057 | ea_dists=+0.5673 | id=+0.4349 | gan_g=+9.4323 | total_gen=+3.5194 | d_real=+0.0000 | d_fake=+0.0001 | gnG=4.45 | gnD=0.00
it   1800/150000 | 3.08 it/s | λ_dis=0.288 | lr=1.0e-04 | mse=+0.3065 | ea_dists=+0.5768 | id=+0.4455 | gan_g=+9.6676 | total_gen=+3.6725 | d_real=+0.0140 | d_fake=+0.0028 | gnG=3.87 | gnD=5.19
it   1850/150000 | 3.11 it/s | λ_dis=0.296 | lr=1.0e-04 | mse=+0.2835 | ea_dists=+0.5749 | id=+0.4204 | gan_g=+9.3078 | total_gen=+3.6171 | d_real=+0.0000 | d_fake=+0.0002 | gnG=4.93 | gnD=0.01
it   1900/150000 | 3.09 it/s | λ_dis=0.304 | lr=1.0e-04 | mse=+0.2852 | ea_dists=+0.5741 | id=+0.4233 | gan_g=+9.5448 | total_gen=+3.7642 | d_real=+0.0223 | d_fake=+0.0002 | gnG=5.19 | gnD=12.38
it   1950/150000 | 3.10 it/s | λ_dis=0.312 | lr=1.0e-04 | mse=+0.2714 | ea_dists=+0.5727 | id=+0.4316 | gan_g=+9.6139 | total_gen=+3.8480 | d_real=+0.0735 | d_fake=+0.0002 | gnG=5.25 | gnD=0.89
it   2000/150000 | 3.08 it/s | λ_dis=0.320 | lr=1.0e-04 | mse=+0.2704 | ea_dists=+0.5867 | id=+0.4309 | gan_g=+8.4819 | total_gen=+3.5797 | d_real=+0.1616 | d_fake=+0.1081 | gnG=7.57 | gnD=6.40
  [iter 2000] saved sample → /projectnb/cs585/projects/craft/samples_stage2/iter_0002000.png
it   2050/150000 | 2.72 it/s | λ_dis=0.328 | lr=1.0e-04 | mse=+0.2717 | ea_dists=+0.5823 | id=+0.4359 | gan_g=+8.2178 | total_gen=+3.5581 | d_real=+0.1901 | d_fake=+0.0113 | gnG=6.37 | gnD=3.90
it   2100/150000 | 3.06 it/s | λ_dis=0.336 | lr=1.0e-04 | mse=+0.2613 | ea_dists=+0.5738 | id=+0.4332 | gan_g=+8.0441 | total_gen=+3.5485 | d_real=+0.0440 | d_fake=+0.0645 | gnG=10.77 | gnD=8.46
it   2150/150000 | 3.12 it/s | λ_dis=0.344 | lr=1.0e-04 | mse=+0.2742 | ea_dists=+0.5713 | id=+0.4252 | gan_g=+8.3947 | total_gen=+3.7421 | d_real=+0.1257 | d_fake=+0.0004 | gnG=6.01 | gnD=2.91
it   2200/150000 | 3.07 it/s | λ_dis=0.352 | lr=1.0e-04 | mse=+0.2665 | ea_dists=+0.5728 | id=+0.4283 | gan_g=+8.2920 | total_gen=+3.7664 | d_real=+0.0972 | d_fake=+0.0007 | gnG=6.94 | gnD=3.72
it   2250/150000 | 3.10 it/s | λ_dis=0.360 | lr=1.0e-04 | mse=+0.2626 | ea_dists=+0.5802 | id=+0.4557 | gan_g=+8.6718 | total_gen=+3.9753 | d_real=+0.3598 | d_fake=+0.1516 | gnG=10.80 | gnD=39.10
it   2300/150000 | 3.08 it/s | λ_dis=0.368 | lr=1.0e-04 | mse=+0.2967 | ea_dists=+0.5897 | id=+0.4528 | gan_g=+8.4538 | total_gen=+4.0084 | d_real=+0.1297 | d_fake=+0.0892 | gnG=6.41 | gnD=3.15
it   2350/150000 | 3.13 it/s | λ_dis=0.376 | lr=1.0e-04 | mse=+0.2847 | ea_dists=+0.5601 | id=+0.4621 | gan_g=+8.9858 | total_gen=+4.2331 | d_real=+0.1177 | d_fake=+0.1306 | gnG=4.65 | gnD=5.09
it   2400/150000 | 3.08 it/s | λ_dis=0.384 | lr=1.0e-04 | mse=+0.2640 | ea_dists=+0.5624 | id=+0.4449 | gan_g=+9.3242 | total_gen=+4.4139 | d_real=+0.0003 | d_fake=+0.0001 | gnG=4.57 | gnD=0.01
it   2450/150000 | 3.09 it/s | λ_dis=0.392 | lr=1.0e-04 | mse=+0.2629 | ea_dists=+0.5478 | id=+0.4320 | gan_g=+9.9288 | total_gen=+4.7056 | d_real=+0.0001 | d_fake=+0.0001 | gnG=3.94 | gnD=0.00
it   2500/150000 | 3.07 it/s | λ_dis=0.400 | lr=1.0e-04 | mse=+0.2698 | ea_dists=+0.5455 | id=+0.4344 | gan_g=+10.1763 | total_gen=+4.8879 | d_real=+0.0001 | d_fake=+0.0001 | gnG=3.78 | gnD=0.00
it   2550/150000 | 3.09 it/s | λ_dis=0.408 | lr=1.0e-04 | mse=+0.2458 | ea_dists=+0.5549 | id=+0.4300 | gan_g=+10.2632 | total_gen=+4.9894 | d_real=+0.0001 | d_fake=+0.0000 | gnG=4.27 | gnD=0.00
it   2600/150000 | 3.07 it/s | λ_dis=0.416 | lr=1.0e-04 | mse=+0.2439 | ea_dists=+0.5508 | id=+0.4430 | gan_g=+10.5182 | total_gen=+5.1713 | d_real=+0.0701 | d_fake=+0.0722 | gnG=3.67 | gnD=6.75
it   2650/150000 | 3.12 it/s | λ_dis=0.424 | lr=1.0e-04 | mse=+0.2217 | ea_dists=+0.5576 | id=+0.4428 | gan_g=+10.1634 | total_gen=+5.0913 | d_real=+0.0418 | d_fake=+0.0882 | gnG=5.66 | gnD=7.78
it   2700/150000 | 3.05 it/s | λ_dis=0.432 | lr=1.0e-04 | mse=+0.2123 | ea_dists=+0.5474 | id=+0.4607 | gan_g=+10.0746 | total_gen=+5.1157 | d_real=+0.0328 | d_fake=+0.1982 | gnG=9.97 | gnD=7.30
it   2750/150000 | 3.11 it/s | λ_dis=0.440 | lr=1.0e-04 | mse=+0.2229 | ea_dists=+0.5469 | id=+0.4205 | gan_g=+8.9922 | total_gen=+4.7319 | d_real=+0.0720 | d_fake=+0.2508 | gnG=8.62 | gnD=9.49
it   2800/150000 | 3.08 it/s | λ_dis=0.448 | lr=1.0e-04 | mse=+0.2378 | ea_dists=+0.5531 | id=+0.4318 | gan_g=+9.6966 | total_gen=+5.1383 | d_real=+0.0034 | d_fake=+0.0608 | gnG=10.06 | gnD=0.74
it   2850/150000 | 3.15 it/s | λ_dis=0.456 | lr=1.0e-04 | mse=+0.1758 | ea_dists=+0.5369 | id=+0.4411 | gan_g=+9.9463 | total_gen=+5.2521 | d_real=+0.0009 | d_fake=+0.0001 | gnG=4.98 | gnD=0.02
it   2900/150000 | 3.10 it/s | λ_dis=0.464 | lr=1.0e-04 | mse=+0.1863 | ea_dists=+0.5412 | id=+0.4300 | gan_g=+10.0671 | total_gen=+5.4008 | d_real=+0.0005 | d_fake=+0.0001 | gnG=17.31 | gnD=0.01
it   2950/150000 | 3.02 it/s | λ_dis=0.472 | lr=1.0e-04 | mse=+0.1603 | ea_dists=+0.5439 | id=+0.4069 | gan_g=+10.2776 | total_gen=+5.5541 | d_real=+0.0009 | d_fake=+0.0747 | gnG=4.99 | gnD=0.20
it   3000/150000 | 3.03 it/s | λ_dis=0.480 | lr=1.0e-04 | mse=+0.1493 | ea_dists=+0.5277 | id=+0.3965 | gan_g=+10.5707 | total_gen=+5.7475 | d_real=+0.0006 | d_fake=+0.0700 | gnG=3.77 | gnD=0.21
it   3050/150000 | 3.14 it/s | λ_dis=0.488 | lr=1.0e-04 | mse=+0.1385 | ea_dists=+0.5318 | id=+0.3590 | gan_g=+10.4503 | total_gen=+5.7633 | d_real=+0.0007 | d_fake=+0.0001 | gnG=3.99 | gnD=0.03
it   3100/150000 | 3.09 it/s | λ_dis=0.496 | lr=1.0e-04 | mse=+0.1430 | ea_dists=+0.5248 | id=+0.3886 | gan_g=+10.6725 | total_gen=+5.9567 | d_real=+0.0005 | d_fake=+0.0000 | gnG=4.02 | gnD=0.01
it   3150/150000 | 3.13 it/s | λ_dis=0.504 | lr=1.0e-04 | mse=+0.1503 | ea_dists=+0.5303 | id=+0.3906 | gan_g=+10.3782 | total_gen=+5.9076 | d_real=+0.0979 | d_fake=+0.1370 | gnG=6.63 | gnD=16.47
it   3200/150000 | 3.09 it/s | λ_dis=0.512 | lr=1.0e-04 | mse=+0.1620 | ea_dists=+0.5317 | id=+0.4222 | gan_g=+9.4052 | total_gen=+5.5139 | d_real=+0.1972 | d_fake=+0.1987 | gnG=18.34 | gnD=6.47
it   3250/150000 | 3.15 it/s | λ_dis=0.520 | lr=1.0e-04 | mse=+0.1414 | ea_dists=+0.5215 | id=+0.4028 | gan_g=+9.6741 | total_gen=+5.6938 | d_real=+0.0742 | d_fake=+0.0635 | gnG=3.61 | gnD=2.80
it   3300/150000 | 3.07 it/s | λ_dis=0.528 | lr=1.0e-04 | mse=+0.1443 | ea_dists=+0.5278 | id=+0.3991 | gan_g=+9.1630 | total_gen=+5.5129 | d_real=+0.1596 | d_fake=+0.1937 | gnG=13.58 | gnD=13.43
it   3350/150000 | 3.09 it/s | λ_dis=0.536 | lr=1.0e-04 | mse=+0.1255 | ea_dists=+0.5352 | id=+0.4074 | gan_g=+9.9332 | total_gen=+5.9860 | d_real=+0.0008 | d_fake=+0.0001 | gnG=6.27 | gnD=0.09
it   3400/150000 | 3.09 it/s | λ_dis=0.544 | lr=1.0e-04 | mse=+0.1545 | ea_dists=+0.5240 | id=+0.4080 | gan_g=+10.4214 | total_gen=+6.3463 | d_real=+0.0004 | d_fake=+0.0000 | gnG=4.72 | gnD=0.01
it   3450/150000 | 3.11 it/s | λ_dis=0.552 | lr=1.0e-04 | mse=+0.1494 | ea_dists=+0.5305 | id=+0.3969 | gan_g=+10.6772 | total_gen=+6.5707 | d_real=+0.0006 | d_fake=+0.0882 | gnG=9.09 | gnD=0.24
it   3500/150000 | 3.06 it/s | λ_dis=0.560 | lr=1.0e-04 | mse=+0.1379 | ea_dists=+0.5237 | id=+0.3649 | gan_g=+11.1931 | total_gen=+6.9206 | d_real=+0.0005 | d_fake=+0.0000 | gnG=3.87 | gnD=0.01
it   3550/150000 | 3.11 it/s | λ_dis=0.568 | lr=1.0e-04 | mse=+0.1342 | ea_dists=+0.5247 | id=+0.3994 | gan_g=+10.1641 | total_gen=+6.4285 | d_real=+0.1055 | d_fake=+0.1304 | gnG=9.78 | gnD=13.66
it   3600/150000 | 3.05 it/s | λ_dis=0.576 | lr=1.0e-04 | mse=+0.1382 | ea_dists=+0.5239 | id=+0.4059 | gan_g=+8.8249 | total_gen=+5.7501 | d_real=+0.0323 | d_fake=+0.0002 | gnG=5.67 | gnD=4.85
it   3650/150000 | 3.10 it/s | λ_dis=0.584 | lr=1.0e-04 | mse=+0.1628 | ea_dists=+0.5290 | id=+0.4151 | gan_g=+9.4970 | total_gen=+6.2411 | d_real=+0.0004 | d_fake=+0.0001 | gnG=6.15 | gnD=0.01
it   3700/150000 | 3.04 it/s | λ_dis=0.592 | lr=1.0e-04 | mse=+0.1881 | ea_dists=+0.5370 | id=+0.4265 | gan_g=+8.8903 | total_gen=+5.9931 | d_real=+0.1183 | d_fake=+0.0813 | gnG=17.50 | gnD=15.09
it   3750/150000 | 3.14 it/s | λ_dis=0.600 | lr=1.0e-04 | mse=+0.1586 | ea_dists=+0.5312 | id=+0.3895 | gan_g=+9.0552 | total_gen=+6.1255 | d_real=+0.0006 | d_fake=+0.0001 | gnG=7.90 | gnD=0.01
it   3800/150000 | 3.09 it/s | λ_dis=0.608 | lr=1.0e-04 | mse=+0.1661 | ea_dists=+0.5427 | id=+0.4271 | gan_g=+9.3692 | total_gen=+6.4102 | d_real=+0.0005 | d_fake=+0.0042 | gnG=12.39 | gnD=1.13
it   3850/150000 | 3.09 it/s | λ_dis=0.616 | lr=1.0e-04 | mse=+0.1780 | ea_dists=+0.5386 | id=+0.4184 | gan_g=+9.3424 | total_gen=+6.4751 | d_real=+0.0419 | d_fake=+0.1909 | gnG=26.31 | gnD=29.51
it   3900/150000 | 3.06 it/s | λ_dis=0.624 | lr=1.0e-04 | mse=+0.1705 | ea_dists=+0.5300 | id=+0.4122 | gan_g=+9.2338 | total_gen=+6.4658 | d_real=+0.0038 | d_fake=+0.2672 | gnG=16.27 | gnD=6.16
it   3950/150000 | 3.10 it/s | λ_dis=0.632 | lr=1.0e-04 | mse=+0.1809 | ea_dists=+0.5388 | id=+0.4039 | gan_g=+9.0613 | total_gen=+6.4490 | d_real=+0.1115 | d_fake=+0.3022 | gnG=17.40 | gnD=13.14
it   4000/150000 | 3.10 it/s | λ_dis=0.640 | lr=1.0e-04 | mse=+0.1750 | ea_dists=+0.5422 | id=+0.4078 | gan_g=+8.7794 | total_gen=+6.3408 | d_real=+0.0422 | d_fake=+0.2072 | gnG=19.93 | gnD=11.93
  [iter 4000] saved sample → /projectnb/cs585/projects/craft/samples_stage2/iter_0004000.png
it   4050/150000 | 2.74 it/s | λ_dis=0.648 | lr=1.0e-04 | mse=+0.1768 | ea_dists=+0.5394 | id=+0.4103 | gan_g=+9.3214 | total_gen=+6.7592 | d_real=+0.0039 | d_fake=+0.0642 | gnG=5.99 | gnD=5.75
it   4100/150000 | 3.09 it/s | λ_dis=0.656 | lr=1.0e-04 | mse=+0.1829 | ea_dists=+0.5362 | id=+0.4162 | gan_g=+8.3704 | total_gen=+6.2174 | d_real=+0.0756 | d_fake=+0.2414 | gnG=28.25 | gnD=12.51
it   4150/150000 | 3.11 it/s | λ_dis=0.664 | lr=1.0e-04 | mse=+0.1853 | ea_dists=+0.5497 | id=+0.4117 | gan_g=+8.3807 | total_gen=+6.3071 | d_real=+0.1544 | d_fake=+0.2065 | gnG=15.24 | gnD=7.33
it   4200/150000 | 3.07 it/s | λ_dis=0.672 | lr=1.0e-04 | mse=+0.1960 | ea_dists=+0.5512 | id=+0.4390 | gan_g=+9.2549 | total_gen=+6.9728 | d_real=+0.0602 | d_fake=+0.1178 | gnG=19.45 | gnD=5.33
it   4250/150000 | 3.13 it/s | λ_dis=0.680 | lr=1.0e-04 | mse=+0.2251 | ea_dists=+0.5631 | id=+0.4250 | gan_g=+9.3466 | total_gen=+7.1482 | d_real=+0.0857 | d_fake=+0.0694 | gnG=34.30 | gnD=4.19
it   4300/150000 | 3.06 it/s | λ_dis=0.688 | lr=1.0e-04 | mse=+0.2170 | ea_dists=+0.5570 | id=+0.4243 | gan_g=+9.3414 | total_gen=+7.2049 | d_real=+0.0180 | d_fake=+0.2043 | gnG=24.35 | gnD=6.00
it   4350/150000 | 3.11 it/s | λ_dis=0.696 | lr=1.0e-04 | mse=+0.2168 | ea_dists=+0.5631 | id=+0.4368 | gan_g=+8.4162 | total_gen=+6.6449 | d_real=+0.0509 | d_fake=+0.3888 | gnG=40.06 | gnD=3.02
it   4400/150000 | 3.07 it/s | λ_dis=0.704 | lr=1.0e-04 | mse=+0.2409 | ea_dists=+0.5651 | id=+0.4248 | gan_g=+8.4625 | total_gen=+6.7723 | d_real=+0.0547 | d_fake=+0.3905 | gnG=25.72 | gnD=2.51
it   4450/150000 | 3.10 it/s | λ_dis=0.712 | lr=1.0e-04 | mse=+0.2192 | ea_dists=+0.5738 | id=+0.4471 | gan_g=+8.4147 | total_gen=+6.7934 | d_real=+0.3149 | d_fake=+0.2437 | gnG=40.21 | gnD=3.82
it   4500/150000 | 3.05 it/s | λ_dis=0.720 | lr=1.0e-04 | mse=+0.2208 | ea_dists=+0.5557 | id=+0.4269 | gan_g=+9.3574 | total_gen=+7.5198 | d_real=+0.0045 | d_fake=+0.0864 | gnG=18.46 | gnD=0.48
it   4550/150000 | 3.11 it/s | λ_dis=0.728 | lr=1.0e-04 | mse=+0.1904 | ea_dists=+0.5440 | id=+0.4290 | gan_g=+9.8857 | total_gen=+7.9342 | d_real=+0.0023 | d_fake=+0.0549 | gnG=18.47 | gnD=0.29
it   4600/150000 | 3.10 it/s | λ_dis=0.736 | lr=1.0e-04 | mse=+0.2068 | ea_dists=+0.5521 | id=+0.4384 | gan_g=+9.7536 | total_gen=+7.9410 | d_real=+0.1562 | d_fake=+0.1870 | gnG=20.95 | gnD=11.88
it   4650/150000 | 3.15 it/s | λ_dis=0.744 | lr=1.0e-04 | mse=+0.2062 | ea_dists=+0.5483 | id=+0.4282 | gan_g=+8.2747 | total_gen=+6.9189 | d_real=+0.1547 | d_fake=+0.1042 | gnG=21.88 | gnD=23.49
it   4700/150000 | 3.10 it/s | λ_dis=0.752 | lr=1.0e-04 | mse=+0.2054 | ea_dists=+0.5509 | id=+0.4112 | gan_g=+8.7811 | total_gen=+7.3643 | d_real=+0.0128 | d_fake=+0.1650 | gnG=11.98 | gnD=7.73
it   4750/150000 | 3.13 it/s | λ_dis=0.760 | lr=1.0e-04 | mse=+0.1875 | ea_dists=+0.5411 | id=+0.4191 | gan_g=+8.9309 | total_gen=+7.5210 | d_real=+0.0118 | d_fake=+0.1913 | gnG=48.82 | gnD=3.71
it   4800/150000 | 3.10 it/s | λ_dis=0.768 | lr=1.0e-04 | mse=+0.1999 | ea_dists=+0.5446 | id=+0.4168 | gan_g=+9.8802 | total_gen=+8.3344 | d_real=+0.0044 | d_fake=+0.1261 | gnG=24.38 | gnD=0.68
it   4850/150000 | 3.12 it/s | λ_dis=0.776 | lr=1.0e-04 | mse=+0.1899 | ea_dists=+0.5440 | id=+0.4052 | gan_g=+9.8443 | total_gen=+8.3737 | d_real=+0.0020 | d_fake=+0.0576 | gnG=33.49 | gnD=0.24
it   4900/150000 | 3.06 it/s | λ_dis=0.784 | lr=1.0e-04 | mse=+0.1827 | ea_dists=+0.5402 | id=+0.4307 | gan_g=+9.5669 | total_gen=+8.2277 | d_real=+0.0029 | d_fake=+0.1401 | gnG=34.76 | gnD=0.62
it   4950/150000 | 3.11 it/s | λ_dis=0.792 | lr=1.0e-04 | mse=+0.1858 | ea_dists=+0.5418 | id=+0.4208 | gan_g=+10.1770 | total_gen=+8.7878 | d_real=+0.0025 | d_fake=+0.0001 | gnG=27.93 | gnD=0.06
it   5000/150000 | 3.06 it/s | λ_dis=0.800 | lr=1.0e-04 | mse=+0.2137 | ea_dists=+0.5682 | id=+0.4260 | gan_g=+9.0687 | total_gen=+8.0417 | d_real=+0.3415 | d_fake=+0.4764 | gnG=61.90 | gnD=42.98
  [iter 5000] saved ckpt → /projectnb/cs585/projects/craft/checkpoints_stage2/iter_0005000.pt
it   5050/150000 | 3.08 it/s | λ_dis=0.800 | lr=1.0e-04 | mse=+0.1964 | ea_dists=+0.5581 | id=+0.4369 | gan_g=+8.6834 | total_gen=+7.7449 | d_real=+0.0951 | d_fake=+0.1791 | gnG=31.67 | gnD=2.93
it   5100/150000 | 3.08 it/s | λ_dis=0.800 | lr=1.0e-04 | mse=+0.1994 | ea_dists=+0.5466 | id=+0.4275 | gan_g=+8.3893 | total_gen=+7.5001 | d_real=+0.0081 | d_fake=+0.4640 | gnG=127.23 | gnD=2.14
it   5150/150000 | 3.13 it/s | λ_dis=0.800 | lr=1.0e-04 | mse=+0.2456 | ea_dists=+0.5760 | id=+0.4508 | gan_g=+8.8732 | total_gen=+7.9652 | d_real=+0.0791 | d_fake=+0.1347 | gnG=51.29 | gnD=4.40
it   5200/150000 | 3.08 it/s | λ_dis=0.800 | lr=1.0e-04 | mse=+0.2201 | ea_dists=+0.5668 | id=+0.4593 | gan_g=+9.3303 | total_gen=+8.2971 | d_real=+0.1785 | d_fake=+0.1176 | gnG=78.97 | gnD=6.63
it   5250/150000 | 3.13 it/s | λ_dis=0.800 | lr=1.0e-04 | mse=+0.1649 | ea_dists=+0.5359 | id=+0.4097 | gan_g=+9.2892 | total_gen=+8.1731 | d_real=+0.0011 | d_fake=+0.0683 | gnG=12.87 | gnD=0.25
it   5300/150000 | 3.06 it/s | λ_dis=0.800 | lr=1.0e-04 | mse=+0.1914 | ea_dists=+0.5529 | id=+0.4457 | gan_g=+9.2614 | total_gen=+8.1979 | d_real=+0.0185 | d_fake=+0.0871 | gnG=22.15 | gnD=5.03
it   5350/150000 | 3.12 it/s | λ_dis=0.800 | lr=1.0e-04 | mse=+0.1958 | ea_dists=+0.5506 | id=+0.4111 | gan_g=+9.4743 | total_gen=+8.3670 | d_real=+0.0027 | d_fake=+0.1913 | gnG=21.43 | gnD=4.56
it   5400/150000 | 3.07 it/s | λ_dis=0.800 | lr=1.0e-04 | mse=+0.1906 | ea_dists=+0.5540 | id=+0.4206 | gan_g=+9.3491 | total_gen=+8.2660 | d_real=+0.0129 | d_fake=+0.0547 | gnG=28.78 | gnD=27.01
it   5450/150000 | 3.13 it/s | λ_dis=0.800 | lr=1.0e-04 | mse=+0.2086 | ea_dists=+0.5613 | id=+0.4651 | gan_g=+8.9698 | total_gen=+7.9922 | d_real=+0.0132 | d_fake=+0.4136 | gnG=40.72 | gnD=2.42
it   5500/150000 | 3.07 it/s | λ_dis=0.800 | lr=1.0e-04 | mse=+0.1930 | ea_dists=+0.5606 | id=+0.4121 | gan_g=+8.6208 | total_gen=+7.6914 | d_real=+0.2141 | d_fake=+0.3663 | gnG=47.43 | gnD=6.70
it   5550/150000 | 3.09 it/s | λ_dis=0.800 | lr=1.0e-04 | mse=+0.1690 | ea_dists=+0.5338 | id=+0.4200 | gan_g=+7.4557 | total_gen=+6.7094 | d_real=+0.0658 | d_fake=+0.4814 | gnG=41.71 | gnD=20.25
it   5600/150000 | 3.06 it/s | λ_dis=0.800 | lr=1.0e-04 | mse=+0.1434 | ea_dists=+0.5359 | id=+0.3959 | gan_g=+7.8708 | total_gen=+7.0155 | d_real=+0.1822 | d_fake=+0.1835 | gnG=27.85 | gnD=24.52
it   5650/150000 | 3.11 it/s | λ_dis=0.800 | lr=1.0e-04 | mse=+0.1906 | ea_dists=+0.5572 | id=+0.4216 | gan_g=+8.1382 | total_gen=+7.3005 | d_real=+0.0044 | d_fake=+0.1470 | gnG=33.12 | gnD=0.73
it   5700/150000 | 3.08 it/s | λ_dis=0.800 | lr=1.0e-04 | mse=+0.1703 | ea_dists=+0.5452 | id=+0.4161 | gan_g=+8.9571 | total_gen=+7.9228 | d_real=+0.0150 | d_fake=+0.1014 | gnG=30.50 | gnD=18.13
it   5750/150000 | 3.14 it/s | λ_dis=0.800 | lr=1.0e-04 | mse=+0.1854 | ea_dists=+0.5496 | id=+0.4382 | gan_g=+8.9014 | total_gen=+7.8998 | d_real=+0.0024 | d_fake=+0.1992 | gnG=26.61 | gnD=0.89
it   5800/150000 | 3.08 it/s | λ_dis=0.800 | lr=1.0e-04 | mse=+0.1489 | ea_dists=+0.5327 | id=+0.3921 | gan_g=+9.7708 | total_gen=+8.5375 | d_real=+0.1637 | d_fake=+0.0681 | gnG=41.03 | gnD=11.54
it   5850/150000 | 3.12 it/s | λ_dis=0.800 | lr=1.0e-04 | mse=+0.1680 | ea_dists=+0.5364 | id=+0.4238 | gan_g=+8.5819 | total_gen=+7.6123 | d_real=+0.1133 | d_fake=+0.1971 | gnG=40.81 | gnD=6.98
it   5900/150000 | 3.04 it/s | λ_dis=0.800 | lr=1.0e-04 | mse=+0.1664 | ea_dists=+0.5235 | id=+0.4095 | gan_g=+8.7660 | total_gen=+7.7437 | d_real=+0.0049 | d_fake=+0.3616 | gnG=21.75 | gnD=2.28
it   5950/150000 | 3.09 it/s | λ_dis=0.800 | lr=1.0e-04 | mse=+0.1826 | ea_dists=+0.5408 | id=+0.4218 | gan_g=+8.7743 | total_gen=+7.7851 | d_real=+0.0463 | d_fake=+0.2497 | gnG=29.57 | gnD=14.64
it   6000/150000 | 3.09 it/s | λ_dis=0.800 | lr=1.0e-04 | mse=+0.1696 | ea_dists=+0.5340 | id=+0.4168 | gan_g=+9.2714 | total_gen=+8.1625 | d_real=+0.0056 | d_fake=+0.1826 | gnG=65.42 | gnD=0.92
  [iter 6000] saved sample → /projectnb/cs585/projects/craft/samples_stage2/iter_0006000.png
it   6050/150000 | 2.74 it/s | λ_dis=0.800 | lr=1.0e-04 | mse=+0.1578 | ea_dists=+0.5297 | id=+0.4188 | gan_g=+9.7232 | total_gen=+8.5079 | d_real=+0.0025 | d_fake=+0.0922 | gnG=18.64 | gnD=0.46
it   6100/150000 | 3.08 it/s | λ_dis=0.800 | lr=1.0e-04 | mse=+0.1569 | ea_dists=+0.5294 | id=+0.3973 | gan_g=+9.5914 | total_gen=+8.3991 | d_real=+0.0023 | d_fake=+0.0941 | gnG=28.75 | gnD=0.45
it   6150/150000 | 3.10 it/s | λ_dis=0.800 | lr=1.0e-04 | mse=+0.1488 | ea_dists=+0.5254 | id=+0.4044 | gan_g=+9.6374 | total_gen=+8.4246 | d_real=+0.0215 | d_fake=+0.0529 | gnG=15.94 | gnD=10.25
it   6200/150000 | 3.05 it/s | λ_dis=0.800 | lr=1.0e-04 | mse=+0.1485 | ea_dists=+0.5291 | id=+0.4276 | gan_g=+8.9877 | total_gen=+7.9106 | d_real=+0.1402 | d_fake=+0.1548 | gnG=43.89 | gnD=8.68
it   6250/150000 | 3.13 it/s | λ_dis=0.800 | lr=1.0e-04 | mse=+0.1804 | ea_dists=+0.5441 | id=+0.4517 | gan_g=+8.3265 | total_gen=+7.4309 | d_real=+0.2294 | d_fake=+0.3167 | gnG=81.47 | gnD=18.98
it   6300/150000 | 3.05 it/s | λ_dis=0.800 | lr=1.0e-04 | mse=+0.1620 | ea_dists=+0.5349 | id=+0.4157 | gan_g=+8.3525 | total_gen=+7.4205 | d_real=+0.1054 | d_fake=+0.1907 | gnG=24.30 | gnD=2.97
it   6350/150000 | 3.13 it/s | λ_dis=0.800 | lr=1.0e-04 | mse=+0.1623 | ea_dists=+0.5452 | id=+0.4015 | gan_g=+8.5153 | total_gen=+7.5599 | d_real=+0.1378 | d_fake=+0.3165 | gnG=24.83 | gnD=18.94
it   6400/150000 | 3.06 it/s | λ_dis=0.800 | lr=1.0e-04 | mse=+0.1809 | ea_dists=+0.5330 | id=+0.4202 | gan_g=+8.9786 | total_gen=+7.9389 | d_real=+0.0642 | d_fake=+0.1604 | gnG=25.13 | gnD=4.95
it   6450/150000 | 3.12 it/s | λ_dis=0.800 | lr=1.0e-04 | mse=+0.1759 | ea_dists=+0.5361 | id=+0.4241 | gan_g=+8.9888 | total_gen=+7.9455 | d_real=+0.0049 | d_fake=+0.2527 | gnG=27.50 | gnD=1.18
it   6500/150000 | 3.06 it/s | λ_dis=0.800 | lr=1.0e-04 | mse=+0.1581 | ea_dists=+0.5305 | id=+0.3950 | gan_g=+9.1989 | total_gen=+8.0872 | d_real=+0.0036 | d_fake=+0.1367 | gnG=15.40 | gnD=0.66
it   6550/150000 | 3.11 it/s | λ_dis=0.800 | lr=1.0e-04 | mse=+0.1607 | ea_dists=+0.5338 | id=+0.4003 | gan_g=+8.7473 | total_gen=+7.7323 | d_real=+0.0041 | d_fake=+0.1557 | gnG=28.33 | gnD=0.82
it   6600/150000 | 3.09 it/s | λ_dis=0.800 | lr=1.0e-04 | mse=+0.1840 | ea_dists=+0.5307 | id=+0.3940 | gan_g=+9.0183 | total_gen=+7.9688 | d_real=+0.0782 | d_fake=+0.2320 | gnG=37.95 | gnD=13.97
it   6650/150000 | 3.12 it/s | λ_dis=0.800 | lr=1.0e-04 | mse=+0.1858 | ea_dists=+0.5464 | id=+0.4428 | gan_g=+9.2583 | total_gen=+8.1831 | d_real=+0.0231 | d_fake=+0.3567 | gnG=91.66 | gnD=7.71
it   6700/150000 | 3.06 it/s | λ_dis=0.800 | lr=1.0e-04 | mse=+0.1755 | ea_dists=+0.5351 | id=+0.3947 | gan_g=+9.1177 | total_gen=+8.0442 | d_real=+0.1262 | d_fake=+0.3112 | gnG=58.93 | gnD=21.37
it   6750/150000 | 3.13 it/s | λ_dis=0.800 | lr=1.0e-04 | mse=+0.1821 | ea_dists=+0.5467 | id=+0.4053 | gan_g=+9.2465 | total_gen=+8.1665 | d_real=+0.0076 | d_fake=+0.2321 | gnG=79.85 | gnD=2.41
it   6800/150000 | 3.07 it/s | λ_dis=0.800 | lr=1.0e-04 | mse=+0.1599 | ea_dists=+0.5381 | id=+0.4368 | gan_g=+9.1605 | total_gen=+8.0701 | d_real=+0.0077 | d_fake=+0.1783 | gnG=57.48 | gnD=1.30
it   6850/150000 | 3.10 it/s | λ_dis=0.800 | lr=1.0e-04 | mse=+0.1849 | ea_dists=+0.5596 | id=+0.4109 | gan_g=+8.8119 | total_gen=+7.8352 | d_real=+0.0489 | d_fake=+0.3943 | gnG=49.41 | gnD=8.34
it   6900/150000 | 3.05 it/s | λ_dis=0.800 | lr=1.0e-04 | mse=+0.1625 | ea_dists=+0.5312 | id=+0.3790 | gan_g=+8.9421 | total_gen=+7.8853 | d_real=+0.1693 | d_fake=+0.2922 | gnG=67.85 | gnD=20.79
it   6950/150000 | 3.10 it/s | λ_dis=0.800 | lr=1.0e-04 | mse=+0.1513 | ea_dists=+0.5420 | id=+0.4382 | gan_g=+8.0228 | total_gen=+7.1553 | d_real=+0.2084 | d_fake=+0.1863 | gnG=69.68 | gnD=3.31
it   7000/150000 | 2.98 it/s | λ_dis=0.800 | lr=1.0e-04 | mse=+0.1703 | ea_dists=+0.5447 | id=+0.4206 | gan_g=+8.1732 | total_gen=+7.2956 | d_real=+0.0160 | d_fake=+0.2451 | gnG=51.63 | gnD=6.15
it   7050/150000 | 3.02 it/s | λ_dis=0.800 | lr=1.0e-04 | mse=+0.1738 | ea_dists=+0.5454 | id=+0.4311 | gan_g=+9.0502 | total_gen=+8.0025 | d_real=+0.0654 | d_fake=+0.0570 | gnG=75.42 | gnD=10.23
it   7100/150000 | 2.99 it/s | λ_dis=0.800 | lr=1.0e-04 | mse=+0.1725 | ea_dists=+0.5391 | id=+0.4147 | gan_g=+9.1704 | total_gen=+8.0894 | d_real=+0.1379 | d_fake=+0.0709 | gnG=24.54 | gnD=26.31
it   7150/150000 | 3.06 it/s | λ_dis=0.800 | lr=1.0e-04 | mse=+0.1627 | ea_dists=+0.5433 | id=+0.4370 | gan_g=+8.6981 | total_gen=+7.7082 | d_real=+0.1484 | d_fake=+0.4076 | gnG=37.93 | gnD=19.74
it   7200/150000 | 2.99 it/s | λ_dis=0.800 | lr=1.0e-04 | mse=+0.1639 | ea_dists=+0.5475 | id=+0.4490 | gan_g=+8.7461 | total_gen=+7.7532 | d_real=+0.0930 | d_fake=+0.1291 | gnG=81.91 | gnD=10.44
it   7250/150000 | 2.99 it/s | λ_dis=0.800 | lr=1.0e-04 | mse=+0.1955 | ea_dists=+0.5480 | id=+0.4591 | gan_g=+8.4593 | total_gen=+7.5569 | d_real=+0.3157 | d_fake=+0.1734 | gnG=47.61 | gnD=16.63
it   7300/150000 | 2.93 it/s | λ_dis=0.800 | lr=1.0e-04 | mse=+0.1619 | ea_dists=+0.5448 | id=+0.4261 | gan_g=+8.8970 | total_gen=+7.8669 | d_real=+0.2489 | d_fake=+0.1571 | gnG=50.17 | gnD=5.19
it   7350/150000 | 2.98 it/s | λ_dis=0.800 | lr=1.0e-04 | mse=+0.1633 | ea_dists=+0.5381 | id=+0.3975 | gan_g=+8.2858 | total_gen=+7.3698 | d_real=+0.0031 | d_fake=+0.0959 | gnG=27.52 | gnD=0.57
it   7400/150000 | 2.92 it/s | λ_dis=0.800 | lr=1.0e-04 | mse=+0.1579 | ea_dists=+0.5282 | id=+0.4054 | gan_g=+8.8814 | total_gen=+7.8317 | d_real=+0.0418 | d_fake=+0.0003 | gnG=36.58 | gnD=1.96
it   7450/150000 | 2.98 it/s | λ_dis=0.800 | lr=1.0e-04 | mse=+0.1528 | ea_dists=+0.5306 | id=+0.4159 | gan_g=+8.5706 | total_gen=+7.5815 | d_real=+0.3342 | d_fake=+0.2870 | gnG=24.45 | gnD=10.72
it   7500/150000 | 2.90 it/s | λ_dis=0.800 | lr=1.0e-04 | mse=+0.1594 | ea_dists=+0.5415 | id=+0.4140 | gan_g=+8.0933 | total_gen=+7.2169 | d_real=+0.2453 | d_fake=+0.1307 | gnG=61.26 | gnD=14.86
it   7550/150000 | 3.01 it/s | λ_dis=0.800 | lr=1.0e-04 | mse=+0.1761 | ea_dists=+0.5472 | id=+0.4223 | gan_g=+8.0644 | total_gen=+7.2171 | d_real=+0.1565 | d_fake=+0.2727 | gnG=86.44 | gnD=70.12
it   7600/150000 | 3.00 it/s | λ_dis=0.800 | lr=1.0e-04 | mse=+0.1729 | ea_dists=+0.5539 | id=+0.4572 | gan_g=+8.4817 | total_gen=+7.5579 | d_real=+0.0260 | d_fake=+0.2333 | gnG=61.15 | gnD=13.56
it   7650/150000 | 3.08 it/s | λ_dis=0.800 | lr=1.0e-04 | mse=+0.1818 | ea_dists=+0.5422 | id=+0.4303 | gan_g=+8.5602 | total_gen=+7.6152 | d_real=+0.0229 | d_fake=+0.3370 | gnG=83.00 | gnD=3.58
it   7700/150000 | 3.10 it/s | λ_dis=0.800 | lr=1.0e-04 | mse=+0.1716 | ea_dists=+0.5320 | id=+0.4416 | gan_g=+9.0824 | total_gen=+8.0137 | d_real=+0.1273 | d_fake=+0.1742 | gnG=51.70 | gnD=13.48
it   7750/150000 | 3.14 it/s | λ_dis=0.800 | lr=1.0e-04 | mse=+0.1649 | ea_dists=+0.5384 | id=+0.4192 | gan_g=+8.5081 | total_gen=+7.5517 | d_real=+0.0936 | d_fake=+0.2465 | gnG=46.88 | gnD=5.42
it   7800/150000 | 3.09 it/s | λ_dis=0.800 | lr=1.0e-04 | mse=+0.1719 | ea_dists=+0.5451 | id=+0.4392 | gan_g=+8.6497 | total_gen=+7.6807 | d_real=+0.0055 | d_fake=+0.2426 | gnG=46.29 | gnD=2.02
it   7850/150000 | 3.14 it/s | λ_dis=0.800 | lr=1.0e-04 | mse=+0.1881 | ea_dists=+0.5460 | id=+0.4452 | gan_g=+9.1697 | total_gen=+8.1143 | d_real=+0.0664 | d_fake=+0.1937 | gnG=51.16 | gnD=19.07
it   7900/150000 | 3.09 it/s | λ_dis=0.800 | lr=1.0e-04 | mse=+0.2178 | ea_dists=+0.5431 | id=+0.4056 | gan_g=+9.1417 | total_gen=+8.1149 | d_real=+0.0062 | d_fake=+0.1886 | gnG=30.70 | gnD=1.85
it   7950/150000 | 3.10 it/s | λ_dis=0.800 | lr=1.0e-04 | mse=+0.1899 | ea_dists=+0.5474 | id=+0.4419 | gan_g=+8.8270 | total_gen=+7.8432 | d_real=+0.1057 | d_fake=+0.3633 | gnG=78.26 | gnD=50.63
it   8000/150000 | 3.05 it/s | λ_dis=0.800 | lr=1.0e-04 | mse=+0.2030 | ea_dists=+0.5455 | id=+0.4619 | gan_g=+9.1487 | total_gen=+8.1136 | d_real=+0.2279 | d_fake=+0.2756 | gnG=93.79 | gnD=15.00
  [iter 8000] saved sample → /projectnb/cs585/projects/craft/samples_stage2/iter_0008000.png
it   8050/150000 | 2.74 it/s | λ_dis=0.800 | lr=1.0e-04 | mse=+0.1989 | ea_dists=+0.5388 | id=+0.4210 | gan_g=+8.4135 | total_gen=+7.5107 | d_real=+0.1566 | d_fake=+0.0890 | gnG=52.56 | gnD=17.12
it   8100/150000 | 3.11 it/s | λ_dis=0.800 | lr=9.9e-05 | mse=+0.1818 | ea_dists=+0.5444 | id=+0.4385 | gan_g=+8.7503 | total_gen=+7.7703 | d_real=+0.1745 | d_fake=+0.2871 | gnG=70.63 | gnD=24.94
it   8150/150000 | 3.13 it/s | λ_dis=0.800 | lr=9.9e-05 | mse=+0.1898 | ea_dists=+0.5639 | id=+0.4367 | gan_g=+8.7977 | total_gen=+7.8355 | d_real=+0.0084 | d_fake=+0.3142 | gnG=117.28 | gnD=1.75
it   8200/150000 | 3.09 it/s | λ_dis=0.800 | lr=9.9e-05 | mse=+0.1844 | ea_dists=+0.5363 | id=+0.4455 | gan_g=+8.3816 | total_gen=+7.4704 | d_real=+0.0596 | d_fake=+0.4645 | gnG=52.10 | gnD=32.69
it   8250/150000 | 3.11 it/s | λ_dis=0.800 | lr=9.9e-05 | mse=+0.1588 | ea_dists=+0.5307 | id=+0.3804 | gan_g=+8.7565 | total_gen=+7.7328 | d_real=+0.0831 | d_fake=+0.2697 | gnG=35.34 | gnD=18.11
it   8300/150000 | 3.12 it/s | λ_dis=0.800 | lr=9.9e-05 | mse=+0.2188 | ea_dists=+0.5547 | id=+0.4150 | gan_g=+9.0062 | total_gen=+8.0199 | d_real=+0.2152 | d_fake=+0.2762 | gnG=171.57 | gnD=14.67
it   8350/150000 | 3.05 it/s | λ_dis=0.800 | lr=9.9e-05 | mse=+0.1831 | ea_dists=+0.5377 | id=+0.4189 | gan_g=+8.9908 | total_gen=+7.9553 | d_real=+0.1177 | d_fake=+0.1671 | gnG=71.86 | gnD=14.18
it   8400/150000 | 3.02 it/s | λ_dis=0.800 | lr=9.9e-05 | mse=+0.1779 | ea_dists=+0.5295 | id=+0.3988 | gan_g=+8.4552 | total_gen=+7.5115 | d_real=+0.0256 | d_fake=+0.4424 | gnG=158.21 | gnD=30.32
it   8450/150000 | 3.10 it/s | λ_dis=0.800 | lr=9.9e-05 | mse=+0.1662 | ea_dists=+0.5279 | id=+0.4278 | gan_g=+8.5850 | total_gen=+7.6049 | d_real=+0.0156 | d_fake=+0.3228 | gnG=89.27 | gnD=2.86
it   8500/150000 | 3.09 it/s | λ_dis=0.800 | lr=9.9e-05 | mse=+0.1661 | ea_dists=+0.5336 | id=+0.4285 | gan_g=+8.6846 | total_gen=+7.6903 | d_real=+0.0636 | d_fake=+0.2554 | gnG=59.91 | gnD=18.40
it   8550/150000 | 3.03 it/s | λ_dis=0.800 | lr=9.9e-05 | mse=+0.1644 | ea_dists=+0.5329 | id=+0.4054 | gan_g=+8.9361 | total_gen=+7.8867 | d_real=+0.1531 | d_fake=+0.2377 | gnG=52.15 | gnD=15.34
it   8600/150000 | 3.10 it/s | λ_dis=0.800 | lr=9.9e-05 | mse=+0.1855 | ea_dists=+0.5386 | id=+0.4456 | gan_g=+9.1502 | total_gen=+8.0889 | d_real=+0.0082 | d_fake=+0.1481 | gnG=48.58 | gnD=3.72
it   8650/150000 | 3.05 it/s | λ_dis=0.800 | lr=9.9e-05 | mse=+0.2241 | ea_dists=+0.5485 | id=+0.4440 | gan_g=+8.9244 | total_gen=+7.9565 | d_real=+0.1448 | d_fake=+0.2562 | gnG=131.97 | gnD=6.99
it   8700/150000 | 3.12 it/s | λ_dis=0.800 | lr=9.9e-05 | mse=+0.1942 | ea_dists=+0.5359 | id=+0.3872 | gan_g=+8.8719 | total_gen=+7.8664 | d_real=+0.0630 | d_fake=+0.2552 | gnG=46.76 | gnD=2.30
it   8750/150000 | 3.06 it/s | λ_dis=0.800 | lr=9.9e-05 | mse=+0.1926 | ea_dists=+0.5352 | id=+0.4292 | gan_g=+8.6210 | total_gen=+7.6676 | d_real=+0.0877 | d_fake=+0.2682 | gnG=74.39 | gnD=8.92
it   8800/150000 | 3.08 it/s | λ_dis=0.800 | lr=9.9e-05 | mse=+0.1971 | ea_dists=+0.5361 | id=+0.4500 | gan_g=+8.4897 | total_gen=+7.5699 | d_real=+0.0631 | d_fake=+0.2702 | gnG=36.24 | gnD=6.37
it   8850/150000 | 3.09 it/s | λ_dis=0.800 | lr=9.9e-05 | mse=+0.1856 | ea_dists=+0.5442 | id=+0.4199 | gan_g=+9.2812 | total_gen=+8.1968 | d_real=+0.1007 | d_fake=+0.3208 | gnG=26.70 | gnD=9.36
it   8900/150000 | 3.13 it/s | λ_dis=0.800 | lr=9.9e-05 | mse=+0.2011 | ea_dists=+0.5339 | id=+0.4275 | gan_g=+9.1817 | total_gen=+8.1231 | d_real=+0.1983 | d_fake=+0.2982 | gnG=27.35 | gnD=23.66
it   8950/150000 | 3.09 it/s | λ_dis=0.800 | lr=9.9e-05 | mse=+0.1959 | ea_dists=+0.5373 | id=+0.4305 | gan_g=+8.8602 | total_gen=+7.8645 | d_real=+0.0204 | d_fake=+0.4332 | gnG=39.38 | gnD=7.54
it   9000/150000 | 3.14 it/s | λ_dis=0.800 | lr=9.9e-05 | mse=+0.2030 | ea_dists=+0.5381 | id=+0.4373 | gan_g=+8.9957 | total_gen=+7.9814 | d_real=+0.1076 | d_fake=+0.2635 | gnG=51.00 | gnD=4.77
it   9050/150000 | 3.07 it/s | λ_dis=0.800 | lr=9.9e-05 | mse=+0.1738 | ea_dists=+0.5367 | id=+0.4202 | gan_g=+9.0465 | total_gen=+7.9897 | d_real=+0.0701 | d_fake=+0.2700 | gnG=46.44 | gnD=2.73
it   9100/150000 | 3.15 it/s | λ_dis=0.800 | lr=9.9e-05 | mse=+0.1881 | ea_dists=+0.5248 | id=+0.4039 | gan_g=+8.6874 | total_gen=+7.7031 | d_real=+0.0571 | d_fake=+0.4089 | gnG=72.81 | gnD=6.66
it   9150/150000 | 3.10 it/s | λ_dis=0.800 | lr=9.9e-05 | mse=+0.2146 | ea_dists=+0.5367 | id=+0.4486 | gan_g=+9.0672 | total_gen=+8.0499 | d_real=+0.0205 | d_fake=+0.3892 | gnG=82.25 | gnD=5.07
it   9200/150000 | 3.14 it/s | λ_dis=0.800 | lr=9.9e-05 | mse=+0.1850 | ea_dists=+0.5249 | id=+0.4110 | gan_g=+9.1090 | total_gen=+8.0382 | d_real=+0.0149 | d_fake=+0.1594 | gnG=50.69 | gnD=4.79
it   9250/150000 | 3.11 it/s | λ_dis=0.800 | lr=9.9e-05 | mse=+0.1867 | ea_dists=+0.5364 | id=+0.4539 | gan_g=+9.6551 | total_gen=+8.4926 | d_real=+0.0632 | d_fake=+0.2571 | gnG=31.47 | gnD=12.37
it   9300/150000 | 3.16 it/s | λ_dis=0.800 | lr=9.9e-05 | mse=+0.1923 | ea_dists=+0.5349 | id=+0.4554 | gan_g=+9.8780 | total_gen=+8.6752 | d_real=+0.0504 | d_fake=+0.2686 | gnG=33.27 | gnD=14.24
it   9350/150000 | 3.07 it/s | λ_dis=0.800 | lr=9.9e-05 | mse=+0.1751 | ea_dists=+0.5277 | id=+0.4146 | gan_g=+9.9833 | total_gen=+8.7309 | d_real=+0.2874 | d_fake=+0.1861 | gnG=32.20 | gnD=21.78
it   9400/150000 | 3.12 it/s | λ_dis=0.800 | lr=9.9e-05 | mse=+0.1787 | ea_dists=+0.5301 | id=+0.4092 | gan_g=+9.5268 | total_gen=+8.3711 | d_real=+0.0193 | d_fake=+0.3089 | gnG=126.31 | gnD=8.99
it   9450/150000 | 3.06 it/s | λ_dis=0.800 | lr=9.9e-05 | mse=+0.1918 | ea_dists=+0.5366 | id=+0.4445 | gan_g=+9.3006 | total_gen=+8.2134 | d_real=+0.0079 | d_fake=+0.2373 | gnG=52.58 | gnD=8.26
it   9500/150000 | 3.09 it/s | λ_dis=0.800 | lr=9.9e-05 | mse=+0.1888 | ea_dists=+0.5383 | id=+0.4256 | gan_g=+9.8679 | total_gen=+8.6640 | d_real=+0.1810 | d_fake=+0.1772 | gnG=85.37 | gnD=19.00
it   9550/150000 | 3.05 it/s | λ_dis=0.800 | lr=9.9e-05 | mse=+0.2029 | ea_dists=+0.5391 | id=+0.4195 | gan_g=+8.8134 | total_gen=+7.8347 | d_real=+0.0046 | d_fake=+0.4555 | gnG=40.61 | gnD=2.25
it   9600/150000 | 3.11 it/s | λ_dis=0.800 | lr=9.9e-05 | mse=+0.2120 | ea_dists=+0.5399 | id=+0.4321 | gan_g=+8.7800 | total_gen=+7.8191 | d_real=+0.0047 | d_fake=+0.1826 | gnG=91.04 | gnD=6.70
it   9650/150000 | 3.07 it/s | λ_dis=0.800 | lr=9.9e-05 | mse=+0.1881 | ea_dists=+0.5264 | id=+0.4242 | gan_g=+9.2650 | total_gen=+8.1689 | d_real=+0.1335 | d_fake=+0.2411 | gnG=96.37 | gnD=2.46
it   9700/150000 | 3.11 it/s | λ_dis=0.800 | lr=9.9e-05 | mse=+0.1831 | ea_dists=+0.5232 | id=+0.4368 | gan_g=+7.4209 | total_gen=+6.6867 | d_real=+0.5053 | d_fake=+0.4449 | gnG=58.72 | gnD=16.59
it   9750/150000 | 3.08 it/s | λ_dis=0.800 | lr=9.9e-05 | mse=+0.1808 | ea_dists=+0.5299 | id=+0.4246 | gan_g=+7.7381 | total_gen=+6.9436 | d_real=+0.2376 | d_fake=+0.1375 | gnG=51.30 | gnD=31.46
it   9800/150000 | 3.14 it/s | λ_dis=0.800 | lr=9.9e-05 | mse=+0.1996 | ea_dists=+0.5352 | id=+0.4278 | gan_g=+8.5774 | total_gen=+7.6396 | d_real=+0.1114 | d_fake=+0.1952 | gnG=27.05 | gnD=47.83
it   9850/150000 | 3.07 it/s | λ_dis=0.800 | lr=9.9e-05 | mse=+0.2302 | ea_dists=+0.5418 | id=+0.4250 | gan_g=+8.9538 | total_gen=+7.9777 | d_real=+0.1633 | d_fake=+0.1710 | gnG=59.92 | gnD=25.26
it   9900/150000 | 3.12 it/s | λ_dis=0.800 | lr=9.9e-05 | mse=+0.1787 | ea_dists=+0.5360 | id=+0.4203 | gan_g=+8.1564 | total_gen=+7.2819 | d_real=+0.2543 | d_fake=+0.2100 | gnG=59.84 | gnD=12.54
it   9950/150000 | 3.11 it/s | λ_dis=0.800 | lr=9.9e-05 | mse=+0.2021 | ea_dists=+0.5312 | id=+0.4247 | gan_g=+6.6286 | total_gen=+6.0787 | d_real=+0.2738 | d_fake=+0.2432 | gnG=52.21 | gnD=10.02
it  10000/150000 | 3.12 it/s | λ_dis=0.800 | lr=9.9e-05 | mse=+0.2051 | ea_dists=+0.5360 | id=+0.4697 | gan_g=+7.9176 | total_gen=+7.1221 | d_real=+0.0350 | d_fake=+0.3519 | gnG=25.81 | gnD=10.58
  [iter 10000] saved sample → /projectnb/cs585/projects/craft/samples_stage2/iter_0010000.png
  [iter 10000] saved ckpt → /projectnb/cs585/projects/craft/checkpoints_stage2/iter_0010000.pt
it  10050/150000 | 2.69 it/s | λ_dis=0.800 | lr=9.9e-05 | mse=+0.1902 | ea_dists=+0.5329 | id=+0.4553 | gan_g=+7.8698 | total_gen=+7.0645 | d_real=+0.0160 | d_fake=+0.4563 | gnG=44.44 | gnD=4.46
it  10100/150000 | 3.14 it/s | λ_dis=0.800 | lr=9.9e-05 | mse=+0.1887 | ea_dists=+0.5485 | id=+0.4532 | gan_g=+8.2520 | total_gen=+7.3841 | d_real=+0.0483 | d_fake=+0.3093 | gnG=89.23 | gnD=31.01
it  10150/150000 | 3.09 it/s | λ_dis=0.800 | lr=9.9e-05 | mse=+0.1977 | ea_dists=+0.5409 | id=+0.4725 | gan_g=+9.4860 | total_gen=+8.3746 | d_real=+0.1186 | d_fake=+0.0828 | gnG=25.39 | gnD=8.41
it  10200/150000 | 3.12 it/s | λ_dis=0.800 | lr=9.9e-05 | mse=+0.1932 | ea_dists=+0.5262 | id=+0.4726 | gan_g=+8.3385 | total_gen=+7.4375 | d_real=+0.0128 | d_fake=+0.2642 | gnG=54.05 | gnD=3.37
it  10250/150000 | 3.06 it/s | λ_dis=0.800 | lr=9.9e-05 | mse=+0.1814 | ea_dists=+0.5384 | id=+0.4754 | gan_g=+8.3996 | total_gen=+7.4870 | d_real=+0.1548 | d_fake=+0.4128 | gnG=73.28 | gnD=10.50
it  10300/150000 | 3.10 it/s | λ_dis=0.800 | lr=9.9e-05 | mse=+0.1714 | ea_dists=+0.5366 | id=+0.4716 | gan_g=+8.2572 | total_gen=+7.3609 | d_real=+0.1980 | d_fake=+0.3743 | gnG=108.33 | gnD=19.10
it  10350/150000 | 3.07 it/s | λ_dis=0.800 | lr=9.9e-05 | mse=+0.1829 | ea_dists=+0.5342 | id=+0.4912 | gan_g=+8.5113 | total_gen=+7.5752 | d_real=+0.0290 | d_fake=+0.2030 | gnG=36.99 | gnD=5.69
it  10400/150000 | 3.10 it/s | λ_dis=0.800 | lr=9.9e-05 | mse=+0.2230 | ea_dists=+0.5389 | id=+0.4720 | gan_g=+8.3583 | total_gen=+7.4958 | d_real=+0.0605 | d_fake=+0.2456 | gnG=96.22 | gnD=2.63
it  10450/150000 | 3.08 it/s | λ_dis=0.800 | lr=9.9e-05 | mse=+0.1942 | ea_dists=+0.5312 | id=+0.4573 | gan_g=+8.6258 | total_gen=+7.6718 | d_real=+0.1024 | d_fake=+0.2688 | gnG=57.65 | gnD=24.27
it  10500/150000 | 3.09 it/s | λ_dis=0.800 | lr=9.9e-05 | mse=+0.2107 | ea_dists=+0.5415 | id=+0.5119 | gan_g=+8.7588 | total_gen=+7.8104 | d_real=+0.1695 | d_fake=+0.4251 | gnG=76.88 | gnD=11.92
it  10550/150000 | 3.06 it/s | λ_dis=0.800 | lr=9.9e-05 | mse=+0.2164 | ea_dists=+0.5407 | id=+0.4745 | gan_g=+8.7415 | total_gen=+7.7977 | d_real=+0.0443 | d_fake=+0.3304 | gnG=29.71 | gnD=4.23
it  10600/150000 | 3.11 it/s | λ_dis=0.800 | lr=9.9e-05 | mse=+0.1810 | ea_dists=+0.5342 | id=+0.4887 | gan_g=+9.1120 | total_gen=+8.0537 | d_real=+0.0070 | d_fake=+0.1801 | gnG=31.73 | gnD=1.08
it  10650/150000 | 3.05 it/s | λ_dis=0.800 | lr=9.9e-05 | mse=+0.1986 | ea_dists=+0.5417 | id=+0.4795 | gan_g=+9.0668 | total_gen=+8.0417 | d_real=+0.1200 | d_fake=+0.5329 | gnG=96.83 | gnD=8.92
it  10700/150000 | 3.10 it/s | λ_dis=0.800 | lr=9.9e-05 | mse=+0.1748 | ea_dists=+0.5403 | id=+0.4715 | gan_g=+8.6025 | total_gen=+7.6443 | d_real=+0.1676 | d_fake=+0.3038 | gnG=61.64 | gnD=24.12
it  10750/150000 | 3.07 it/s | λ_dis=0.800 | lr=9.9e-05 | mse=+0.2024 | ea_dists=+0.5365 | id=+0.4839 | gan_g=+8.7136 | total_gen=+7.7581 | d_real=+0.0060 | d_fake=+0.1980 | gnG=48.33 | gnD=1.33
it  10800/150000 | 3.13 it/s | λ_dis=0.800 | lr=9.9e-05 | mse=+0.1792 | ea_dists=+0.5321 | id=+0.5005 | gan_g=+9.0871 | total_gen=+8.0311 | d_real=+0.0707 | d_fake=+0.3012 | gnG=35.27 | gnD=12.71
it  10850/150000 | 3.12 it/s | λ_dis=0.800 | lr=9.9e-05 | mse=+0.1621 | ea_dists=+0.5231 | id=+0.4824 | gan_g=+8.4885 | total_gen=+7.5243 | d_real=+0.0641 | d_fake=+0.5561 | gnG=81.93 | gnD=5.88
it  10900/150000 | 3.15 it/s | λ_dis=0.800 | lr=9.9e-05 | mse=+0.1680 | ea_dists=+0.5277 | id=+0.4857 | gan_g=+9.3445 | total_gen=+8.2198 | d_real=+0.1250 | d_fake=+0.1233 | gnG=44.70 | gnD=11.94
it  10950/150000 | 3.10 it/s | λ_dis=0.800 | lr=9.9e-05 | mse=+0.1849 | ea_dists=+0.5262 | id=+0.4670 | gan_g=+9.4491 | total_gen=+8.3171 | d_real=+0.0049 | d_fake=+0.1628 | gnG=12.46 | gnD=1.21
it  11000/150000 | 3.14 it/s | λ_dis=0.800 | lr=9.9e-05 | mse=+0.1589 | ea_dists=+0.5211 | id=+0.4532 | gan_g=+9.0598 | total_gen=+7.9731 | d_real=+0.0038 | d_fake=+0.2349 | gnG=25.25 | gnD=1.10
it  11050/150000 | 3.11 it/s | λ_dis=0.800 | lr=9.9e-05 | mse=+0.1724 | ea_dists=+0.5248 | id=+0.4556 | gan_g=+9.0890 | total_gen=+8.0140 | d_real=+0.0653 | d_fake=+0.2837 | gnG=104.66 | gnD=9.88
it  11100/150000 | 3.15 it/s | λ_dis=0.800 | lr=9.9e-05 | mse=+0.1723 | ea_dists=+0.5293 | id=+0.4745 | gan_g=+9.3266 | total_gen=+8.2103 | d_real=+0.0126 | d_fake=+0.3146 | gnG=66.65 | gnD=7.32
it  11150/150000 | 3.10 it/s | λ_dis=0.800 | lr=9.9e-05 | mse=+0.1666 | ea_dists=+0.5198 | id=+0.4633 | gan_g=+9.7229 | total_gen=+8.5111 | d_real=+0.0123 | d_fake=+0.4205 | gnG=42.58 | gnD=2.70
it  11200/150000 | 3.12 it/s | λ_dis=0.800 | lr=9.9e-05 | mse=+0.1875 | ea_dists=+0.5325 | id=+0.4433 | gan_g=+9.2611 | total_gen=+8.1732 | d_real=+0.1426 | d_fake=+0.2259 | gnG=61.10 | gnD=56.61
it  11250/150000 | 3.11 it/s | λ_dis=0.800 | lr=9.9e-05 | mse=+0.1754 | ea_dists=+0.5303 | id=+0.4750 | gan_g=+9.3798 | total_gen=+8.2571 | d_real=+0.2729 | d_fake=+0.2998 | gnG=66.41 | gnD=22.35
it  11300/150000 | 3.14 it/s | λ_dis=0.800 | lr=9.9e-05 | mse=+0.1635 | ea_dists=+0.5235 | id=+0.4686 | gan_g=+9.2775 | total_gen=+8.1559 | d_real=+0.0321 | d_fake=+0.1913 | gnG=34.65 | gnD=32.35
it  11350/150000 | 3.10 it/s | λ_dis=0.800 | lr=9.9e-05 | mse=+0.1716 | ea_dists=+0.5310 | id=+0.4896 | gan_g=+9.2301 | total_gen=+8.1356 | d_real=+0.5902 | d_fake=+0.2288 | gnG=116.87 | gnD=23.42
it  11400/150000 | 3.12 it/s | λ_dis=0.800 | lr=9.9e-05 | mse=+0.1711 | ea_dists=+0.5217 | id=+0.4330 | gan_g=+7.9344 | total_gen=+7.0836 | d_real=+0.2515 | d_fake=+0.3819 | gnG=37.10 | gnD=32.50
it  11450/150000 | 3.08 it/s | λ_dis=0.800 | lr=9.9e-05 | mse=+0.1921 | ea_dists=+0.5351 | id=+0.4834 | gan_g=+8.3615 | total_gen=+7.4648 | d_real=+0.0946 | d_fake=+0.1843 | gnG=20.89 | gnD=4.00
it  11500/150000 | 3.14 it/s | λ_dis=0.800 | lr=9.9e-05 | mse=+0.1745 | ea_dists=+0.5300 | id=+0.4499 | gan_g=+8.0218 | total_gen=+7.1669 | d_real=+0.0720 | d_fake=+0.2444 | gnG=137.71 | gnD=2.60
it  11550/150000 | 3.09 it/s | λ_dis=0.800 | lr=9.9e-05 | mse=+0.1947 | ea_dists=+0.5299 | id=+0.4774 | gan_g=+9.3234 | total_gen=+8.2310 | d_real=+0.0384 | d_fake=+0.1563 | gnG=46.78 | gnD=13.13
it  11600/150000 | 3.16 it/s | λ_dis=0.800 | lr=9.9e-05 | mse=+0.1919 | ea_dists=+0.5271 | id=+0.4634 | gan_g=+9.1461 | total_gen=+8.0823 | d_real=+0.2070 | d_fake=+0.3567 | gnG=81.91 | gnD=14.54
it  11650/150000 | 3.09 it/s | λ_dis=0.800 | lr=9.9e-05 | mse=+0.1851 | ea_dists=+0.5434 | id=+0.4770 | gan_g=+8.4161 | total_gen=+7.5091 | d_real=+0.0490 | d_fake=+0.3275 | gnG=182.77 | gnD=3.76
it  11700/150000 | 3.07 it/s | λ_dis=0.800 | lr=9.9e-05 | mse=+0.1972 | ea_dists=+0.5383 | id=+0.4882 | gan_g=+9.2761 | total_gen=+8.2053 | d_real=+0.0221 | d_fake=+0.2887 | gnG=64.11 | gnD=8.11
it  11750/150000 | 3.07 it/s | λ_dis=0.800 | lr=9.9e-05 | mse=+0.1927 | ea_dists=+0.5308 | id=+0.4869 | gan_g=+9.7526 | total_gen=+8.5742 | d_real=+0.0220 | d_fake=+0.2724 | gnG=83.60 | gnD=9.91
it  11800/150000 | 3.10 it/s | λ_dis=0.800 | lr=9.9e-05 | mse=+0.1783 | ea_dists=+0.5339 | id=+0.4916 | gan_g=+8.9710 | total_gen=+7.9382 | d_real=+0.0500 | d_fake=+0.3281 | gnG=83.30 | gnD=8.59
it  11850/150000 | 3.05 it/s | λ_dis=0.800 | lr=9.9e-05 | mse=+0.1757 | ea_dists=+0.5312 | id=+0.4634 | gan_g=+8.7594 | total_gen=+7.7608 | d_real=+0.4680 | d_fake=+0.3539 | gnG=33.34 | gnD=20.53
it  11900/150000 | 3.16 it/s | λ_dis=0.800 | lr=9.9e-05 | mse=+0.2025 | ea_dists=+0.5348 | id=+0.4950 | gan_g=+7.4187 | total_gen=+6.7218 | d_real=+0.2188 | d_fake=+0.3144 | gnG=47.62 | gnD=11.90
it  11950/150000 | 3.11 it/s | λ_dis=0.800 | lr=9.9e-05 | mse=+0.1595 | ea_dists=+0.5211 | id=+0.4660 | gan_g=+8.2765 | total_gen=+7.3483 | d_real=+0.0976 | d_fake=+0.1144 | gnG=32.55 | gnD=2.67
it  12000/150000 | 3.16 it/s | λ_dis=0.800 | lr=9.9e-05 | mse=+0.1593 | ea_dists=+0.5218 | id=+0.4470 | gan_g=+8.6724 | total_gen=+7.6638 | d_real=+0.1823 | d_fake=+0.2830 | gnG=49.36 | gnD=23.30
  [iter 12000] saved sample → /projectnb/cs585/projects/craft/samples_stage2/iter_0012000.png
it  12050/150000 | 2.75 it/s | λ_dis=0.800 | lr=9.9e-05 | mse=+0.1791 | ea_dists=+0.5393 | id=+0.4507 | gan_g=+8.6444 | total_gen=+7.6790 | d_real=+0.0749 | d_fake=+0.2034 | gnG=49.60 | gnD=18.43
it  12100/150000 | 3.11 it/s | λ_dis=0.800 | lr=9.9e-05 | mse=+0.1997 | ea_dists=+0.5361 | id=+0.4304 | gan_g=+9.0425 | total_gen=+8.0129 | d_real=+0.0120 | d_fake=+0.2242 | gnG=51.06 | gnD=6.08
it  12150/150000 | 3.12 it/s | λ_dis=0.800 | lr=9.9e-05 | mse=+0.2052 | ea_dists=+0.5376 | id=+0.4527 | gan_g=+9.2972 | total_gen=+8.2259 | d_real=+0.1295 | d_fake=+0.2842 | gnG=69.11 | gnD=6.82
it  12200/150000 | 3.16 it/s | λ_dis=0.800 | lr=9.9e-05 | mse=+0.1848 | ea_dists=+0.5255 | id=+0.4738 | gan_g=+9.2292 | total_gen=+8.1410 | d_real=+0.1152 | d_fake=+0.2306 | gnG=127.77 | gnD=17.03
it  12250/150000 | 3.15 it/s | λ_dis=0.800 | lr=9.9e-05 | mse=+0.1725 | ea_dists=+0.5276 | id=+0.4754 | gan_g=+8.0764 | total_gen=+7.2087 | d_real=+0.1467 | d_fake=+0.6229 | gnG=116.01 | gnD=20.81
it  12300/150000 | 3.11 it/s | λ_dis=0.800 | lr=9.9e-05 | mse=+0.1731 | ea_dists=+0.5179 | id=+0.4531 | gan_g=+8.9725 | total_gen=+7.9143 | d_real=+0.1545 | d_fake=+0.1514 | gnG=53.20 | gnD=9.03
it  12350/150000 | 3.09 it/s | λ_dis=0.800 | lr=9.9e-05 | mse=+0.1867 | ea_dists=+0.5303 | id=+0.4630 | gan_g=+9.0151 | total_gen=+7.9754 | d_real=+0.1192 | d_fake=+0.3015 | gnG=64.30 | gnD=12.69
it  12400/150000 | 3.15 it/s | λ_dis=0.800 | lr=9.9e-05 | mse=+0.1859 | ea_dists=+0.5297 | id=+0.4493 | gan_g=+9.3805 | total_gen=+8.2649 | d_real=+0.0730 | d_fake=+0.1883 | gnG=26.37 | gnD=6.09
it  12450/150000 | 3.14 it/s | λ_dis=0.800 | lr=9.9e-05 | mse=+0.1849 | ea_dists=+0.5344 | id=+0.4361 | gan_g=+8.9896 | total_gen=+7.9545 | d_real=+0.0326 | d_fake=+0.2870 | gnG=70.70 | gnD=13.04
it  12500/150000 | 3.11 it/s | λ_dis=0.800 | lr=9.9e-05 | mse=+0.1618 | ea_dists=+0.5285 | id=+0.4441 | gan_g=+8.8261 | total_gen=+7.7956 | d_real=+0.0452 | d_fake=+0.2554 | gnG=75.70 | gnD=13.97
it  12550/150000 | 3.15 it/s | λ_dis=0.800 | lr=9.9e-05 | mse=+0.1882 | ea_dists=+0.5239 | id=+0.4335 | gan_g=+9.7949 | total_gen=+8.5914 | d_real=+0.1264 | d_fake=+0.1216 | gnG=41.44 | gnD=21.83
it  12600/150000 | 3.10 it/s | λ_dis=0.800 | lr=9.9e-05 | mse=+0.1605 | ea_dists=+0.5246 | id=+0.4533 | gan_g=+9.3024 | total_gen=+8.1723 | d_real=+0.0046 | d_fake=+0.3508 | gnG=54.28 | gnD=2.05
it  12650/150000 | 3.14 it/s | λ_dis=0.800 | lr=9.9e-05 | mse=+0.1579 | ea_dists=+0.5195 | id=+0.4685 | gan_g=+9.1480 | total_gen=+8.0427 | d_real=+0.3162 | d_fake=+0.3468 | gnG=74.89 | gnD=11.92
it  12700/150000 | 3.11 it/s | λ_dis=0.800 | lr=9.9e-05 | mse=+0.1718 | ea_dists=+0.5279 | id=+0.4799 | gan_g=+9.0158 | total_gen=+7.9602 | d_real=+0.1644 | d_fake=+0.2000 | gnG=107.04 | gnD=8.35
it  12750/150000 | 3.14 it/s | λ_dis=0.800 | lr=9.9e-05 | mse=+0.1805 | ea_dists=+0.5170 | id=+0.4501 | gan_g=+9.3219 | total_gen=+8.2001 | d_real=+0.0423 | d_fake=+0.2291 | gnG=60.31 | gnD=27.12
it  12800/150000 | 3.06 it/s | λ_dis=0.800 | lr=9.9e-05 | mse=+0.1766 | ea_dists=+0.5205 | id=+0.4567 | gan_g=+9.1808 | total_gen=+8.0874 | d_real=+0.0216 | d_fake=+0.2973 | gnG=50.18 | gnD=8.97
it  12850/150000 | 3.09 it/s | λ_dis=0.800 | lr=9.9e-05 | mse=+0.1951 | ea_dists=+0.5268 | id=+0.4267 | gan_g=+8.8093 | total_gen=+7.8119 | d_real=+0.1326 | d_fake=+0.4140 | gnG=45.07 | gnD=39.49
it  12900/150000 | 3.07 it/s | λ_dis=0.800 | lr=9.9e-05 | mse=+0.1867 | ea_dists=+0.5238 | id=+0.4449 | gan_g=+8.3564 | total_gen=+7.4400 | d_real=+0.2108 | d_fake=+0.1069 | gnG=109.47 | gnD=10.49
it  12950/150000 | 3.12 it/s | λ_dis=0.800 | lr=9.9e-05 | mse=+0.1581 | ea_dists=+0.5142 | id=+0.4392 | gan_g=+8.5636 | total_gen=+7.5671 | d_real=+0.0266 | d_fake=+0.1336 | gnG=73.54 | gnD=10.36
it  13000/150000 | 3.08 it/s | λ_dis=0.800 | lr=9.9e-05 | mse=+0.1640 | ea_dists=+0.5210 | id=+0.4355 | gan_g=+8.1880 | total_gen=+7.2790 | d_real=+0.1767 | d_fake=+0.5415 | gnG=54.23 | gnD=27.52
it  13050/150000 | 3.15 it/s | λ_dis=0.800 | lr=9.9e-05 | mse=+0.1842 | ea_dists=+0.5158 | id=+0.4426 | gan_g=+9.0282 | total_gen=+7.9669 | d_real=+0.1556 | d_fake=+0.2669 | gnG=94.68 | gnD=8.85
it  13100/150000 | 3.11 it/s | λ_dis=0.800 | lr=9.9e-05 | mse=+0.1846 | ea_dists=+0.5273 | id=+0.4326 | gan_g=+8.5716 | total_gen=+7.6125 | d_real=+0.0903 | d_fake=+0.3595 | gnG=57.29 | gnD=8.52
it  13150/150000 | 3.13 it/s | λ_dis=0.800 | lr=9.9e-05 | mse=+0.1825 | ea_dists=+0.5191 | id=+0.4294 | gan_g=+9.0900 | total_gen=+8.0166 | d_real=+0.0250 | d_fake=+0.2507 | gnG=90.13 | gnD=4.72
it  13200/150000 | 3.12 it/s | λ_dis=0.800 | lr=9.9e-05 | mse=+0.1693 | ea_dists=+0.5306 | id=+0.4784 | gan_g=+8.2436 | total_gen=+7.3426 | d_real=+0.1266 | d_fake=+0.5524 | gnG=147.97 | gnD=13.89
it  13250/150000 | 3.15 it/s | λ_dis=0.800 | lr=9.9e-05 | mse=+0.1721 | ea_dists=+0.5259 | id=+0.4420 | gan_g=+8.9533 | total_gen=+7.9049 | d_real=+0.0335 | d_fake=+0.2865 | gnG=82.73 | gnD=4.79
it  13300/150000 | 3.11 it/s | λ_dis=0.800 | lr=9.8e-05 | mse=+0.1688 | ea_dists=+0.5177 | id=+0.4375 | gan_g=+8.8101 | total_gen=+7.7783 | d_real=+0.0357 | d_fake=+0.1347 | gnG=54.68 | gnD=5.59
it  13350/150000 | 3.16 it/s | λ_dis=0.800 | lr=9.8e-05 | mse=+0.1580 | ea_dists=+0.5140 | id=+0.4673 | gan_g=+9.4699 | total_gen=+8.2947 | d_real=+0.0376 | d_fake=+0.4996 | gnG=125.68 | gnD=12.77
it  13400/150000 | 3.05 it/s | λ_dis=0.800 | lr=9.8e-05 | mse=+0.1660 | ea_dists=+0.5252 | id=+0.4509 | gan_g=+9.9262 | total_gen=+8.6772 | d_real=+0.0177 | d_fake=+0.2863 | gnG=94.68 | gnD=4.04
it  13450/150000 | 3.09 it/s | λ_dis=0.800 | lr=9.8e-05 | mse=+0.1654 | ea_dists=+0.5195 | id=+0.4435 | gan_g=+10.0168 | total_gen=+8.7427 | d_real=+0.0526 | d_fake=+0.2514 | gnG=29.80 | gnD=16.59
it  13500/150000 | 3.05 it/s | λ_dis=0.800 | lr=9.8e-05 | mse=+0.1634 | ea_dists=+0.5254 | id=+0.4568 | gan_g=+9.8211 | total_gen=+8.5914 | d_real=+0.0919 | d_fake=+0.3501 | gnG=114.69 | gnD=32.23
it  13550/150000 | 3.08 it/s | λ_dis=0.800 | lr=9.8e-05 | mse=+0.1621 | ea_dists=+0.5124 | id=+0.4302 | gan_g=+9.4065 | total_gen=+8.2427 | d_real=+0.1152 | d_fake=+0.2465 | gnG=98.77 | gnD=20.33
it  13600/150000 | 3.06 it/s | λ_dis=0.800 | lr=9.8e-05 | mse=+0.1723 | ea_dists=+0.5189 | id=+0.4346 | gan_g=+9.3479 | total_gen=+8.2130 | d_real=+0.1208 | d_fake=+0.0819 | gnG=75.42 | gnD=25.94
it  13650/150000 | 3.12 it/s | λ_dis=0.800 | lr=9.8e-05 | mse=+0.1969 | ea_dists=+0.5290 | id=+0.4478 | gan_g=+8.1163 | total_gen=+7.2638 | d_real=+0.1435 | d_fake=+0.5440 | gnG=88.75 | gnD=15.36
it  13700/150000 | 3.10 it/s | λ_dis=0.800 | lr=9.8e-05 | mse=+0.1715 | ea_dists=+0.5260 | id=+0.4531 | gan_g=+8.7826 | total_gen=+7.7689 | d_real=+0.0913 | d_fake=+0.3457 | gnG=105.06 | gnD=28.08
it  13750/150000 | 3.15 it/s | λ_dis=0.800 | lr=9.8e-05 | mse=+0.1745 | ea_dists=+0.5197 | id=+0.4542 | gan_g=+8.9180 | total_gen=+7.8740 | d_real=+0.3754 | d_fake=+0.2636 | gnG=68.23 | gnD=21.75
it  13800/150000 | 3.10 it/s | λ_dis=0.800 | lr=9.8e-05 | mse=+0.1748 | ea_dists=+0.5171 | id=+0.4458 | gan_g=+7.9667 | total_gen=+7.1098 | d_real=+0.1086 | d_fake=+0.2170 | gnG=63.93 | gnD=13.45
it  13850/150000 | 3.13 it/s | λ_dis=0.800 | lr=9.8e-05 | mse=+0.1687 | ea_dists=+0.5172 | id=+0.4512 | gan_g=+8.0929 | total_gen=+7.2053 | d_real=+0.0962 | d_fake=+0.2207 | gnG=96.58 | gnD=8.12
it  13900/150000 | 3.08 it/s | λ_dis=0.800 | lr=9.8e-05 | mse=+0.1770 | ea_dists=+0.5103 | id=+0.4495 | gan_g=+8.8628 | total_gen=+7.8225 | d_real=+0.1063 | d_fake=+0.2874 | gnG=40.20 | gnD=5.56
it  13950/150000 | 3.14 it/s | λ_dis=0.800 | lr=9.8e-05 | mse=+0.1662 | ea_dists=+0.5235 | id=+0.4514 | gan_g=+8.2247 | total_gen=+7.3145 | d_real=+0.0253 | d_fake=+0.5005 | gnG=114.66 | gnD=20.02
it  14000/150000 | 3.07 it/s | λ_dis=0.800 | lr=9.8e-05 | mse=+0.1719 | ea_dists=+0.5283 | id=+0.4354 | gan_g=+7.5083 | total_gen=+6.7504 | d_real=+0.1762 | d_fake=+0.5838 | gnG=245.14 | gnD=21.92
  [iter 14000] saved sample → /projectnb/cs585/projects/craft/samples_stage2/iter_0014000.png
it  14050/150000 | 2.72 it/s | λ_dis=0.800 | lr=9.8e-05 | mse=+0.1760 | ea_dists=+0.5193 | id=+0.4287 | gan_g=+7.3159 | total_gen=+6.5908 | d_real=+0.1570 | d_fake=+0.6141 | gnG=110.63 | gnD=15.72
it  14100/150000 | 3.08 it/s | λ_dis=0.800 | lr=9.8e-05 | mse=+0.1647 | ea_dists=+0.5106 | id=+0.4339 | gan_g=+8.2305 | total_gen=+7.3031 | d_real=+0.1234 | d_fake=+0.3279 | gnG=37.92 | gnD=9.57
it  14150/150000 | 3.14 it/s | λ_dis=0.800 | lr=9.8e-05 | mse=+0.1420 | ea_dists=+0.5070 | id=+0.4330 | gan_g=+7.7296 | total_gen=+6.8760 | d_real=+0.0619 | d_fake=+0.5002 | gnG=54.28 | gnD=16.87
it  14200/150000 | 3.09 it/s | λ_dis=0.800 | lr=9.8e-05 | mse=+0.1689 | ea_dists=+0.5096 | id=+0.4354 | gan_g=+8.4188 | total_gen=+7.4571 | d_real=+0.0563 | d_fake=+0.2980 | gnG=47.58 | gnD=10.72
it  14250/150000 | 3.12 it/s | λ_dis=0.800 | lr=9.8e-05 | mse=+0.1559 | ea_dists=+0.5110 | id=+0.4390 | gan_g=+8.8323 | total_gen=+7.7767 | d_real=+0.0737 | d_fake=+0.3587 | gnG=64.18 | gnD=15.02
it  14300/150000 | 3.08 it/s | λ_dis=0.800 | lr=9.8e-05 | mse=+0.1580 | ea_dists=+0.5131 | id=+0.4359 | gan_g=+9.2444 | total_gen=+8.1102 | d_real=+0.0162 | d_fake=+0.2632 | gnG=23.28 | gnD=4.93
it  14350/150000 | 3.16 it/s | λ_dis=0.800 | lr=9.8e-05 | mse=+0.1542 | ea_dists=+0.4988 | id=+0.4155 | gan_g=+8.8435 | total_gen=+7.7694 | d_real=+0.1005 | d_fake=+0.3535 | gnG=47.50 | gnD=17.51
it  14400/150000 | 3.10 it/s | λ_dis=0.800 | lr=9.8e-05 | mse=+0.1772 | ea_dists=+0.5137 | id=+0.4254 | gan_g=+9.0728 | total_gen=+7.9917 | d_real=+0.0670 | d_fake=+0.2721 | gnG=30.08 | gnD=19.92
it  14450/150000 | 3.13 it/s | λ_dis=0.800 | lr=9.8e-05 | mse=+0.1438 | ea_dists=+0.5095 | id=+0.4265 | gan_g=+8.5111 | total_gen=+7.5049 | d_real=+0.2181 | d_fake=+0.3143 | gnG=130.93 | gnD=44.90
it  14500/150000 | 3.11 it/s | λ_dis=0.800 | lr=9.8e-05 | mse=+0.1773 | ea_dists=+0.5174 | id=+0.4489 | gan_g=+9.4288 | total_gen=+8.2826 | d_real=+0.0210 | d_fake=+0.3241 | gnG=87.66 | gnD=30.25
it  14550/150000 | 3.15 it/s | λ_dis=0.800 | lr=9.8e-05 | mse=+0.1440 | ea_dists=+0.5129 | id=+0.4230 | gan_g=+8.7163 | total_gen=+7.6722 | d_real=+0.1659 | d_fake=+0.5167 | gnG=84.68 | gnD=29.53
it  14600/150000 | 3.09 it/s | λ_dis=0.800 | lr=9.8e-05 | mse=+0.1624 | ea_dists=+0.5174 | id=+0.4358 | gan_g=+9.0395 | total_gen=+7.9549 | d_real=+0.1341 | d_fake=+0.4509 | gnG=147.87 | gnD=14.21
it  14650/150000 | 3.13 it/s | λ_dis=0.800 | lr=9.8e-05 | mse=+0.1790 | ea_dists=+0.5229 | id=+0.4401 | gan_g=+9.4732 | total_gen=+8.3245 | d_real=+0.0972 | d_fake=+0.3862 | gnG=58.24 | gnD=29.03
it  14700/150000 | 3.09 it/s | λ_dis=0.800 | lr=9.8e-05 | mse=+0.1593 | ea_dists=+0.5125 | id=+0.4300 | gan_g=+9.6035 | total_gen=+8.3975 | d_real=+0.0193 | d_fake=+0.3139 | gnG=58.82 | gnD=5.60
it  14750/150000 | 3.12 it/s | λ_dis=0.800 | lr=9.8e-05 | mse=+0.1650 | ea_dists=+0.5199 | id=+0.4354 | gan_g=+9.4560 | total_gen=+8.2931 | d_real=+0.0870 | d_fake=+0.2320 | gnG=48.45 | gnD=1.99
it  14800/150000 | 3.07 it/s | λ_dis=0.800 | lr=9.8e-05 | mse=+0.1589 | ea_dists=+0.5141 | id=+0.4360 | gan_g=+9.0366 | total_gen=+7.9458 | d_real=+0.0473 | d_fake=+0.3466 | gnG=96.20 | gnD=11.89
it  14850/150000 | 3.08 it/s | λ_dis=0.800 | lr=9.8e-05 | mse=+0.1600 | ea_dists=+0.5173 | id=+0.4636 | gan_g=+8.5196 | total_gen=+7.5393 | d_real=+0.1839 | d_fake=+0.3173 | gnG=68.79 | gnD=8.76
it  14900/150000 | 3.08 it/s | λ_dis=0.800 | lr=9.8e-05 | mse=+0.1584 | ea_dists=+0.5159 | id=+0.4589 | gan_g=+8.5413 | total_gen=+7.5532 | d_real=+0.0892 | d_fake=+0.1569 | gnG=51.84 | gnD=11.97
it  14950/150000 | 3.14 it/s | λ_dis=0.800 | lr=9.8e-05 | mse=+0.1616 | ea_dists=+0.5074 | id=+0.4381 | gan_g=+9.2513 | total_gen=+8.1139 | d_real=+0.1220 | d_fake=+0.3425 | gnG=87.52 | gnD=9.00
it  15000/150000 | 3.12 it/s | λ_dis=0.800 | lr=9.8e-05 | mse=+0.1717 | ea_dists=+0.5207 | id=+0.4307 | gan_g=+8.8258 | total_gen=+7.7962 | d_real=+0.1743 | d_fake=+0.5261 | gnG=71.47 | gnD=18.82
  [iter 15000] saved ckpt → /projectnb/cs585/projects/craft/checkpoints_stage2/iter_0015000.pt
it  15050/150000 | 3.05 it/s | λ_dis=0.800 | lr=9.8e-05 | mse=+0.1677 | ea_dists=+0.5067 | id=+0.4069 | gan_g=+8.9965 | total_gen=+7.9123 | d_real=+0.0504 | d_fake=+0.1968 | gnG=42.19 | gnD=30.44
it  15100/150000 | 3.06 it/s | λ_dis=0.800 | lr=9.8e-05 | mse=+0.1623 | ea_dists=+0.5252 | id=+0.4478 | gan_g=+8.6316 | total_gen=+7.6376 | d_real=+0.0883 | d_fake=+0.2880 | gnG=142.43 | gnD=11.46
it  15150/150000 | 3.11 it/s | λ_dis=0.800 | lr=9.8e-05 | mse=+0.1961 | ea_dists=+0.5399 | id=+0.4563 | gan_g=+9.5633 | total_gen=+8.4323 | d_real=+0.0666 | d_fake=+0.3232 | gnG=57.34 | gnD=6.62
it  15200/150000 | 3.09 it/s | λ_dis=0.800 | lr=9.8e-05 | mse=+0.1606 | ea_dists=+0.5064 | id=+0.4333 | gan_g=+9.7492 | total_gen=+8.5096 | d_real=+0.0729 | d_fake=+0.1780 | gnG=38.49 | gnD=15.09
it  15250/150000 | 3.14 it/s | λ_dis=0.800 | lr=9.8e-05 | mse=+0.1570 | ea_dists=+0.5137 | id=+0.4565 | gan_g=+9.5395 | total_gen=+8.3480 | d_real=+0.0522 | d_fake=+0.2001 | gnG=117.87 | gnD=2.91
it  15300/150000 | 3.11 it/s | λ_dis=0.800 | lr=9.8e-05 | mse=+0.1526 | ea_dists=+0.5026 | id=+0.4466 | gan_g=+9.3885 | total_gen=+8.2106 | d_real=+0.1655 | d_fake=+0.4585 | gnG=75.97 | gnD=11.35
it  15350/150000 | 3.12 it/s | λ_dis=0.800 | lr=9.8e-05 | mse=+0.1595 | ea_dists=+0.5102 | id=+0.4318 | gan_g=+9.0870 | total_gen=+7.9825 | d_real=+0.0764 | d_fake=+0.3999 | gnG=59.20 | gnD=27.01
it  15400/150000 | 3.15 it/s | λ_dis=0.800 | lr=9.8e-05 | mse=+0.1597 | ea_dists=+0.5198 | id=+0.4400 | gan_g=+8.9430 | total_gen=+7.8779 | d_real=+0.2080 | d_fake=+0.5262 | gnG=71.10 | gnD=13.33
it  15450/150000 | 3.11 it/s | λ_dis=0.800 | lr=9.8e-05 | mse=+0.1578 | ea_dists=+0.5113 | id=+0.4266 | gan_g=+9.1774 | total_gen=+8.0537 | d_real=+0.0218 | d_fake=+0.3753 | gnG=82.06 | gnD=5.70
it  15500/150000 | 3.08 it/s | λ_dis=0.800 | lr=9.8e-05 | mse=+0.1650 | ea_dists=+0.5170 | id=+0.4419 | gan_g=+8.9127 | total_gen=+7.8563 | d_real=+0.1885 | d_fake=+0.3247 | gnG=78.54 | gnD=13.15
it  15550/150000 | 3.17 it/s | λ_dis=0.800 | lr=9.8e-05 | mse=+0.1278 | ea_dists=+0.5091 | id=+0.4139 | gan_g=+8.8010 | total_gen=+7.7192 | d_real=+0.0170 | d_fake=+0.4295 | gnG=52.10 | gnD=8.77
it  15600/150000 | 3.14 it/s | λ_dis=0.800 | lr=9.8e-05 | mse=+0.1646 | ea_dists=+0.5134 | id=+0.4482 | gan_g=+9.4405 | total_gen=+8.2753 | d_real=+0.0507 | d_fake=+0.2011 | gnG=73.62 | gnD=13.76
it  15650/150000 | 3.08 it/s | λ_dis=0.800 | lr=9.8e-05 | mse=+0.1665 | ea_dists=+0.5154 | id=+0.4429 | gan_g=+8.6925 | total_gen=+7.6801 | d_real=+0.2913 | d_fake=+0.4399 | gnG=108.61 | gnD=20.72
it  15700/150000 | 3.11 it/s | λ_dis=0.800 | lr=9.8e-05 | mse=+0.1585 | ea_dists=+0.5162 | id=+0.4353 | gan_g=+9.0770 | total_gen=+7.9799 | d_real=+0.0743 | d_fake=+0.2783 | gnG=53.81 | gnD=8.36
it  15750/150000 | 3.12 it/s | λ_dis=0.800 | lr=9.8e-05 | mse=+0.1540 | ea_dists=+0.5121 | id=+0.4366 | gan_g=+7.8447 | total_gen=+6.9856 | d_real=+0.1326 | d_fake=+0.3209 | gnG=53.99 | gnD=10.45
it  15800/150000 | 3.10 it/s | λ_dis=0.800 | lr=9.8e-05 | mse=+0.1714 | ea_dists=+0.5154 | id=+0.4283 | gan_g=+8.8686 | total_gen=+7.8245 | d_real=+0.0660 | d_fake=+0.4243 | gnG=148.54 | gnD=17.68
it  15850/150000 | 3.09 it/s | λ_dis=0.800 | lr=9.8e-05 | mse=+0.1509 | ea_dists=+0.5051 | id=+0.4159 | gan_g=+8.8592 | total_gen=+7.7850 | d_real=+0.0501 | d_fake=+0.3504 | gnG=89.97 | gnD=8.42
it  15900/150000 | 3.11 it/s | λ_dis=0.800 | lr=9.8e-05 | mse=+0.1480 | ea_dists=+0.4990 | id=+0.4390 | gan_g=+8.2152 | total_gen=+7.2631 | d_real=+0.1816 | d_fake=+0.5202 | gnG=62.46 | gnD=12.80
it  15950/150000 | 3.12 it/s | λ_dis=0.800 | lr=9.8e-05 | mse=+0.1541 | ea_dists=+0.5145 | id=+0.4474 | gan_g=+8.7350 | total_gen=+7.7014 | d_real=+0.0288 | d_fake=+0.4194 | gnG=107.78 | gnD=12.84
it  16000/150000 | 3.11 it/s | λ_dis=0.800 | lr=9.8e-05 | mse=+0.1753 | ea_dists=+0.5114 | id=+0.4603 | gan_g=+8.7517 | total_gen=+7.7340 | d_real=+0.1224 | d_fake=+0.2804 | gnG=49.70 | gnD=10.28
  [iter 16000] saved sample → /projectnb/cs585/projects/craft/samples_stage2/iter_0016000.png
it  16050/150000 | 2.73 it/s | λ_dis=0.800 | lr=9.8e-05 | mse=+0.1581 | ea_dists=+0.5069 | id=+0.4333 | gan_g=+8.6587 | total_gen=+7.6352 | d_real=+0.1659 | d_fake=+0.1751 | gnG=92.65 | gnD=16.48
it  16100/150000 | 3.16 it/s | λ_dis=0.800 | lr=9.8e-05 | mse=+0.1683 | ea_dists=+0.5120 | id=+0.4557 | gan_g=+8.5451 | total_gen=+7.5619 | d_real=+0.0083 | d_fake=+0.1963 | gnG=63.34 | gnD=7.90
it  16150/150000 | 3.09 it/s | λ_dis=0.800 | lr=9.8e-05 | mse=+0.1500 | ea_dists=+0.5174 | id=+0.4265 | gan_g=+8.2686 | total_gen=+7.3250 | d_real=+0.1230 | d_fake=+0.4643 | gnG=68.62 | gnD=13.32
it  16200/150000 | 3.15 it/s | λ_dis=0.800 | lr=9.8e-05 | mse=+0.1812 | ea_dists=+0.5146 | id=+0.4440 | gan_g=+8.7930 | total_gen=+7.7746 | d_real=+0.1218 | d_fake=+0.3103 | gnG=59.50 | gnD=4.85
it  16250/150000 | 3.08 it/s | λ_dis=0.800 | lr=9.8e-05 | mse=+0.1632 | ea_dists=+0.5222 | id=+0.4416 | gan_g=+8.5643 | total_gen=+7.5810 | d_real=+0.1798 | d_fake=+0.2958 | gnG=90.86 | gnD=38.81
it  16300/150000 | 3.12 it/s | λ_dis=0.800 | lr=9.8e-05 | mse=+0.1646 | ea_dists=+0.5229 | id=+0.4628 | gan_g=+9.0831 | total_gen=+8.0003 | d_real=+0.0179 | d_fake=+0.4241 | gnG=102.15 | gnD=4.32
it  16350/150000 | 3.08 it/s | λ_dis=0.800 | lr=9.8e-05 | mse=+0.1584 | ea_dists=+0.5127 | id=+0.4515 | gan_g=+9.4929 | total_gen=+8.3106 | d_real=+0.0125 | d_fake=+0.3917 | gnG=30.68 | gnD=3.03
it  16400/150000 | 3.10 it/s | λ_dis=0.800 | lr=9.8e-05 | mse=+0.1617 | ea_dists=+0.5210 | id=+0.4452 | gan_g=+8.4412 | total_gen=+7.4801 | d_real=+0.0928 | d_fake=+0.4799 | gnG=113.15 | gnD=15.10
it  16450/150000 | 3.10 it/s | λ_dis=0.800 | lr=9.8e-05 | mse=+0.1571 | ea_dists=+0.5136 | id=+0.4339 | gan_g=+8.2562 | total_gen=+7.3191 | d_real=+0.1582 | d_fake=+0.4595 | gnG=62.67 | gnD=23.02
it  16500/150000 | 3.11 it/s | λ_dis=0.800 | lr=9.8e-05 | mse=+0.1490 | ea_dists=+0.5189 | id=+0.4547 | gan_g=+8.3753 | total_gen=+7.4136 | d_real=+0.1347 | d_fake=+0.2811 | gnG=33.92 | gnD=18.50
it  16550/150000 | 3.10 it/s | λ_dis=0.800 | lr=9.8e-05 | mse=+0.1494 | ea_dists=+0.5200 | id=+0.4868 | gan_g=+8.1398 | total_gen=+7.2300 | d_real=+0.1457 | d_fake=+0.4415 | gnG=127.57 | gnD=19.30
it  16600/150000 | 3.16 it/s | λ_dis=0.800 | lr=9.8e-05 | mse=+0.1602 | ea_dists=+0.5128 | id=+0.4566 | gan_g=+8.5337 | total_gen=+7.5455 | d_real=+0.1162 | d_fake=+0.3290 | gnG=44.04 | gnD=25.53
it  16650/150000 | 3.12 it/s | λ_dis=0.800 | lr=9.8e-05 | mse=+0.1775 | ea_dists=+0.5311 | id=+0.4873 | gan_g=+8.2247 | total_gen=+7.3371 | d_real=+0.0875 | d_fake=+0.4984 | gnG=99.84 | gnD=12.08
it  16700/150000 | 3.14 it/s | λ_dis=0.800 | lr=9.8e-05 | mse=+0.1707 | ea_dists=+0.5208 | id=+0.4549 | gan_g=+9.0266 | total_gen=+7.9583 | d_real=+0.0804 | d_fake=+0.1279 | gnG=57.05 | gnD=2.87
it  16750/150000 | 3.11 it/s | λ_dis=0.800 | lr=9.8e-05 | mse=+0.1493 | ea_dists=+0.5118 | id=+0.4331 | gan_g=+8.3031 | total_gen=+7.3469 | d_real=+0.1229 | d_fake=+0.4789 | gnG=178.44 | gnD=34.93
it  16800/150000 | 3.14 it/s | λ_dis=0.800 | lr=9.8e-05 | mse=+0.1745 | ea_dists=+0.5228 | id=+0.4555 | gan_g=+9.1523 | total_gen=+8.0648 | d_real=+0.2700 | d_fake=+0.4481 | gnG=114.72 | gnD=14.66
it  16850/150000 | 3.10 it/s | λ_dis=0.800 | lr=9.8e-05 | mse=+0.1740 | ea_dists=+0.5172 | id=+0.4533 | gan_g=+8.5010 | total_gen=+7.5374 | d_real=+0.2208 | d_fake=+0.3201 | gnG=85.85 | gnD=11.31
it  16900/150000 | 3.13 it/s | λ_dis=0.800 | lr=9.7e-05 | mse=+0.1574 | ea_dists=+0.5029 | id=+0.4080 | gan_g=+8.7282 | total_gen=+7.6836 | d_real=+0.3083 | d_fake=+0.4700 | gnG=53.63 | gnD=20.01
it  16950/150000 | 3.07 it/s | λ_dis=0.800 | lr=9.7e-05 | mse=+0.1686 | ea_dists=+0.5152 | id=+0.4391 | gan_g=+7.8423 | total_gen=+7.0016 | d_real=+0.0270 | d_fake=+0.3870 | gnG=84.74 | gnD=14.67
it  17000/150000 | 3.13 it/s | λ_dis=0.800 | lr=9.7e-05 | mse=+0.1794 | ea_dists=+0.5161 | id=+0.4492 | gan_g=+7.9531 | total_gen=+7.1030 | d_real=+0.0212 | d_fake=+0.3233 | gnG=145.59 | gnD=8.53
it  17050/150000 | 3.08 it/s | λ_dis=0.800 | lr=9.7e-05 | mse=+0.1652 | ea_dists=+0.5091 | id=+0.4399 | gan_g=+8.5137 | total_gen=+7.5293 | d_real=+0.1316 | d_fake=+0.3274 | gnG=92.81 | gnD=18.87
it  17100/150000 | 3.12 it/s | λ_dis=0.800 | lr=9.7e-05 | mse=+0.1663 | ea_dists=+0.5248 | id=+0.4350 | gan_g=+7.7151 | total_gen=+6.9066 | d_real=+0.1086 | d_fake=+0.4961 | gnG=60.34 | gnD=11.80
it  17150/150000 | 3.10 it/s | λ_dis=0.800 | lr=9.7e-05 | mse=+0.1757 | ea_dists=+0.5286 | id=+0.4459 | gan_g=+8.7439 | total_gen=+7.7440 | d_real=+0.1231 | d_fake=+0.4616 | gnG=130.93 | gnD=28.61
it  17200/150000 | 3.14 it/s | λ_dis=0.800 | lr=9.7e-05 | mse=+0.1612 | ea_dists=+0.5147 | id=+0.4407 | gan_g=+8.3006 | total_gen=+7.3604 | d_real=+0.0098 | d_fake=+0.4385 | gnG=51.22 | gnD=9.97
it  17250/150000 | 3.11 it/s | λ_dis=0.800 | lr=9.7e-05 | mse=+0.1412 | ea_dists=+0.5012 | id=+0.4317 | gan_g=+8.9098 | total_gen=+7.8135 | d_real=+0.0464 | d_fake=+0.4050 | gnG=92.01 | gnD=9.91
it  17300/150000 | 3.15 it/s | λ_dis=0.800 | lr=9.7e-05 | mse=+0.1534 | ea_dists=+0.5046 | id=+0.4246 | gan_g=+9.3668 | total_gen=+8.1940 | d_real=+0.1088 | d_fake=+0.3578 | gnG=81.97 | gnD=24.95
it  17350/150000 | 3.08 it/s | λ_dis=0.800 | lr=9.7e-05 | mse=+0.1503 | ea_dists=+0.5021 | id=+0.4351 | gan_g=+8.6817 | total_gen=+7.6413 | d_real=+0.3311 | d_fake=+0.3817 | gnG=101.30 | gnD=34.95
it  17400/150000 | 3.14 it/s | λ_dis=0.800 | lr=9.7e-05 | mse=+0.1679 | ea_dists=+0.5116 | id=+0.4594 | gan_g=+8.6416 | total_gen=+7.6387 | d_real=+0.0255 | d_fake=+0.4160 | gnG=182.95 | gnD=14.63
it  17450/150000 | 3.06 it/s | λ_dis=0.800 | lr=9.7e-05 | mse=+0.1574 | ea_dists=+0.5078 | id=+0.4434 | gan_g=+8.5254 | total_gen=+7.5298 | d_real=+0.1666 | d_fake=+0.3873 | gnG=106.13 | gnD=40.09
it  17500/150000 | 3.15 it/s | λ_dis=0.800 | lr=9.7e-05 | mse=+0.1566 | ea_dists=+0.5063 | id=+0.4435 | gan_g=+9.2018 | total_gen=+8.0687 | d_real=+0.2486 | d_fake=+0.5513 | gnG=76.28 | gnD=24.09
it  17550/150000 | 3.11 it/s | λ_dis=0.800 | lr=9.7e-05 | mse=+0.1957 | ea_dists=+0.5284 | id=+0.4418 | gan_g=+8.4889 | total_gen=+7.5595 | d_real=+0.1225 | d_fake=+0.3751 | gnG=123.86 | gnD=22.62
it  17600/150000 | 3.13 it/s | λ_dis=0.800 | lr=9.7e-05 | mse=+0.1651 | ea_dists=+0.5175 | id=+0.4474 | gan_g=+8.4562 | total_gen=+7.4923 | d_real=+0.1118 | d_fake=+0.3094 | gnG=122.29 | gnD=8.84
it  17650/150000 | 3.11 it/s | λ_dis=0.800 | lr=9.7e-05 | mse=+0.1562 | ea_dists=+0.5033 | id=+0.4310 | gan_g=+8.7532 | total_gen=+7.7052 | d_real=+0.0853 | d_fake=+0.4669 | gnG=116.51 | gnD=4.81
it  17700/150000 | 3.14 it/s | λ_dis=0.800 | lr=9.7e-05 | mse=+0.1634 | ea_dists=+0.5162 | id=+0.4631 | gan_g=+8.8877 | total_gen=+7.8361 | d_real=+0.1025 | d_fake=+0.3325 | gnG=123.31 | gnD=15.04
it  17750/150000 | 3.10 it/s | λ_dis=0.800 | lr=9.7e-05 | mse=+0.1574 | ea_dists=+0.5070 | id=+0.4324 | gan_g=+8.1453 | total_gen=+7.2239 | d_real=+0.2804 | d_fake=+0.4706 | gnG=72.31 | gnD=13.51
it  17800/150000 | 3.13 it/s | λ_dis=0.800 | lr=9.7e-05 | mse=+0.1457 | ea_dists=+0.4995 | id=+0.4414 | gan_g=+8.9942 | total_gen=+7.8847 | d_real=+0.0375 | d_fake=+0.2628 | gnG=205.08 | gnD=6.99
it  17850/150000 | 3.08 it/s | λ_dis=0.800 | lr=9.7e-05 | mse=+0.1440 | ea_dists=+0.5009 | id=+0.4193 | gan_g=+8.8926 | total_gen=+7.8008 | d_real=+0.0991 | d_fake=+0.2781 | gnG=66.78 | gnD=5.78
it  17900/150000 | 3.15 it/s | λ_dis=0.800 | lr=9.7e-05 | mse=+0.1602 | ea_dists=+0.5107 | id=+0.4776 | gan_g=+8.5837 | total_gen=+7.5856 | d_real=+0.1561 | d_fake=+0.4191 | gnG=162.37 | gnD=15.44
it  17950/150000 | 3.10 it/s | λ_dis=0.800 | lr=9.7e-05 | mse=+0.1537 | ea_dists=+0.5010 | id=+0.4287 | gan_g=+8.7321 | total_gen=+7.6833 | d_real=+0.1616 | d_fake=+0.3381 | gnG=116.01 | gnD=26.25
it  18000/150000 | 3.11 it/s | λ_dis=0.800 | lr=9.7e-05 | mse=+0.1604 | ea_dists=+0.5114 | id=+0.4335 | gan_g=+8.8960 | total_gen=+7.8320 | d_real=+0.0389 | d_fake=+0.4405 | gnG=102.31 | gnD=21.07
  [iter 18000] saved sample → /projectnb/cs585/projects/craft/samples_stage2/iter_0018000.png
it  18050/150000 | 2.71 it/s | λ_dis=0.800 | lr=9.7e-05 | mse=+0.1778 | ea_dists=+0.5143 | id=+0.4406 | gan_g=+8.7762 | total_gen=+7.7571 | d_real=+0.0638 | d_fake=+0.2338 | gnG=63.90 | gnD=25.26
it  18100/150000 | 3.12 it/s | λ_dis=0.800 | lr=9.7e-05 | mse=+0.1757 | ea_dists=+0.5042 | id=+0.4330 | gan_g=+8.6827 | total_gen=+7.6693 | d_real=+0.1625 | d_fake=+0.2773 | gnG=65.13 | gnD=11.06
it  18150/150000 | 3.09 it/s | λ_dis=0.800 | lr=9.7e-05 | mse=+0.1573 | ea_dists=+0.4990 | id=+0.4381 | gan_g=+7.4932 | total_gen=+6.6947 | d_real=+0.1332 | d_fake=+0.3327 | gnG=98.55 | gnD=15.10
it  18200/150000 | 3.11 it/s | λ_dis=0.800 | lr=9.7e-05 | mse=+0.1608 | ea_dists=+0.5108 | id=+0.4380 | gan_g=+8.6480 | total_gen=+7.6338 | d_real=+0.0520 | d_fake=+0.4482 | gnG=68.70 | gnD=12.21
it  18250/150000 | 3.08 it/s | λ_dis=0.800 | lr=9.7e-05 | mse=+0.1342 | ea_dists=+0.5066 | id=+0.4200 | gan_g=+8.4197 | total_gen=+7.4185 | d_real=+0.0581 | d_fake=+0.4248 | gnG=71.83 | gnD=6.33
it  18300/150000 | 3.16 it/s | λ_dis=0.800 | lr=9.7e-05 | mse=+0.1575 | ea_dists=+0.5155 | id=+0.4329 | gan_g=+9.1321 | total_gen=+8.0220 | d_real=+0.1472 | d_fake=+0.3853 | gnG=104.21 | gnD=9.92
it  18350/150000 | 3.09 it/s | λ_dis=0.800 | lr=9.7e-05 | mse=+0.1576 | ea_dists=+0.5065 | id=+0.4209 | gan_g=+8.3151 | total_gen=+7.3583 | d_real=+0.2158 | d_fake=+0.2659 | gnG=87.72 | gnD=17.74
it  18400/150000 | 3.12 it/s | λ_dis=0.800 | lr=9.7e-05 | mse=+0.1431 | ea_dists=+0.5248 | id=+0.4475 | gan_g=+8.7072 | total_gen=+7.6784 | d_real=+0.0902 | d_fake=+0.5315 | gnG=106.44 | gnD=21.39
it  18450/150000 | 3.10 it/s | λ_dis=0.800 | lr=9.7e-05 | mse=+0.1493 | ea_dists=+0.5176 | id=+0.4618 | gan_g=+8.6244 | total_gen=+7.6126 | d_real=+0.0413 | d_fake=+0.4157 | gnG=104.88 | gnD=7.70
it  18500/150000 | 3.12 it/s | λ_dis=0.800 | lr=9.7e-05 | mse=+0.1693 | ea_dists=+0.5236 | id=+0.4466 | gan_g=+8.0443 | total_gen=+7.1730 | d_real=+0.1265 | d_fake=+0.3205 | gnG=121.74 | gnD=14.28
it  18550/150000 | 3.11 it/s | λ_dis=0.800 | lr=9.7e-05 | mse=+0.1473 | ea_dists=+0.5085 | id=+0.4151 | gan_g=+8.4082 | total_gen=+7.4239 | d_real=+0.0480 | d_fake=+0.3037 | gnG=64.65 | gnD=12.16
it  18600/150000 | 3.14 it/s | λ_dis=0.800 | lr=9.7e-05 | mse=+0.1542 | ea_dists=+0.5209 | id=+0.4516 | gan_g=+9.8260 | total_gen=+8.5812 | d_real=+0.0294 | d_fake=+0.2272 | gnG=64.11 | gnD=8.67
it  18650/150000 | 3.09 it/s | λ_dis=0.800 | lr=9.7e-05 | mse=+0.1460 | ea_dists=+0.5178 | id=+0.4388 | gan_g=+9.4273 | total_gen=+8.2495 | d_real=+0.1694 | d_fake=+0.2660 | gnG=77.07 | gnD=15.99
it  18700/150000 | 3.11 it/s | λ_dis=0.800 | lr=9.7e-05 | mse=+0.1459 | ea_dists=+0.5130 | id=+0.4395 | gan_g=+9.3003 | total_gen=+8.1431 | d_real=+0.1387 | d_fake=+0.2946 | gnG=45.18 | gnD=12.73
it  18750/150000 | 3.12 it/s | λ_dis=0.800 | lr=9.7e-05 | mse=+0.1516 | ea_dists=+0.4974 | id=+0.4362 | gan_g=+9.0713 | total_gen=+7.9496 | d_real=+0.0891 | d_fake=+0.3506 | gnG=69.68 | gnD=21.58
it  18800/150000 | 3.11 it/s | λ_dis=0.800 | lr=9.7e-05 | mse=+0.1544 | ea_dists=+0.5142 | id=+0.4366 | gan_g=+9.1675 | total_gen=+8.0463 | d_real=+0.1395 | d_fake=+0.4797 | gnG=100.53 | gnD=22.08
it  18850/150000 | 3.11 it/s | λ_dis=0.800 | lr=9.7e-05 | mse=+0.1488 | ea_dists=+0.5136 | id=+0.4492 | gan_g=+9.1707 | total_gen=+8.0438 | d_real=+0.0647 | d_fake=+0.4060 | gnG=115.47 | gnD=21.57
it  18900/150000 | 3.13 it/s | λ_dis=0.800 | lr=9.7e-05 | mse=+0.1435 | ea_dists=+0.5082 | id=+0.4291 | gan_g=+9.6909 | total_gen=+8.4473 | d_real=+0.0708 | d_fake=+0.3250 | gnG=80.38 | gnD=10.20
it  18950/150000 | 3.12 it/s | λ_dis=0.800 | lr=9.7e-05 | mse=+0.1409 | ea_dists=+0.5046 | id=+0.4432 | gan_g=+9.4107 | total_gen=+8.2184 | d_real=+0.2152 | d_fake=+0.1730 | gnG=42.94 | gnD=26.81
it  19000/150000 | 3.12 it/s | λ_dis=0.800 | lr=9.7e-05 | mse=+0.1685 | ea_dists=+0.5102 | id=+0.4692 | gan_g=+9.3732 | total_gen=+8.2242 | d_real=+0.2264 | d_fake=+0.2742 | gnG=74.64 | gnD=35.54
it  19050/150000 | 3.05 it/s | λ_dis=0.800 | lr=9.7e-05 | mse=+0.1542 | ea_dists=+0.5002 | id=+0.4306 | gan_g=+8.6209 | total_gen=+7.5941 | d_real=+0.1164 | d_fake=+0.3889 | gnG=89.38 | gnD=16.23
it  19100/150000 | 3.11 it/s | λ_dis=0.800 | lr=9.7e-05 | mse=+0.1651 | ea_dists=+0.5059 | id=+0.4412 | gan_g=+8.8166 | total_gen=+7.7684 | d_real=+0.0807 | d_fake=+0.2719 | gnG=74.37 | gnD=8.90
it  19150/150000 | 3.11 it/s | λ_dis=0.800 | lr=9.7e-05 | mse=+0.1468 | ea_dists=+0.5045 | id=+0.4265 | gan_g=+9.8020 | total_gen=+8.5356 | d_real=+0.0715 | d_fake=+0.3191 | gnG=48.47 | gnD=16.51
it  19200/150000 | 3.06 it/s | λ_dis=0.800 | lr=9.7e-05 | mse=+0.1331 | ea_dists=+0.4947 | id=+0.4198 | gan_g=+8.9302 | total_gen=+7.8139 | d_real=+0.0159 | d_fake=+0.4035 | gnG=94.83 | gnD=10.70
it  19250/150000 | 3.15 it/s | λ_dis=0.800 | lr=9.7e-05 | mse=+0.1573 | ea_dists=+0.5197 | id=+0.4478 | gan_g=+9.6160 | total_gen=+8.4146 | d_real=+0.0353 | d_fake=+0.4586 | gnG=90.26 | gnD=5.82
it  19300/150000 | 3.06 it/s | λ_dis=0.800 | lr=9.7e-05 | mse=+0.1516 | ea_dists=+0.5117 | id=+0.4203 | gan_g=+10.2805 | total_gen=+8.9298 | d_real=+0.0731 | d_fake=+0.3840 | gnG=67.03 | gnD=7.00
it  19350/150000 | 3.09 it/s | λ_dis=0.800 | lr=9.7e-05 | mse=+0.1361 | ea_dists=+0.5126 | id=+0.4365 | gan_g=+9.7853 | total_gen=+8.5206 | d_real=+0.1698 | d_fake=+0.3762 | gnG=123.14 | gnD=17.75
it  19400/150000 | 3.07 it/s | λ_dis=0.800 | lr=9.7e-05 | mse=+0.1603 | ea_dists=+0.5130 | id=+0.4294 | gan_g=+9.1095 | total_gen=+8.0039 | d_real=+0.1568 | d_fake=+0.2999 | gnG=100.10 | gnD=16.29
it  19450/150000 | 3.09 it/s | λ_dis=0.800 | lr=9.7e-05 | mse=+0.1443 | ea_dists=+0.5186 | id=+0.4468 | gan_g=+9.1163 | total_gen=+8.0007 | d_real=+0.0695 | d_fake=+0.2526 | gnG=153.38 | gnD=4.82
it  19500/150000 | 3.12 it/s | λ_dis=0.800 | lr=9.7e-05 | mse=+0.1643 | ea_dists=+0.5127 | id=+0.4424 | gan_g=+9.1841 | total_gen=+8.0685 | d_real=+0.1225 | d_fake=+0.4433 | gnG=153.26 | gnD=31.58
it  19550/150000 | 3.13 it/s | λ_dis=0.800 | lr=9.7e-05 | mse=+0.1624 | ea_dists=+0.5185 | id=+0.4729 | gan_g=+9.3916 | total_gen=+8.2414 | d_real=+0.1578 | d_fake=+0.4013 | gnG=111.15 | gnD=48.69
it  19600/150000 | 3.10 it/s | λ_dis=0.800 | lr=9.7e-05 | mse=+0.1708 | ea_dists=+0.5172 | id=+0.4590 | gan_g=+9.1593 | total_gen=+8.0614 | d_real=+0.1648 | d_fake=+0.3261 | gnG=137.72 | gnD=25.00
it  19650/150000 | 3.14 it/s | λ_dis=0.800 | lr=9.7e-05 | mse=+0.1593 | ea_dists=+0.5051 | id=+0.4425 | gan_g=+9.5576 | total_gen=+8.3548 | d_real=+0.1679 | d_fake=+0.4662 | gnG=81.33 | gnD=10.31
it  19700/150000 | 3.07 it/s | λ_dis=0.800 | lr=9.7e-05 | mse=+0.1678 | ea_dists=+0.5039 | id=+0.4409 | gan_g=+9.4671 | total_gen=+8.2895 | d_real=+0.1031 | d_fake=+0.3248 | gnG=84.49 | gnD=11.41
it  19750/150000 | 3.14 it/s | λ_dis=0.800 | lr=9.7e-05 | mse=+0.1402 | ea_dists=+0.5101 | id=+0.4359 | gan_g=+9.4695 | total_gen=+8.2694 | d_real=+0.1026 | d_fake=+0.3777 | gnG=85.08 | gnD=12.97
it  19800/150000 | 3.08 it/s | λ_dis=0.800 | lr=9.7e-05 | mse=+0.1504 | ea_dists=+0.5003 | id=+0.4054 | gan_g=+10.2167 | total_gen=+8.8647 | d_real=+0.0260 | d_fake=+0.1789 | gnG=50.49 | gnD=8.78
it  19850/150000 | 3.12 it/s | λ_dis=0.800 | lr=9.6e-05 | mse=+0.1402 | ea_dists=+0.5037 | id=+0.4500 | gan_g=+10.0723 | total_gen=+8.7468 | d_real=+0.0936 | d_fake=+0.4110 | gnG=72.14 | gnD=15.55
it  19900/150000 | 3.10 it/s | λ_dis=0.800 | lr=9.6e-05 | mse=+0.1416 | ea_dists=+0.5058 | id=+0.4542 | gan_g=+9.8691 | total_gen=+8.5881 | d_real=+0.0294 | d_fake=+0.4143 | gnG=72.47 | gnD=5.84
it  19950/150000 | 3.10 it/s | λ_dis=0.800 | lr=9.6e-05 | mse=+0.1519 | ea_dists=+0.5096 | id=+0.4231 | gan_g=+9.6512 | total_gen=+8.4248 | d_real=+0.0489 | d_fake=+0.2282 | gnG=189.57 | gnD=12.83
it  20000/150000 | 3.09 it/s | λ_dis=0.800 | lr=9.6e-05 | mse=+0.1895 | ea_dists=+0.5152 | id=+0.4786 | gan_g=+10.1201 | total_gen=+8.8487 | d_real=+0.0561 | d_fake=+0.3323 | gnG=122.68 | gnD=16.68
  [iter 20000] saved sample → /projectnb/cs585/projects/craft/samples_stage2/iter_0020000.png
  [iter 20000] saved ckpt → /projectnb/cs585/projects/craft/checkpoints_stage2/iter_0020000.pt
it  20050/150000 | 2.69 it/s | λ_dis=0.800 | lr=9.6e-05 | mse=+0.1541 | ea_dists=+0.5134 | id=+0.4232 | gan_g=+9.6831 | total_gen=+8.4563 | d_real=+0.4341 | d_fake=+0.2773 | gnG=102.29 | gnD=20.67
it  20100/150000 | 3.09 it/s | λ_dis=0.800 | lr=9.6e-05 | mse=+0.1677 | ea_dists=+0.5072 | id=+0.4113 | gan_g=+8.7706 | total_gen=+7.7325 | d_real=+0.0526 | d_fake=+0.3609 | gnG=101.36 | gnD=6.69
it  20150/150000 | 3.12 it/s | λ_dis=0.800 | lr=9.6e-05 | mse=+0.1481 | ea_dists=+0.5077 | id=+0.4323 | gan_g=+8.5348 | total_gen=+7.5269 | d_real=+0.2913 | d_fake=+0.4565 | gnG=140.73 | gnD=25.20
it  20200/150000 | 3.07 it/s | λ_dis=0.800 | lr=9.6e-05 | mse=+0.1700 | ea_dists=+0.5115 | id=+0.4337 | gan_g=+8.5594 | total_gen=+7.5723 | d_real=+0.1233 | d_fake=+0.5415 | gnG=147.12 | gnD=17.67
it  20250/150000 | 3.10 it/s | λ_dis=0.800 | lr=9.6e-05 | mse=+0.1465 | ea_dists=+0.5084 | id=+0.4411 | gan_g=+9.4666 | total_gen=+8.2723 | d_real=+0.1342 | d_fake=+0.2877 | gnG=123.37 | gnD=18.71
it  20300/150000 | 3.11 it/s | λ_dis=0.800 | lr=9.6e-05 | mse=+0.1597 | ea_dists=+0.4979 | id=+0.4524 | gan_g=+8.7861 | total_gen=+7.7317 | d_real=+0.0740 | d_fake=+0.3358 | gnG=107.87 | gnD=10.52
it  20350/150000 | 3.15 it/s | λ_dis=0.800 | lr=9.6e-05 | mse=+0.1555 | ea_dists=+0.4969 | id=+0.4308 | gan_g=+9.8300 | total_gen=+8.5594 | d_real=+0.0631 | d_fake=+0.3850 | gnG=64.15 | gnD=5.36
it  20400/150000 | 3.08 it/s | λ_dis=0.800 | lr=9.6e-05 | mse=+0.1386 | ea_dists=+0.4990 | id=+0.4259 | gan_g=+9.6933 | total_gen=+8.4348 | d_real=+0.0480 | d_fake=+0.2360 | gnG=56.37 | gnD=10.57
it  20450/150000 | 3.13 it/s | λ_dis=0.800 | lr=9.6e-05 | mse=+0.1396 | ea_dists=+0.4948 | id=+0.4203 | gan_g=+9.4888 | total_gen=+8.2675 | d_real=+0.2780 | d_fake=+0.3767 | gnG=126.82 | gnD=15.70
it  20500/150000 | 3.11 it/s | λ_dis=0.800 | lr=9.6e-05 | mse=+0.1423 | ea_dists=+0.5168 | id=+0.4496 | gan_g=+9.2508 | total_gen=+8.1047 | d_real=+0.0559 | d_fake=+0.2843 | gnG=68.40 | gnD=5.77
it  20550/150000 | 3.11 it/s | λ_dis=0.800 | lr=9.6e-05 | mse=+0.1504 | ea_dists=+0.5076 | id=+0.4107 | gan_g=+9.2474 | total_gen=+8.0970 | d_real=+0.0710 | d_fake=+0.4923 | gnG=75.10 | gnD=15.83
it  20600/150000 | 3.08 it/s | λ_dis=0.800 | lr=9.6e-05 | mse=+0.1674 | ea_dists=+0.5105 | id=+0.4340 | gan_g=+9.0848 | total_gen=+7.9892 | d_real=+0.2603 | d_fake=+0.4502 | gnG=85.43 | gnD=27.20
it  20650/150000 | 3.11 it/s | λ_dis=0.800 | lr=9.6e-05 | mse=+0.1516 | ea_dists=+0.5188 | id=+0.4155 | gan_g=+8.5366 | total_gen=+7.5413 | d_real=+0.1180 | d_fake=+0.3774 | gnG=68.35 | gnD=22.61
it  20700/150000 | 3.07 it/s | λ_dis=0.800 | lr=9.6e-05 | mse=+0.1501 | ea_dists=+0.5080 | id=+0.4487 | gan_g=+9.1830 | total_gen=+8.0494 | d_real=+0.1320 | d_fake=+0.3158 | gnG=77.76 | gnD=18.38
it  20750/150000 | 3.12 it/s | λ_dis=0.800 | lr=9.6e-05 | mse=+0.1690 | ea_dists=+0.5192 | id=+0.4510 | gan_g=+8.3782 | total_gen=+7.4360 | d_real=+0.2290 | d_fake=+0.4097 | gnG=115.43 | gnD=18.51
it  20800/150000 | 3.05 it/s | λ_dis=0.800 | lr=9.6e-05 | mse=+0.1617 | ea_dists=+0.5160 | id=+0.4723 | gan_g=+7.4549 | total_gen=+6.6888 | d_real=+0.1201 | d_fake=+0.4579 | gnG=109.02 | gnD=22.22
it  20850/150000 | 3.10 it/s | λ_dis=0.800 | lr=9.6e-05 | mse=+0.1793 | ea_dists=+0.5229 | id=+0.4476 | gan_g=+7.3261 | total_gen=+6.6079 | d_real=+0.1039 | d_fake=+0.2740 | gnG=82.99 | gnD=9.65
it  20900/150000 | 3.07 it/s | λ_dis=0.800 | lr=9.6e-05 | mse=+0.1665 | ea_dists=+0.4989 | id=+0.4027 | gan_g=+8.5138 | total_gen=+7.5166 | d_real=+0.2216 | d_fake=+0.2536 | gnG=78.93 | gnD=34.38
it  20950/150000 | 3.13 it/s | λ_dis=0.800 | lr=9.6e-05 | mse=+0.1585 | ea_dists=+0.5062 | id=+0.4380 | gan_g=+7.7153 | total_gen=+6.8808 | d_real=+0.1921 | d_fake=+0.5803 | gnG=77.17 | gnD=17.65
it  21000/150000 | 3.06 it/s | λ_dis=0.800 | lr=9.6e-05 | mse=+0.1514 | ea_dists=+0.5023 | id=+0.4499 | gan_g=+7.6163 | total_gen=+6.7918 | d_real=+0.1915 | d_fake=+0.6283 | gnG=75.99 | gnD=24.45
it  21050/150000 | 3.12 it/s | λ_dis=0.800 | lr=9.6e-05 | mse=+0.1633 | ea_dists=+0.5179 | id=+0.4511 | gan_g=+7.6296 | total_gen=+6.8300 | d_real=+0.0776 | d_fake=+0.6058 | gnG=90.53 | gnD=19.17
it  21100/150000 | 3.06 it/s | λ_dis=0.800 | lr=9.6e-05 | mse=+0.1282 | ea_dists=+0.5075 | id=+0.4410 | gan_g=+7.9686 | total_gen=+7.0547 | d_real=+0.1162 | d_fake=+0.4064 | gnG=70.19 | gnD=13.36
it  21150/150000 | 3.11 it/s | λ_dis=0.800 | lr=9.6e-05 | mse=+0.1586 | ea_dists=+0.5169 | id=+0.4413 | gan_g=+8.9481 | total_gen=+7.8780 | d_real=+0.0587 | d_fake=+0.4321 | gnG=46.20 | gnD=7.07
it  21200/150000 | 3.08 it/s | λ_dis=0.800 | lr=9.6e-05 | mse=+0.1495 | ea_dists=+0.5052 | id=+0.4417 | gan_g=+7.3850 | total_gen=+6.6069 | d_real=+0.0220 | d_fake=+0.4945 | gnG=141.15 | gnD=11.60
it  21250/150000 | 3.14 it/s | λ_dis=0.800 | lr=9.6e-05 | mse=+0.1762 | ea_dists=+0.5162 | id=+0.4482 | gan_g=+8.4048 | total_gen=+7.4610 | d_real=+0.3519 | d_fake=+0.3245 | gnG=100.22 | gnD=22.72
it  21300/150000 | 3.10 it/s | λ_dis=0.800 | lr=9.6e-05 | mse=+0.1626 | ea_dists=+0.5068 | id=+0.4419 | gan_g=+9.0032 | total_gen=+7.9162 | d_real=+0.0606 | d_fake=+0.2348 | gnG=80.68 | gnD=14.43
it  21350/150000 | 3.13 it/s | λ_dis=0.800 | lr=9.6e-05 | mse=+0.1442 | ea_dists=+0.5076 | id=+0.4366 | gan_g=+8.1807 | total_gen=+7.2400 | d_real=+0.1098 | d_fake=+0.7121 | gnG=103.88 | gnD=23.17
it  21400/150000 | 3.10 it/s | λ_dis=0.800 | lr=9.6e-05 | mse=+0.1407 | ea_dists=+0.5000 | id=+0.4342 | gan_g=+8.0704 | total_gen=+7.1404 | d_real=+0.0993 | d_fake=+0.3485 | gnG=87.42 | gnD=10.28
it  21450/150000 | 3.15 it/s | λ_dis=0.800 | lr=9.6e-05 | mse=+0.1433 | ea_dists=+0.4980 | id=+0.4468 | gan_g=+8.5624 | total_gen=+7.5359 | d_real=+0.1385 | d_fake=+0.2542 | gnG=74.72 | gnD=15.49
it  21500/150000 | 3.10 it/s | λ_dis=0.800 | lr=9.6e-05 | mse=+0.1595 | ea_dists=+0.5072 | id=+0.4568 | gan_g=+7.9644 | total_gen=+7.0839 | d_real=+0.0366 | d_fake=+0.5959 | gnG=89.29 | gnD=26.37
it  21550/150000 | 3.13 it/s | λ_dis=0.800 | lr=9.6e-05 | mse=+0.1409 | ea_dists=+0.5080 | id=+0.4393 | gan_g=+8.3891 | total_gen=+7.4041 | d_real=+0.2100 | d_fake=+0.3715 | gnG=90.67 | gnD=19.83
it  21600/150000 | 3.06 it/s | λ_dis=0.800 | lr=9.6e-05 | mse=+0.1553 | ea_dists=+0.5153 | id=+0.4607 | gan_g=+8.1020 | total_gen=+7.1982 | d_real=+0.0889 | d_fake=+0.5004 | gnG=91.58 | gnD=27.73
it  21650/150000 | 3.10 it/s | λ_dis=0.800 | lr=9.6e-05 | mse=+0.1452 | ea_dists=+0.5023 | id=+0.4379 | gan_g=+8.3552 | total_gen=+7.3755 | d_real=+0.1870 | d_fake=+0.2782 | gnG=120.73 | gnD=37.62
it  21700/150000 | 3.08 it/s | λ_dis=0.800 | lr=9.6e-05 | mse=+0.1373 | ea_dists=+0.5060 | id=+0.4098 | gan_g=+8.6789 | total_gen=+7.6273 | d_real=+0.0984 | d_fake=+0.2954 | gnG=83.80 | gnD=26.71
it  21750/150000 | 3.14 it/s | λ_dis=0.800 | lr=9.6e-05 | mse=+0.1265 | ea_dists=+0.4988 | id=+0.4102 | gan_g=+9.0825 | total_gen=+7.9324 | d_real=+0.2430 | d_fake=+0.4963 | gnG=52.09 | gnD=21.12
it  21800/150000 | 3.05 it/s | λ_dis=0.800 | lr=9.6e-05 | mse=+0.1483 | ea_dists=+0.4967 | id=+0.4129 | gan_g=+8.3879 | total_gen=+7.3966 | d_real=+0.0768 | d_fake=+0.3822 | gnG=66.17 | gnD=5.91
it  21850/150000 | 3.12 it/s | λ_dis=0.800 | lr=9.6e-05 | mse=+0.1385 | ea_dists=+0.5061 | id=+0.4279 | gan_g=+8.2810 | total_gen=+7.3121 | d_real=+0.1760 | d_fake=+0.3649 | gnG=127.42 | gnD=21.14
it  21900/150000 | 3.08 it/s | λ_dis=0.800 | lr=9.6e-05 | mse=+0.1387 | ea_dists=+0.5022 | id=+0.4315 | gan_g=+7.5019 | total_gen=+6.6856 | d_real=+0.0503 | d_fake=+0.5570 | gnG=215.73 | gnD=15.65
it  21950/150000 | 3.15 it/s | λ_dis=0.800 | lr=9.6e-05 | mse=+0.1520 | ea_dists=+0.5136 | id=+0.4518 | gan_g=+8.7794 | total_gen=+7.7343 | d_real=+0.2046 | d_fake=+0.2697 | gnG=58.73 | gnD=21.45
it  22000/150000 | 3.09 it/s | λ_dis=0.800 | lr=9.6e-05 | mse=+0.1518 | ea_dists=+0.4980 | id=+0.4215 | gan_g=+7.7269 | total_gen=+6.8735 | d_real=+0.3578 | d_fake=+0.4855 | gnG=77.94 | gnD=13.52
  [iter 22000] saved sample → /projectnb/cs585/projects/craft/samples_stage2/iter_0022000.png
it  22050/150000 | 2.75 it/s | λ_dis=0.800 | lr=9.6e-05 | mse=+0.1672 | ea_dists=+0.5180 | id=+0.4276 | gan_g=+6.9961 | total_gen=+6.3249 | d_real=+0.0993 | d_fake=+0.4748 | gnG=100.42 | gnD=8.94
it  22100/150000 | 3.09 it/s | λ_dis=0.800 | lr=9.6e-05 | mse=+0.1521 | ea_dists=+0.5072 | id=+0.4383 | gan_g=+7.1803 | total_gen=+6.4474 | d_real=+0.0604 | d_fake=+0.6057 | gnG=78.32 | gnD=19.53
it  22150/150000 | 3.11 it/s | λ_dis=0.800 | lr=9.6e-05 | mse=+0.1684 | ea_dists=+0.5078 | id=+0.4322 | gan_g=+8.1186 | total_gen=+7.2144 | d_real=+0.1064 | d_fake=+0.3432 | gnG=145.70 | gnD=15.01
it  22200/150000 | 3.05 it/s | λ_dis=0.800 | lr=9.6e-05 | mse=+0.1393 | ea_dists=+0.5074 | id=+0.4503 | gan_g=+8.9268 | total_gen=+7.8331 | d_real=+0.0489 | d_fake=+0.3192 | gnG=88.97 | gnD=12.98
it  22250/150000 | 3.12 it/s | λ_dis=0.800 | lr=9.6e-05 | mse=+0.1450 | ea_dists=+0.5046 | id=+0.4224 | gan_g=+8.6137 | total_gen=+7.5827 | d_real=+0.0215 | d_fake=+0.5489 | gnG=87.09 | gnD=8.23
it  22300/150000 | 3.07 it/s | λ_dis=0.800 | lr=9.6e-05 | mse=+0.1473 | ea_dists=+0.5010 | id=+0.4088 | gan_g=+9.5350 | total_gen=+8.3172 | d_real=+0.0308 | d_fake=+0.3728 | gnG=39.01 | gnD=13.05
it  22350/150000 | 3.15 it/s | λ_dis=0.800 | lr=9.6e-05 | mse=+0.1468 | ea_dists=+0.5071 | id=+0.4523 | gan_g=+8.7420 | total_gen=+7.6928 | d_real=+0.1251 | d_fake=+0.5205 | gnG=64.70 | gnD=21.92
it  22400/150000 | 3.07 it/s | λ_dis=0.800 | lr=9.5e-05 | mse=+0.1483 | ea_dists=+0.5041 | id=+0.4185 | gan_g=+8.4995 | total_gen=+7.4939 | d_real=+0.1756 | d_fake=+0.2587 | gnG=88.89 | gnD=18.74
it  22450/150000 | 3.13 it/s | λ_dis=0.800 | lr=9.5e-05 | mse=+0.1456 | ea_dists=+0.4983 | id=+0.4212 | gan_g=+8.7932 | total_gen=+7.7205 | d_real=+0.0722 | d_fake=+0.5251 | gnG=126.95 | gnD=19.95
it  22500/150000 | 3.06 it/s | λ_dis=0.800 | lr=9.5e-05 | mse=+0.1462 | ea_dists=+0.4973 | id=+0.4418 | gan_g=+9.0110 | total_gen=+7.8965 | d_real=+0.1294 | d_fake=+0.5014 | gnG=137.02 | gnD=29.81
it  22550/150000 | 3.10 it/s | λ_dis=0.800 | lr=9.5e-05 | mse=+0.1433 | ea_dists=+0.4979 | id=+0.4163 | gan_g=+9.0095 | total_gen=+7.8904 | d_real=+0.1280 | d_fake=+0.5627 | gnG=90.57 | gnD=15.82
it  22600/150000 | 3.07 it/s | λ_dis=0.800 | lr=9.5e-05 | mse=+0.1450 | ea_dists=+0.4999 | id=+0.4114 | gan_g=+8.5908 | total_gen=+7.5588 | d_real=+0.1841 | d_fake=+0.4452 | gnG=129.89 | gnD=21.64
it  22650/150000 | 3.14 it/s | λ_dis=0.800 | lr=9.5e-05 | mse=+0.1521 | ea_dists=+0.5095 | id=+0.4345 | gan_g=+9.1262 | total_gen=+8.0060 | d_real=+0.0952 | d_fake=+0.4344 | gnG=101.06 | gnD=9.68
it  22700/150000 | 3.09 it/s | λ_dis=0.800 | lr=9.5e-05 | mse=+0.1705 | ea_dists=+0.5145 | id=+0.4335 | gan_g=+8.6754 | total_gen=+7.6687 | d_real=+0.1261 | d_fake=+0.3019 | gnG=165.44 | gnD=29.90
it  22750/150000 | 3.15 it/s | λ_dis=0.800 | lr=9.5e-05 | mse=+0.1451 | ea_dists=+0.4910 | id=+0.4243 | gan_g=+8.4688 | total_gen=+7.4536 | d_real=+0.1116 | d_fake=+0.5539 | gnG=112.91 | gnD=12.73
it  22800/150000 | 3.06 it/s | λ_dis=0.800 | lr=9.5e-05 | mse=+0.1457 | ea_dists=+0.5015 | id=+0.4168 | gan_g=+8.9664 | total_gen=+7.8620 | d_real=+0.1349 | d_fake=+0.4657 | gnG=82.66 | gnD=35.66
it  22850/150000 | 3.09 it/s | λ_dis=0.800 | lr=9.5e-05 | mse=+0.1652 | ea_dists=+0.5043 | id=+0.4368 | gan_g=+7.7670 | total_gen=+6.9268 | d_real=+0.2829 | d_fake=+0.6011 | gnG=131.87 | gnD=37.78
it  22900/150000 | 3.14 it/s | λ_dis=0.800 | lr=9.5e-05 | mse=+0.1472 | ea_dists=+0.5083 | id=+0.4287 | gan_g=+8.6298 | total_gen=+7.6023 | d_real=+0.0226 | d_fake=+0.2188 | gnG=49.84 | gnD=15.08
it  22950/150000 | 3.09 it/s | λ_dis=0.800 | lr=9.5e-05 | mse=+0.1402 | ea_dists=+0.5015 | id=+0.4394 | gan_g=+8.8189 | total_gen=+7.7408 | d_real=+0.0880 | d_fake=+0.3516 | gnG=71.11 | gnD=16.49
it  23000/150000 | 3.05 it/s | λ_dis=0.800 | lr=9.5e-05 | mse=+0.1483 | ea_dists=+0.5070 | id=+0.4223 | gan_g=+8.6186 | total_gen=+7.5924 | d_real=+0.1530 | d_fake=+0.7464 | gnG=75.13 | gnD=25.12
it  23050/150000 | 3.14 it/s | λ_dis=0.800 | lr=9.5e-05 | mse=+0.1527 | ea_dists=+0.5071 | id=+0.4405 | gan_g=+8.5432 | total_gen=+7.5384 | d_real=+0.1499 | d_fake=+0.3909 | gnG=143.19 | gnD=22.65
it  23100/150000 | 3.15 it/s | λ_dis=0.800 | lr=9.5e-05 | mse=+0.1445 | ea_dists=+0.4992 | id=+0.4608 | gan_g=+7.7730 | total_gen=+6.9082 | d_real=+0.0263 | d_fake=+0.6078 | gnG=141.76 | gnD=9.38
it  23150/150000 | 3.08 it/s | λ_dis=0.800 | lr=9.5e-05 | mse=+0.1448 | ea_dists=+0.5089 | id=+0.4462 | gan_g=+9.3507 | total_gen=+8.1789 | d_real=+0.0281 | d_fake=+0.3422 | gnG=78.29 | gnD=8.19
it  23200/150000 | 3.13 it/s | λ_dis=0.800 | lr=9.5e-05 | mse=+0.1554 | ea_dists=+0.5033 | id=+0.4442 | gan_g=+8.2076 | total_gen=+7.2692 | d_real=+0.0938 | d_fake=+0.4381 | gnG=176.25 | gnD=23.06
it  23250/150000 | 3.08 it/s | λ_dis=0.800 | lr=9.5e-05 | mse=+0.1404 | ea_dists=+0.5032 | id=+0.4457 | gan_g=+9.1208 | total_gen=+7.9849 | d_real=+0.1306 | d_fake=+0.2314 | gnG=169.87 | gnD=7.25
it  23300/150000 | 3.14 it/s | λ_dis=0.800 | lr=9.5e-05 | mse=+0.1419 | ea_dists=+0.4983 | id=+0.4520 | gan_g=+9.1175 | total_gen=+7.9794 | d_real=+0.0701 | d_fake=+0.4973 | gnG=115.28 | gnD=14.34
it  23350/150000 | 3.06 it/s | λ_dis=0.800 | lr=9.5e-05 | mse=+0.1396 | ea_dists=+0.4945 | id=+0.4370 | gan_g=+9.1207 | total_gen=+7.9743 | d_real=+0.1216 | d_fake=+0.5169 | gnG=76.35 | gnD=14.54
it  23400/150000 | 3.12 it/s | λ_dis=0.800 | lr=9.5e-05 | mse=+0.1554 | ea_dists=+0.5216 | id=+0.4444 | gan_g=+7.9095 | total_gen=+7.0491 | d_real=+0.2033 | d_fake=+0.4130 | gnG=143.46 | gnD=15.72
it  23450/150000 | 3.06 it/s | λ_dis=0.800 | lr=9.5e-05 | mse=+0.1394 | ea_dists=+0.5070 | id=+0.4397 | gan_g=+7.9266 | total_gen=+7.0317 | d_real=+0.0868 | d_fake=+0.6324 | gnG=170.61 | gnD=10.62
it  23500/150000 | 3.12 it/s | λ_dis=0.800 | lr=9.5e-05 | mse=+0.1551 | ea_dists=+0.5040 | id=+0.4505 | gan_g=+7.7791 | total_gen=+6.9274 | d_real=+0.2529 | d_fake=+0.3378 | gnG=100.96 | gnD=34.02
it  23550/150000 | 3.08 it/s | λ_dis=0.800 | lr=9.5e-05 | mse=+0.1304 | ea_dists=+0.5064 | id=+0.4266 | gan_g=+9.0050 | total_gen=+7.8834 | d_real=+0.2089 | d_fake=+0.2871 | gnG=109.49 | gnD=37.26
it  23600/150000 | 3.12 it/s | λ_dis=0.800 | lr=9.5e-05 | mse=+0.1845 | ea_dists=+0.5161 | id=+0.4632 | gan_g=+6.8562 | total_gen=+6.2319 | d_real=+0.2177 | d_fake=+0.5684 | gnG=116.14 | gnD=32.51
it  23650/150000 | 3.07 it/s | λ_dis=0.800 | lr=9.5e-05 | mse=+0.1449 | ea_dists=+0.5002 | id=+0.4481 | gan_g=+7.7698 | total_gen=+6.9058 | d_real=+0.2072 | d_fake=+0.4728 | gnG=120.26 | gnD=19.39
it  23700/150000 | 3.12 it/s | λ_dis=0.800 | lr=9.5e-05 | mse=+0.1511 | ea_dists=+0.5190 | id=+0.4487 | gan_g=+8.2156 | total_gen=+7.2874 | d_real=+0.1712 | d_fake=+0.2855 | gnG=93.98 | gnD=14.05
it  23750/150000 | 3.08 it/s | λ_dis=0.800 | lr=9.5e-05 | mse=+0.1446 | ea_dists=+0.4976 | id=+0.4347 | gan_g=+7.2957 | total_gen=+6.5222 | d_real=+0.2104 | d_fake=+0.2677 | gnG=68.66 | gnD=15.13
it  23800/150000 | 3.13 it/s | λ_dis=0.800 | lr=9.5e-05 | mse=+0.1389 | ea_dists=+0.5075 | id=+0.4130 | gan_g=+7.0691 | total_gen=+6.3430 | d_real=+0.3603 | d_fake=+0.1969 | gnG=61.02 | gnD=26.08
it  23850/150000 | 3.09 it/s | λ_dis=0.800 | lr=9.5e-05 | mse=+0.1547 | ea_dists=+0.5053 | id=+0.4579 | gan_g=+6.9828 | total_gen=+6.2921 | d_real=+0.0847 | d_fake=+0.3481 | gnG=100.91 | gnD=23.42
it  23900/150000 | 3.12 it/s | λ_dis=0.800 | lr=9.5e-05 | mse=+0.1639 | ea_dists=+0.5146 | id=+0.4582 | gan_g=+7.9291 | total_gen=+7.0677 | d_real=+0.0358 | d_fake=+0.4441 | gnG=122.74 | gnD=19.15
it  23950/150000 | 3.07 it/s | λ_dis=0.800 | lr=9.5e-05 | mse=+0.1465 | ea_dists=+0.4933 | id=+0.4366 | gan_g=+7.3541 | total_gen=+6.5668 | d_real=+0.2074 | d_fake=+0.5764 | gnG=105.63 | gnD=24.07
it  24000/150000 | 3.10 it/s | λ_dis=0.800 | lr=9.5e-05 | mse=+0.1752 | ea_dists=+0.5129 | id=+0.4620 | gan_g=+8.6210 | total_gen=+7.6311 | d_real=+0.0535 | d_fake=+0.3368 | gnG=143.01 | gnD=13.21
  [iter 24000] saved sample → /projectnb/cs585/projects/craft/samples_stage2/iter_0024000.png
it  24050/150000 | 2.70 it/s | λ_dis=0.800 | lr=9.5e-05 | mse=+0.1574 | ea_dists=+0.5008 | id=+0.4238 | gan_g=+8.4534 | total_gen=+7.4633 | d_real=+0.1162 | d_fake=+0.4535 | gnG=94.07 | gnD=19.69
it  24100/150000 | 3.10 it/s | λ_dis=0.800 | lr=9.5e-05 | mse=+0.1475 | ea_dists=+0.5020 | id=+0.4296 | gan_g=+8.5435 | total_gen=+7.5273 | d_real=+0.2074 | d_fake=+0.5225 | gnG=83.83 | gnD=43.36
it  24150/150000 | 3.08 it/s | λ_dis=0.800 | lr=9.5e-05 | mse=+0.1519 | ea_dists=+0.5030 | id=+0.4128 | gan_g=+7.1641 | total_gen=+6.4274 | d_real=+0.1477 | d_fake=+0.4803 | gnG=123.30 | gnD=17.61
it  24200/150000 | 3.12 it/s | λ_dis=0.800 | lr=9.5e-05 | mse=+0.1618 | ea_dists=+0.4980 | id=+0.4330 | gan_g=+7.4490 | total_gen=+6.6622 | d_real=+0.1904 | d_fake=+0.4372 | gnG=150.26 | gnD=12.66
it  24250/150000 | 3.07 it/s | λ_dis=0.800 | lr=9.5e-05 | mse=+0.1563 | ea_dists=+0.5016 | id=+0.4393 | gan_g=+7.7595 | total_gen=+6.9094 | d_real=+0.2486 | d_fake=+0.4088 | gnG=89.84 | gnD=16.23
it  24300/150000 | 3.11 it/s | λ_dis=0.800 | lr=9.5e-05 | mse=+0.1480 | ea_dists=+0.5173 | id=+0.4224 | gan_g=+7.2822 | total_gen=+6.5334 | d_real=+0.0927 | d_fake=+0.3684 | gnG=110.55 | gnD=9.65
it  24350/150000 | 3.07 it/s | λ_dis=0.800 | lr=9.5e-05 | mse=+0.1532 | ea_dists=+0.5019 | id=+0.3975 | gan_g=+8.0944 | total_gen=+7.1704 | d_real=+0.2149 | d_fake=+0.4532 | gnG=84.59 | gnD=21.44
it  24400/150000 | 3.12 it/s | λ_dis=0.800 | lr=9.5e-05 | mse=+0.1626 | ea_dists=+0.5083 | id=+0.4589 | gan_g=+8.2724 | total_gen=+7.3347 | d_real=+0.0794 | d_fake=+0.3118 | gnG=114.96 | gnD=33.52
it  24450/150000 | 3.05 it/s | λ_dis=0.800 | lr=9.5e-05 | mse=+0.1480 | ea_dists=+0.5141 | id=+0.4378 | gan_g=+8.9886 | total_gen=+7.8968 | d_real=+0.1581 | d_fake=+0.4684 | gnG=99.45 | gnD=23.34
it  24500/150000 | 3.11 it/s | λ_dis=0.800 | lr=9.5e-05 | mse=+0.1405 | ea_dists=+0.4972 | id=+0.4192 | gan_g=+8.4522 | total_gen=+7.4414 | d_real=+0.1398 | d_fake=+0.3540 | gnG=104.20 | gnD=19.47
it  24550/150000 | 3.08 it/s | λ_dis=0.800 | lr=9.5e-05 | mse=+0.1498 | ea_dists=+0.5023 | id=+0.4377 | gan_g=+7.8977 | total_gen=+7.0141 | d_real=+0.3129 | d_fake=+0.4416 | gnG=64.12 | gnD=29.23
it  24600/150000 | 3.11 it/s | λ_dis=0.800 | lr=9.5e-05 | mse=+0.1519 | ea_dists=+0.5065 | id=+0.4542 | gan_g=+7.9089 | total_gen=+7.0309 | d_real=+0.0998 | d_fake=+0.5689 | gnG=91.70 | gnD=12.72
it  24650/150000 | 3.10 it/s | λ_dis=0.800 | lr=9.5e-05 | mse=+0.1396 | ea_dists=+0.4998 | id=+0.4446 | gan_g=+7.8741 | total_gen=+6.9832 | d_real=+0.1433 | d_fake=+0.4262 | gnG=125.16 | gnD=39.00
it  24700/150000 | 3.11 it/s | λ_dis=0.800 | lr=9.4e-05 | mse=+0.1524 | ea_dists=+0.4998 | id=+0.4212 | gan_g=+7.5206 | total_gen=+6.7108 | d_real=+0.1195 | d_fake=+0.4122 | gnG=84.34 | gnD=8.04
it  24750/150000 | 3.05 it/s | λ_dis=0.800 | lr=9.4e-05 | mse=+0.1617 | ea_dists=+0.5110 | id=+0.4481 | gan_g=+7.5950 | total_gen=+6.7936 | d_real=+0.1549 | d_fake=+0.3744 | gnG=67.68 | gnD=9.69
it  24800/150000 | 3.15 it/s | λ_dis=0.800 | lr=9.4e-05 | mse=+0.1586 | ea_dists=+0.5107 | id=+0.4646 | gan_g=+8.0692 | total_gen=+7.1712 | d_real=+0.0372 | d_fake=+0.3996 | gnG=87.61 | gnD=14.45
it  24850/150000 | 3.10 it/s | λ_dis=0.800 | lr=9.4e-05 | mse=+0.1655 | ea_dists=+0.5113 | id=+0.4568 | gan_g=+8.1848 | total_gen=+7.2703 | d_real=+0.0223 | d_fake=+0.3588 | gnG=215.64 | gnD=9.12
it  24900/150000 | 3.14 it/s | λ_dis=0.800 | lr=9.4e-05 | mse=+0.1577 | ea_dists=+0.4982 | id=+0.4569 | gan_g=+8.2086 | total_gen=+7.2685 | d_real=+0.1115 | d_fake=+0.4220 | gnG=181.34 | gnD=14.31
it  24950/150000 | 3.10 it/s | λ_dis=0.800 | lr=9.4e-05 | mse=+0.1526 | ea_dists=+0.4974 | id=+0.4423 | gan_g=+8.6955 | total_gen=+7.6507 | d_real=+0.1157 | d_fake=+0.4234 | gnG=109.85 | gnD=12.06
it  25000/150000 | 3.14 it/s | λ_dis=0.800 | lr=9.4e-05 | mse=+0.1571 | ea_dists=+0.5060 | id=+0.4149 | gan_g=+8.4619 | total_gen=+7.4741 | d_real=+0.1091 | d_fake=+0.5371 | gnG=92.64 | gnD=41.78
  [iter 25000] saved ckpt → /projectnb/cs585/projects/craft/checkpoints_stage2/iter_0025000.pt
it  25050/150000 | 3.04 it/s | λ_dis=0.800 | lr=9.4e-05 | mse=+0.1737 | ea_dists=+0.5162 | id=+0.4306 | gan_g=+9.0201 | total_gen=+7.9490 | d_real=+0.1016 | d_fake=+0.4659 | gnG=59.90 | gnD=24.29
it  25100/150000 | 3.11 it/s | λ_dis=0.800 | lr=9.4e-05 | mse=+0.1388 | ea_dists=+0.4997 | id=+0.4377 | gan_g=+8.6598 | total_gen=+7.6102 | d_real=+0.2668 | d_fake=+0.4242 | gnG=104.60 | gnD=22.48
it  25150/150000 | 3.06 it/s | λ_dis=0.800 | lr=9.4e-05 | mse=+0.1374 | ea_dists=+0.4955 | id=+0.4292 | gan_g=+9.0723 | total_gen=+7.9336 | d_real=+0.1335 | d_fake=+0.3285 | gnG=100.89 | gnD=30.13
it  25200/150000 | 3.09 it/s | λ_dis=0.800 | lr=9.4e-05 | mse=+0.1362 | ea_dists=+0.5003 | id=+0.4049 | gan_g=+8.7255 | total_gen=+7.6574 | d_real=+0.1715 | d_fake=+0.3952 | gnG=43.35 | gnD=14.21
it  25250/150000 | 3.07 it/s | λ_dis=0.800 | lr=9.4e-05 | mse=+0.1440 | ea_dists=+0.4963 | id=+0.4385 | gan_g=+9.0964 | total_gen=+7.9613 | d_real=+0.0093 | d_fake=+0.3895 | gnG=48.79 | gnD=4.30
it  25300/150000 | 3.07 it/s | λ_dis=0.800 | lr=9.4e-05 | mse=+0.1408 | ea_dists=+0.4943 | id=+0.4377 | gan_g=+8.9414 | total_gen=+7.8320 | d_real=+0.0554 | d_fake=+0.5558 | gnG=91.53 | gnD=26.18
it  25350/150000 | 3.07 it/s | λ_dis=0.800 | lr=9.4e-05 | mse=+0.1311 | ea_dists=+0.4996 | id=+0.4271 | gan_g=+8.5377 | total_gen=+7.5036 | d_real=+0.0451 | d_fake=+0.3126 | gnG=89.54 | gnD=24.10
it  25400/150000 | 3.10 it/s | λ_dis=0.800 | lr=9.4e-05 | mse=+0.1492 | ea_dists=+0.5003 | id=+0.4486 | gan_g=+8.5765 | total_gen=+7.5556 | d_real=+0.0416 | d_fake=+0.5813 | gnG=98.30 | gnD=24.93
it  25450/150000 | 3.08 it/s | λ_dis=0.800 | lr=9.4e-05 | mse=+0.1384 | ea_dists=+0.5051 | id=+0.4322 | gan_g=+8.5826 | total_gen=+7.5528 | d_real=+0.2190 | d_fake=+0.4952 | gnG=140.86 | gnD=19.94
it  25500/150000 | 3.10 it/s | λ_dis=0.800 | lr=9.4e-05 | mse=+0.1493 | ea_dists=+0.4921 | id=+0.4198 | gan_g=+8.6951 | total_gen=+7.6395 | d_real=+0.0495 | d_fake=+0.3526 | gnG=113.22 | gnD=19.67
it  25550/150000 | 3.08 it/s | λ_dis=0.800 | lr=9.4e-05 | mse=+0.1363 | ea_dists=+0.4906 | id=+0.4088 | gan_g=+8.4808 | total_gen=+7.4525 | d_real=+0.0897 | d_fake=+0.3152 | gnG=114.60 | gnD=47.62
it  25600/150000 | 3.15 it/s | λ_dis=0.800 | lr=9.4e-05 | mse=+0.1608 | ea_dists=+0.5015 | id=+0.4031 | gan_g=+8.2742 | total_gen=+7.3220 | d_real=+0.3304 | d_fake=+0.4594 | gnG=102.47 | gnD=40.30
it  25650/150000 | 3.11 it/s | λ_dis=0.800 | lr=9.4e-05 | mse=+0.1599 | ea_dists=+0.4934 | id=+0.4383 | gan_g=+7.6253 | total_gen=+6.7974 | d_real=+0.1728 | d_fake=+0.6503 | gnG=148.77 | gnD=24.85
it  25700/150000 | 3.14 it/s | λ_dis=0.800 | lr=9.4e-05 | mse=+0.1492 | ea_dists=+0.5073 | id=+0.4176 | gan_g=+8.1169 | total_gen=+7.1919 | d_real=+0.0364 | d_fake=+0.4815 | gnG=94.33 | gnD=9.56
it  25750/150000 | 3.10 it/s | λ_dis=0.800 | lr=9.4e-05 | mse=+0.1338 | ea_dists=+0.5038 | id=+0.4318 | gan_g=+8.0857 | total_gen=+7.1492 | d_real=+0.2498 | d_fake=+0.4176 | gnG=75.14 | gnD=30.69
it  25800/150000 | 3.12 it/s | λ_dis=0.800 | lr=9.4e-05 | mse=+0.1423 | ea_dists=+0.4971 | id=+0.4357 | gan_g=+8.3789 | total_gen=+7.3860 | d_real=+0.0736 | d_fake=+0.4563 | gnG=76.11 | gnD=4.09
it  25850/150000 | 3.06 it/s | λ_dis=0.800 | lr=9.4e-05 | mse=+0.1475 | ea_dists=+0.4910 | id=+0.4185 | gan_g=+8.3092 | total_gen=+7.3276 | d_real=+0.2242 | d_fake=+0.5246 | gnG=79.56 | gnD=30.09
it  25900/150000 | 3.10 it/s | λ_dis=0.800 | lr=9.4e-05 | mse=+0.1383 | ea_dists=+0.4944 | id=+0.4153 | gan_g=+8.5738 | total_gen=+7.5333 | d_real=+0.1004 | d_fake=+0.3542 | gnG=155.51 | gnD=21.53
it  25950/150000 | 3.04 it/s | λ_dis=0.800 | lr=9.4e-05 | mse=+0.1237 | ea_dists=+0.5005 | id=+0.4154 | gan_g=+9.1545 | total_gen=+7.9894 | d_real=+0.0525 | d_fake=+0.2735 | gnG=95.71 | gnD=15.74
it  26000/150000 | 3.11 it/s | λ_dis=0.800 | lr=9.4e-05 | mse=+0.1290 | ea_dists=+0.4905 | id=+0.4354 | gan_g=+9.0875 | total_gen=+7.9330 | d_real=+0.2526 | d_fake=+0.4657 | gnG=78.57 | gnD=26.12
  [iter 26000] saved sample → /projectnb/cs585/projects/craft/samples_stage2/iter_0026000.png
it  26050/150000 | 2.68 it/s | λ_dis=0.800 | lr=9.4e-05 | mse=+0.1519 | ea_dists=+0.4943 | id=+0.4316 | gan_g=+9.1045 | total_gen=+7.9729 | d_real=+0.1154 | d_fake=+0.5375 | gnG=103.03 | gnD=13.51
it  26100/150000 | 3.11 it/s | λ_dis=0.800 | lr=9.4e-05 | mse=+0.1569 | ea_dists=+0.5040 | id=+0.4062 | gan_g=+9.3196 | total_gen=+8.1572 | d_real=+0.1149 | d_fake=+0.4469 | gnG=90.64 | gnD=21.67
it  26150/150000 | 3.07 it/s | λ_dis=0.800 | lr=9.4e-05 | mse=+0.1424 | ea_dists=+0.4900 | id=+0.4216 | gan_g=+8.6564 | total_gen=+7.5997 | d_real=+0.1239 | d_fake=+0.4763 | gnG=116.11 | gnD=14.94
it  26200/150000 | 3.10 it/s | λ_dis=0.800 | lr=9.4e-05 | mse=+0.1525 | ea_dists=+0.5012 | id=+0.4233 | gan_g=+9.1771 | total_gen=+8.0377 | d_real=+0.0808 | d_fake=+0.3024 | gnG=123.02 | gnD=29.16
it  26250/150000 | 3.12 it/s | λ_dis=0.800 | lr=9.4e-05 | mse=+0.1430 | ea_dists=+0.4914 | id=+0.4032 | gan_g=+8.9327 | total_gen=+7.8209 | d_real=+0.1310 | d_fake=+0.4451 | gnG=102.17 | gnD=36.69
it  26300/150000 | 3.15 it/s | λ_dis=0.800 | lr=9.4e-05 | mse=+0.1280 | ea_dists=+0.4895 | id=+0.4417 | gan_g=+8.3371 | total_gen=+7.3314 | d_real=+0.0400 | d_fake=+0.6344 | gnG=220.13 | gnD=17.16
it  26350/150000 | 3.07 it/s | λ_dis=0.800 | lr=9.4e-05 | mse=+0.1602 | ea_dists=+0.5083 | id=+0.4262 | gan_g=+9.2424 | total_gen=+8.1050 | d_real=+0.1380 | d_fake=+0.5766 | gnG=88.94 | gnD=32.14
it  26400/150000 | 3.15 it/s | λ_dis=0.800 | lr=9.4e-05 | mse=+0.1397 | ea_dists=+0.4962 | id=+0.4025 | gan_g=+9.4478 | total_gen=+8.2344 | d_real=+0.1027 | d_fake=+0.3455 | gnG=117.18 | gnD=13.65
it  26450/150000 | 3.09 it/s | λ_dis=0.800 | lr=9.4e-05 | mse=+0.1407 | ea_dists=+0.5026 | id=+0.4352 | gan_g=+9.2974 | total_gen=+8.1247 | d_real=+0.0162 | d_fake=+0.4550 | gnG=73.64 | gnD=6.79
it  26500/150000 | 3.12 it/s | λ_dis=0.800 | lr=9.4e-05 | mse=+0.1291 | ea_dists=+0.4916 | id=+0.4376 | gan_g=+9.2955 | total_gen=+8.1008 | d_real=+0.0086 | d_fake=+0.3336 | gnG=29.11 | gnD=4.61
it  26550/150000 | 3.10 it/s | λ_dis=0.800 | lr=9.4e-05 | mse=+0.1435 | ea_dists=+0.5058 | id=+0.4006 | gan_g=+9.2787 | total_gen=+8.1123 | d_real=+0.1787 | d_fake=+0.4881 | gnG=209.12 | gnD=23.31
it  26600/150000 | 3.15 it/s | λ_dis=0.800 | lr=9.4e-05 | mse=+0.1463 | ea_dists=+0.5018 | id=+0.4325 | gan_g=+9.3318 | total_gen=+8.1568 | d_real=+0.1837 | d_fake=+0.3244 | gnG=125.98 | gnD=11.83
it  26650/150000 | 3.14 it/s | λ_dis=0.800 | lr=9.4e-05 | mse=+0.1504 | ea_dists=+0.4952 | id=+0.4234 | gan_g=+7.3574 | total_gen=+6.5738 | d_real=+0.2606 | d_fake=+0.5617 | gnG=74.82 | gnD=27.94
it  26700/150000 | 3.10 it/s | λ_dis=0.800 | lr=9.4e-05 | mse=+0.1659 | ea_dists=+0.5005 | id=+0.4528 | gan_g=+8.2661 | total_gen=+7.3246 | d_real=+0.1807 | d_fake=+0.3864 | gnG=185.57 | gnD=8.37
it  26750/150000 | 3.10 it/s | λ_dis=0.800 | lr=9.4e-05 | mse=+0.1490 | ea_dists=+0.4974 | id=+0.4210 | gan_g=+7.7088 | total_gen=+6.8555 | d_real=+0.1940 | d_fake=+0.5948 | gnG=133.40 | gnD=24.04
it  26800/150000 | 3.15 it/s | λ_dis=0.800 | lr=9.4e-05 | mse=+0.1327 | ea_dists=+0.4939 | id=+0.4382 | gan_g=+7.6406 | total_gen=+6.7829 | d_real=+0.1130 | d_fake=+0.5680 | gnG=97.06 | gnD=21.69
it  26850/150000 | 3.14 it/s | λ_dis=0.800 | lr=9.3e-05 | mse=+0.1376 | ea_dists=+0.5092 | id=+0.4328 | gan_g=+7.6294 | total_gen=+6.7937 | d_real=+0.1521 | d_fake=+0.3510 | gnG=80.32 | gnD=20.92
it  26900/150000 | 3.10 it/s | λ_dis=0.800 | lr=9.3e-05 | mse=+0.1531 | ea_dists=+0.4983 | id=+0.4302 | gan_g=+7.5682 | total_gen=+6.7490 | d_real=+0.2089 | d_fake=+0.5894 | gnG=161.88 | gnD=18.90
it  26950/150000 | 3.11 it/s | λ_dis=0.800 | lr=9.3e-05 | mse=+0.1412 | ea_dists=+0.5039 | id=+0.4246 | gan_g=+7.9459 | total_gen=+7.0444 | d_real=+0.0553 | d_fake=+0.3614 | gnG=80.53 | gnD=38.36
it  27000/150000 | 3.15 it/s | λ_dis=0.800 | lr=9.3e-05 | mse=+0.1438 | ea_dists=+0.5036 | id=+0.3983 | gan_g=+8.6121 | total_gen=+7.5768 | d_real=+0.0724 | d_fake=+0.4466 | gnG=71.25 | gnD=20.51
it  27050/150000 | 3.14 it/s | λ_dis=0.800 | lr=9.3e-05 | mse=+0.1419 | ea_dists=+0.4931 | id=+0.4085 | gan_g=+8.1857 | total_gen=+7.2243 | d_real=+0.0945 | d_fake=+0.2957 | gnG=116.21 | gnD=16.27
it  27100/150000 | 3.11 it/s | λ_dis=0.800 | lr=9.3e-05 | mse=+0.1348 | ea_dists=+0.5089 | id=+0.4327 | gan_g=+9.3664 | total_gen=+8.1800 | d_real=+0.1484 | d_fake=+0.3664 | gnG=178.34 | gnD=26.30
it  27150/150000 | 3.16 it/s | λ_dis=0.800 | lr=9.3e-05 | mse=+0.1128 | ea_dists=+0.4929 | id=+0.3948 | gan_g=+9.3006 | total_gen=+8.0856 | d_real=+0.0424 | d_fake=+0.3913 | gnG=98.09 | gnD=38.57
it  27200/150000 | 3.10 it/s | λ_dis=0.800 | lr=9.3e-05 | mse=+0.1492 | ea_dists=+0.4931 | id=+0.4042 | gan_g=+7.5882 | total_gen=+6.7534 | d_real=+0.3321 | d_fake=+0.5337 | gnG=84.58 | gnD=11.33
it  27250/150000 | 3.14 it/s | λ_dis=0.800 | lr=9.3e-05 | mse=+0.1517 | ea_dists=+0.5115 | id=+0.4056 | gan_g=+7.5119 | total_gen=+6.7132 | d_real=+0.1348 | d_fake=+0.4180 | gnG=172.18 | gnD=16.37
it  27300/150000 | 3.09 it/s | λ_dis=0.800 | lr=9.3e-05 | mse=+0.1474 | ea_dists=+0.5062 | id=+0.4150 | gan_g=+7.9316 | total_gen=+7.0405 | d_real=+0.0894 | d_fake=+0.5039 | gnG=162.67 | gnD=20.62
it  27350/150000 | 3.12 it/s | λ_dis=0.800 | lr=9.3e-05 | mse=+0.1406 | ea_dists=+0.5201 | id=+0.4199 | gan_g=+8.3630 | total_gen=+7.3931 | d_real=+0.1361 | d_fake=+0.5464 | gnG=144.54 | gnD=23.51
it  27400/150000 | 3.10 it/s | λ_dis=0.800 | lr=9.3e-05 | mse=+0.1400 | ea_dists=+0.4991 | id=+0.4351 | gan_g=+8.3980 | total_gen=+7.4010 | d_real=+0.1718 | d_fake=+0.2613 | gnG=253.15 | gnD=26.93
it  27450/150000 | 3.13 it/s | λ_dis=0.800 | lr=9.3e-05 | mse=+0.1254 | ea_dists=+0.4947 | id=+0.4203 | gan_g=+8.6310 | total_gen=+7.5670 | d_real=+0.0930 | d_fake=+0.6333 | gnG=146.45 | gnD=31.52
it  27500/150000 | 3.10 it/s | λ_dis=0.800 | lr=9.3e-05 | mse=+0.1362 | ea_dists=+0.5021 | id=+0.3995 | gan_g=+9.4725 | total_gen=+8.2562 | d_real=+0.0675 | d_fake=+0.2877 | gnG=75.78 | gnD=20.13
it  27550/150000 | 3.15 it/s | λ_dis=0.800 | lr=9.3e-05 | mse=+0.1478 | ea_dists=+0.5005 | id=+0.4014 | gan_g=+9.7081 | total_gen=+8.4549 | d_real=+0.0650 | d_fake=+0.4661 | gnG=86.87 | gnD=10.14
it  27600/150000 | 3.10 it/s | λ_dis=0.800 | lr=9.3e-05 | mse=+0.1289 | ea_dists=+0.4902 | id=+0.4007 | gan_g=+9.1581 | total_gen=+7.9857 | d_real=+0.0806 | d_fake=+0.4538 | gnG=157.34 | gnD=14.66
it  27650/150000 | 3.13 it/s | λ_dis=0.800 | lr=9.3e-05 | mse=+0.1211 | ea_dists=+0.4918 | id=+0.4110 | gan_g=+8.6260 | total_gen=+7.5548 | d_real=+0.0904 | d_fake=+0.5604 | gnG=153.02 | gnD=18.28
it  27700/150000 | 3.10 it/s | λ_dis=0.800 | lr=9.3e-05 | mse=+0.1292 | ea_dists=+0.4962 | id=+0.3957 | gan_g=+7.9190 | total_gen=+7.0002 | d_real=+0.0988 | d_fake=+0.4993 | gnG=148.04 | gnD=11.90
it  27750/150000 | 3.16 it/s | λ_dis=0.800 | lr=9.3e-05 | mse=+0.1341 | ea_dists=+0.4907 | id=+0.4337 | gan_g=+8.6707 | total_gen=+7.6047 | d_real=+0.0512 | d_fake=+0.4081 | gnG=124.00 | gnD=17.24
it  27800/150000 | 3.10 it/s | λ_dis=0.800 | lr=9.3e-05 | mse=+0.1242 | ea_dists=+0.4838 | id=+0.4159 | gan_g=+8.5226 | total_gen=+7.4677 | d_real=+0.1605 | d_fake=+0.4175 | gnG=112.83 | gnD=19.91
it  27850/150000 | 3.11 it/s | λ_dis=0.800 | lr=9.3e-05 | mse=+0.1453 | ea_dists=+0.4937 | id=+0.4143 | gan_g=+7.9637 | total_gen=+7.0514 | d_real=+0.1094 | d_fake=+0.5132 | gnG=136.00 | gnD=17.36
it  27900/150000 | 3.08 it/s | λ_dis=0.800 | lr=9.3e-05 | mse=+0.1340 | ea_dists=+0.4909 | id=+0.4165 | gan_g=+8.5891 | total_gen=+7.5378 | d_real=+0.0593 | d_fake=+0.6195 | gnG=142.80 | gnD=14.21
it  27950/150000 | 3.15 it/s | λ_dis=0.800 | lr=9.3e-05 | mse=+0.1414 | ea_dists=+0.4989 | id=+0.4421 | gan_g=+9.5260 | total_gen=+8.3053 | d_real=+0.0867 | d_fake=+0.4893 | gnG=197.97 | gnD=27.20
it  28000/150000 | 3.10 it/s | λ_dis=0.800 | lr=9.3e-05 | mse=+0.1374 | ea_dists=+0.5085 | id=+0.4094 | gan_g=+8.7678 | total_gen=+7.7011 | d_real=+0.1085 | d_fake=+0.3212 | gnG=106.56 | gnD=9.98
  [iter 28000] saved sample → /projectnb/cs585/projects/craft/samples_stage2/iter_0028000.png
it  28050/150000 | 2.72 it/s | λ_dis=0.800 | lr=9.3e-05 | mse=+0.1323 | ea_dists=+0.4948 | id=+0.4211 | gan_g=+8.1117 | total_gen=+7.1585 | d_real=+0.1667 | d_fake=+0.4948 | gnG=129.71 | gnD=40.82
it  28100/150000 | 3.09 it/s | λ_dis=0.800 | lr=9.3e-05 | mse=+0.1379 | ea_dists=+0.4939 | id=+0.4118 | gan_g=+8.6013 | total_gen=+7.5540 | d_real=+0.0969 | d_fake=+0.6431 | gnG=116.89 | gnD=19.43
it  28150/150000 | 3.11 it/s | λ_dis=0.800 | lr=9.3e-05 | mse=+0.1258 | ea_dists=+0.4823 | id=+0.3871 | gan_g=+8.1595 | total_gen=+7.1744 | d_real=+0.1063 | d_fake=+0.5358 | gnG=54.37 | gnD=14.94
it  28200/150000 | 3.05 it/s | λ_dis=0.800 | lr=9.3e-05 | mse=+0.1522 | ea_dists=+0.4967 | id=+0.4281 | gan_g=+7.6439 | total_gen=+6.8068 | d_real=+0.2236 | d_fake=+0.4505 | gnG=125.08 | gnD=16.85
it  28250/150000 | 3.10 it/s | λ_dis=0.800 | lr=9.3e-05 | mse=+0.1452 | ea_dists=+0.4973 | id=+0.4115 | gan_g=+7.2623 | total_gen=+6.4935 | d_real=+0.1521 | d_fake=+0.5530 | gnG=114.95 | gnD=34.14
it  28300/150000 | 3.07 it/s | λ_dis=0.800 | lr=9.3e-05 | mse=+0.1425 | ea_dists=+0.5011 | id=+0.4412 | gan_g=+8.3632 | total_gen=+7.3783 | d_real=+0.2750 | d_fake=+0.4285 | gnG=105.48 | gnD=32.43
it  28350/150000 | 3.15 it/s | λ_dis=0.800 | lr=9.3e-05 | mse=+0.1481 | ea_dists=+0.4957 | id=+0.4172 | gan_g=+8.3118 | total_gen=+7.3350 | d_real=+0.0253 | d_fake=+0.2272 | gnG=112.55 | gnD=3.29
it  28400/150000 | 3.09 it/s | λ_dis=0.800 | lr=9.3e-05 | mse=+0.1308 | ea_dists=+0.4823 | id=+0.4189 | gan_g=+7.6844 | total_gen=+6.8026 | d_real=+0.1375 | d_fake=+0.4393 | gnG=117.37 | gnD=22.54
it  28450/150000 | 3.09 it/s | λ_dis=0.800 | lr=9.3e-05 | mse=+0.1479 | ea_dists=+0.4905 | id=+0.4408 | gan_g=+8.0877 | total_gen=+7.1527 | d_real=+0.1191 | d_fake=+0.4059 | gnG=94.87 | gnD=15.97
it  28500/150000 | 3.10 it/s | λ_dis=0.800 | lr=9.3e-05 | mse=+0.1505 | ea_dists=+0.4937 | id=+0.4539 | gan_g=+8.0360 | total_gen=+7.1185 | d_real=+0.1342 | d_fake=+0.5561 | gnG=81.97 | gnD=19.85
it  28550/150000 | 3.12 it/s | λ_dis=0.800 | lr=9.3e-05 | mse=+0.1495 | ea_dists=+0.4956 | id=+0.4339 | gan_g=+7.6202 | total_gen=+6.7847 | d_real=+0.1176 | d_fake=+0.5390 | gnG=95.76 | gnD=9.95
it  28600/150000 | 3.06 it/s | λ_dis=0.800 | lr=9.3e-05 | mse=+0.1403 | ea_dists=+0.4871 | id=+0.4070 | gan_g=+8.3084 | total_gen=+7.3149 | d_real=+0.1915 | d_fake=+0.4964 | gnG=69.87 | gnD=15.52
it  28650/150000 | 3.10 it/s | λ_dis=0.800 | lr=9.3e-05 | mse=+0.1478 | ea_dists=+0.4964 | id=+0.4105 | gan_g=+7.5035 | total_gen=+6.6881 | d_real=+0.1985 | d_fake=+0.4973 | gnG=72.09 | gnD=20.72
it  28700/150000 | 3.06 it/s | λ_dis=0.800 | lr=9.3e-05 | mse=+0.1396 | ea_dists=+0.5040 | id=+0.4239 | gan_g=+7.7104 | total_gen=+6.8544 | d_real=+0.1941 | d_fake=+0.3842 | gnG=99.70 | gnD=12.60
it  28750/150000 | 3.10 it/s | λ_dis=0.800 | lr=9.3e-05 | mse=+0.1513 | ea_dists=+0.4986 | id=+0.4371 | gan_g=+7.4709 | total_gen=+6.6704 | d_real=+0.0802 | d_fake=+0.5081 | gnG=152.06 | gnD=28.56
it  28800/150000 | 3.05 it/s | λ_dis=0.800 | lr=9.2e-05 | mse=+0.1478 | ea_dists=+0.4973 | id=+0.4006 | gan_g=+8.7386 | total_gen=+7.6761 | d_real=+0.1440 | d_fake=+0.4896 | gnG=140.39 | gnD=16.78
it  28850/150000 | 3.09 it/s | λ_dis=0.800 | lr=9.2e-05 | mse=+0.1421 | ea_dists=+0.4955 | id=+0.4516 | gan_g=+7.7059 | total_gen=+6.8475 | d_real=+0.3429 | d_fake=+0.5634 | gnG=187.94 | gnD=47.73
it  28900/150000 | 3.09 it/s | λ_dis=0.800 | lr=9.2e-05 | mse=+0.1417 | ea_dists=+0.5019 | id=+0.4147 | gan_g=+9.0556 | total_gen=+7.9296 | d_real=+0.0811 | d_fake=+0.3868 | gnG=122.31 | gnD=11.49
it  28950/150000 | 3.12 it/s | λ_dis=0.800 | lr=9.2e-05 | mse=+0.1429 | ea_dists=+0.4908 | id=+0.4143 | gan_g=+8.9154 | total_gen=+7.8074 | d_real=+0.0406 | d_fake=+0.4159 | gnG=99.73 | gnD=12.67
it  29000/150000 | 3.08 it/s | λ_dis=0.800 | lr=9.2e-05 | mse=+0.1274 | ea_dists=+0.4858 | id=+0.4225 | gan_g=+8.2904 | total_gen=+7.2877 | d_real=+0.1375 | d_fake=+0.3858 | gnG=165.50 | gnD=8.86
it  29050/150000 | 3.14 it/s | λ_dis=0.800 | lr=9.2e-05 | mse=+0.1418 | ea_dists=+0.4958 | id=+0.4257 | gan_g=+8.8306 | total_gen=+7.7447 | d_real=+0.0200 | d_fake=+0.4820 | gnG=110.79 | gnD=7.57
it  29100/150000 | 3.06 it/s | λ_dis=0.800 | lr=9.2e-05 | mse=+0.1299 | ea_dists=+0.4860 | id=+0.4040 | gan_g=+8.3827 | total_gen=+7.3624 | d_real=+0.2118 | d_fake=+0.6785 | gnG=52.95 | gnD=34.85
it  29150/150000 | 3.12 it/s | λ_dis=0.800 | lr=9.2e-05 | mse=+0.1334 | ea_dists=+0.4876 | id=+0.4098 | gan_g=+8.5765 | total_gen=+7.5232 | d_real=+0.1534 | d_fake=+0.3896 | gnG=110.49 | gnD=20.05
it  29200/150000 | 3.08 it/s | λ_dis=0.800 | lr=9.2e-05 | mse=+0.1294 | ea_dists=+0.4936 | id=+0.4135 | gan_g=+7.7785 | total_gen=+6.8871 | d_real=+0.1483 | d_fake=+0.3884 | gnG=131.61 | gnD=14.61
it  29250/150000 | 3.10 it/s | λ_dis=0.800 | lr=9.2e-05 | mse=+0.1330 | ea_dists=+0.4877 | id=+0.4164 | gan_g=+7.8760 | total_gen=+6.9632 | d_real=+0.1359 | d_fake=+0.5655 | gnG=55.58 | gnD=8.57
it  29300/150000 | 3.07 it/s | λ_dis=0.800 | lr=9.2e-05 | mse=+0.1410 | ea_dists=+0.5048 | id=+0.4256 | gan_g=+7.7108 | total_gen=+6.8570 | d_real=+0.2518 | d_fake=+0.3997 | gnG=122.73 | gnD=18.81
it  29350/150000 | 3.12 it/s | λ_dis=0.800 | lr=9.2e-05 | mse=+0.1360 | ea_dists=+0.4951 | id=+0.4010 | gan_g=+8.3550 | total_gen=+7.3552 | d_real=+0.0728 | d_fake=+0.5272 | gnG=132.43 | gnD=22.29
it  29400/150000 | 3.08 it/s | λ_dis=0.800 | lr=9.2e-05 | mse=+0.1411 | ea_dists=+0.4996 | id=+0.4088 | gan_g=+7.6537 | total_gen=+6.8046 | d_real=+0.1864 | d_fake=+0.4801 | gnG=64.78 | gnD=36.15
it  29450/150000 | 3.14 it/s | λ_dis=0.800 | lr=9.2e-05 | mse=+0.1282 | ea_dists=+0.4941 | id=+0.4122 | gan_g=+7.9030 | total_gen=+6.9859 | d_real=+0.0173 | d_fake=+0.2482 | gnG=102.09 | gnD=9.63
it  29500/150000 | 3.10 it/s | λ_dis=0.800 | lr=9.2e-05 | mse=+0.1304 | ea_dists=+0.5015 | id=+0.4149 | gan_g=+7.9840 | total_gen=+7.0606 | d_real=+0.1952 | d_fake=+0.4071 | gnG=83.29 | gnD=28.80
it  29550/150000 | 3.11 it/s | λ_dis=0.800 | lr=9.2e-05 | mse=+0.1267 | ea_dists=+0.5016 | id=+0.4238 | gan_g=+7.7437 | total_gen=+6.8656 | d_real=+0.1610 | d_fake=+0.7676 | gnG=103.88 | gnD=27.33
it  29600/150000 | 3.07 it/s | λ_dis=0.800 | lr=9.2e-05 | mse=+0.1406 | ea_dists=+0.4924 | id=+0.4271 | gan_g=+8.2713 | total_gen=+7.2928 | d_real=+0.0616 | d_fake=+0.6389 | gnG=125.72 | gnD=22.97
it  29650/150000 | 3.09 it/s | λ_dis=0.800 | lr=9.2e-05 | mse=+0.1134 | ea_dists=+0.4937 | id=+0.4056 | gan_g=+7.7180 | total_gen=+6.8220 | d_real=+0.1453 | d_fake=+0.4744 | gnG=151.76 | gnD=18.39
it  29700/150000 | 3.11 it/s | λ_dis=0.800 | lr=9.2e-05 | mse=+0.1388 | ea_dists=+0.4997 | id=+0.4414 | gan_g=+7.9101 | total_gen=+7.0106 | d_real=+0.1776 | d_fake=+0.6048 | gnG=151.15 | gnD=17.18
it  29750/150000 | 3.14 it/s | λ_dis=0.800 | lr=9.2e-05 | mse=+0.1714 | ea_dists=+0.5121 | id=+0.4423 | gan_g=+7.2795 | total_gen=+6.5512 | d_real=+0.0821 | d_fake=+0.4099 | gnG=206.00 | gnD=9.72
it  29800/150000 | 3.09 it/s | λ_dis=0.800 | lr=9.2e-05 | mse=+0.1499 | ea_dists=+0.5034 | id=+0.4159 | gan_g=+7.3708 | total_gen=+6.5915 | d_real=+0.1172 | d_fake=+0.5593 | gnG=193.56 | gnD=21.51
it  29850/150000 | 3.14 it/s | λ_dis=0.800 | lr=9.2e-05 | mse=+0.1271 | ea_dists=+0.4913 | id=+0.4020 | gan_g=+7.4028 | total_gen=+6.5808 | d_real=+0.1926 | d_fake=+0.5684 | gnG=97.21 | gnD=20.54
it  29900/150000 | 3.11 it/s | λ_dis=0.800 | lr=9.2e-05 | mse=+0.1405 | ea_dists=+0.4951 | id=+0.4161 | gan_g=+8.1380 | total_gen=+7.1876 | d_real=+0.2209 | d_fake=+0.4244 | gnG=129.60 | gnD=25.39
it  29950/150000 | 3.14 it/s | λ_dis=0.800 | lr=9.2e-05 | mse=+0.1368 | ea_dists=+0.4954 | id=+0.4125 | gan_g=+8.0441 | total_gen=+7.1088 | d_real=+0.1447 | d_fake=+0.3785 | gnG=101.46 | gnD=20.86
it  30000/150000 | 3.15 it/s | λ_dis=0.800 | lr=9.2e-05 | mse=+0.1290 | ea_dists=+0.4968 | id=+0.4330 | gan_g=+8.1860 | total_gen=+7.2178 | d_real=+0.1207 | d_fake=+0.4971 | gnG=92.39 | gnD=21.36
  [iter 30000] saved sample → /projectnb/cs585/projects/craft/samples_stage2/iter_0030000.png
  [iter 30000] saved ckpt → /projectnb/cs585/projects/craft/checkpoints_stage2/iter_0030000.pt
it  30050/150000 | 2.64 it/s | λ_dis=0.800 | lr=9.2e-05 | mse=+0.1428 | ea_dists=+0.4979 | id=+0.4184 | gan_g=+8.0941 | total_gen=+7.1578 | d_real=+0.0380 | d_fake=+0.5260 | gnG=153.16 | gnD=13.38
it  30100/150000 | 3.06 it/s | λ_dis=0.800 | lr=9.2e-05 | mse=+0.1350 | ea_dists=+0.4959 | id=+0.4104 | gan_g=+8.5005 | total_gen=+7.4723 | d_real=+0.1060 | d_fake=+0.4391 | gnG=94.26 | gnD=24.64
it  30150/150000 | 3.10 it/s | λ_dis=0.800 | lr=9.2e-05 | mse=+0.1360 | ea_dists=+0.4846 | id=+0.3855 | gan_g=+9.2501 | total_gen=+8.0593 | d_real=+0.1036 | d_fake=+0.2837 | gnG=157.07 | gnD=14.48
it  30200/150000 | 3.08 it/s | λ_dis=0.800 | lr=9.2e-05 | mse=+0.1405 | ea_dists=+0.4975 | id=+0.4146 | gan_g=+8.1646 | total_gen=+7.2111 | d_real=+0.3917 | d_fake=+0.5629 | gnG=128.87 | gnD=44.99
it  30250/150000 | 3.11 it/s | λ_dis=0.800 | lr=9.2e-05 | mse=+0.1302 | ea_dists=+0.4949 | id=+0.4108 | gan_g=+8.0550 | total_gen=+7.1102 | d_real=+0.2324 | d_fake=+0.4441 | gnG=145.74 | gnD=27.57
it  30300/150000 | 3.05 it/s | λ_dis=0.800 | lr=9.2e-05 | mse=+0.1258 | ea_dists=+0.4869 | id=+0.3840 | gan_g=+8.3330 | total_gen=+7.3174 | d_real=+0.0913 | d_fake=+0.4933 | gnG=72.72 | gnD=12.71
it  30350/150000 | 3.12 it/s | λ_dis=0.800 | lr=9.2e-05 | mse=+0.1415 | ea_dists=+0.4909 | id=+0.3919 | gan_g=+8.6362 | total_gen=+7.5805 | d_real=+0.1347 | d_fake=+0.5479 | gnG=81.14 | gnD=29.87
it  30400/150000 | 3.10 it/s | λ_dis=0.800 | lr=9.2e-05 | mse=+0.1437 | ea_dists=+0.4900 | id=+0.4179 | gan_g=+7.6525 | total_gen=+6.7975 | d_real=+0.1683 | d_fake=+0.6343 | gnG=202.44 | gnD=26.65
it  30450/150000 | 3.13 it/s | λ_dis=0.800 | lr=9.2e-05 | mse=+0.1374 | ea_dists=+0.4962 | id=+0.4116 | gan_g=+8.5163 | total_gen=+7.4879 | d_real=+0.1536 | d_fake=+0.3735 | gnG=97.17 | gnD=35.41
it  30500/150000 | 3.09 it/s | λ_dis=0.800 | lr=9.2e-05 | mse=+0.1473 | ea_dists=+0.4969 | id=+0.4021 | gan_g=+8.5996 | total_gen=+7.5641 | d_real=+0.1267 | d_fake=+0.6180 | gnG=73.40 | gnD=12.54
it  30550/150000 | 3.14 it/s | λ_dis=0.800 | lr=9.2e-05 | mse=+0.1348 | ea_dists=+0.4881 | id=+0.4227 | gan_g=+8.1874 | total_gen=+7.2151 | d_real=+0.0206 | d_fake=+0.6797 | gnG=125.30 | gnD=10.86
it  30600/150000 | 3.07 it/s | λ_dis=0.800 | lr=9.2e-05 | mse=+0.1209 | ea_dists=+0.4855 | id=+0.4151 | gan_g=+8.2820 | total_gen=+7.2736 | d_real=+0.2950 | d_fake=+0.4397 | gnG=89.46 | gnD=25.98
it  30650/150000 | 3.13 it/s | λ_dis=0.800 | lr=9.1e-05 | mse=+0.1368 | ea_dists=+0.4857 | id=+0.4274 | gan_g=+6.9471 | total_gen=+6.2230 | d_real=+0.1689 | d_fake=+0.5447 | gnG=116.01 | gnD=16.89
it  30700/150000 | 3.07 it/s | λ_dis=0.800 | lr=9.1e-05 | mse=+0.1350 | ea_dists=+0.4935 | id=+0.4354 | gan_g=+7.6976 | total_gen=+6.8301 | d_real=+0.0933 | d_fake=+0.6598 | gnG=160.23 | gnD=19.74
it  30750/150000 | 3.12 it/s | λ_dis=0.800 | lr=9.1e-05 | mse=+0.1219 | ea_dists=+0.4845 | id=+0.4234 | gan_g=+7.9807 | total_gen=+7.0333 | d_real=+0.1323 | d_fake=+0.6108 | gnG=131.94 | gnD=18.35
it  30800/150000 | 3.13 it/s | λ_dis=0.800 | lr=9.1e-05 | mse=+0.1550 | ea_dists=+0.4958 | id=+0.4454 | gan_g=+8.0786 | total_gen=+7.1582 | d_real=+0.1371 | d_fake=+0.4203 | gnG=151.73 | gnD=16.99
it  30850/150000 | 3.08 it/s | λ_dis=0.800 | lr=9.1e-05 | mse=+0.1483 | ea_dists=+0.4913 | id=+0.4484 | gan_g=+7.1294 | total_gen=+6.3880 | d_real=+0.4458 | d_fake=+0.4701 | gnG=191.83 | gnD=36.80
it  30900/150000 | 3.08 it/s | λ_dis=0.800 | lr=9.1e-05 | mse=+0.1375 | ea_dists=+0.4941 | id=+0.4238 | gan_g=+6.9986 | total_gen=+6.2729 | d_real=+0.2917 | d_fake=+0.4662 | gnG=72.95 | gnD=27.87
it  30950/150000 | 3.10 it/s | λ_dis=0.800 | lr=9.1e-05 | mse=+0.1396 | ea_dists=+0.4958 | id=+0.3950 | gan_g=+6.9567 | total_gen=+6.2403 | d_real=+0.1692 | d_fake=+0.4910 | gnG=151.48 | gnD=15.16
it  31000/150000 | 3.12 it/s | λ_dis=0.800 | lr=9.1e-05 | mse=+0.1362 | ea_dists=+0.4950 | id=+0.4188 | gan_g=+7.0964 | total_gen=+6.3502 | d_real=+0.1619 | d_fake=+0.6369 | gnG=108.53 | gnD=30.86
it  31050/150000 | 3.09 it/s | λ_dis=0.800 | lr=9.1e-05 | mse=+0.1355 | ea_dists=+0.4879 | id=+0.4098 | gan_g=+7.7319 | total_gen=+6.8499 | d_real=+0.0189 | d_fake=+0.3792 | gnG=76.86 | gnD=5.12
it  31100/150000 | 3.12 it/s | λ_dis=0.800 | lr=9.1e-05 | mse=+0.1402 | ea_dists=+0.4905 | id=+0.4162 | gan_g=+7.5360 | total_gen=+6.7010 | d_real=+0.2747 | d_fake=+0.4942 | gnG=52.16 | gnD=15.45
it  31150/150000 | 3.05 it/s | λ_dis=0.800 | lr=9.1e-05 | mse=+0.1382 | ea_dists=+0.4907 | id=+0.3937 | gan_g=+6.2734 | total_gen=+5.6870 | d_real=+0.0859 | d_fake=+0.4781 | gnG=92.88 | gnD=33.36
it  31200/150000 | 3.10 it/s | λ_dis=0.800 | lr=9.1e-05 | mse=+0.1521 | ea_dists=+0.5004 | id=+0.4410 | gan_g=+6.5496 | total_gen=+5.9363 | d_real=+0.1411 | d_fake=+0.6323 | gnG=90.70 | gnD=21.03
it  31250/150000 | 3.02 it/s | λ_dis=0.800 | lr=9.1e-05 | mse=+0.1498 | ea_dists=+0.5064 | id=+0.4634 | gan_g=+6.2329 | total_gen=+5.6888 | d_real=+0.1546 | d_fake=+0.3751 | gnG=170.10 | gnD=16.40
it  31300/150000 | 3.10 it/s | λ_dis=0.800 | lr=9.1e-05 | mse=+0.1472 | ea_dists=+0.5044 | id=+0.4288 | gan_g=+6.9358 | total_gen=+6.2431 | d_real=+0.2168 | d_fake=+0.4898 | gnG=150.20 | gnD=22.84
it  31350/150000 | 3.10 it/s | λ_dis=0.800 | lr=9.1e-05 | mse=+0.1485 | ea_dists=+0.4951 | id=+0.4152 | gan_g=+7.9429 | total_gen=+7.0394 | d_real=+0.0944 | d_fake=+0.5137 | gnG=48.37 | gnD=7.74
it  31400/150000 | 3.11 it/s | λ_dis=0.800 | lr=9.1e-05 | mse=+0.1431 | ea_dists=+0.4939 | id=+0.4333 | gan_g=+7.9197 | total_gen=+7.0161 | d_real=+0.0681 | d_fake=+0.3579 | gnG=188.71 | gnD=11.00
it  31450/150000 | 3.04 it/s | λ_dis=0.800 | lr=9.1e-05 | mse=+0.1367 | ea_dists=+0.5056 | id=+0.4230 | gan_g=+7.8501 | total_gen=+6.9646 | d_real=+0.1110 | d_fake=+0.2922 | gnG=109.43 | gnD=14.01
it  31500/150000 | 3.07 it/s | λ_dis=0.800 | lr=9.1e-05 | mse=+0.1209 | ea_dists=+0.4854 | id=+0.4293 | gan_g=+8.1050 | total_gen=+7.1332 | d_real=+0.2533 | d_fake=+0.4904 | gnG=61.10 | gnD=22.03
it  31550/150000 | 3.09 it/s | λ_dis=0.800 | lr=9.1e-05 | mse=+0.1388 | ea_dists=+0.4911 | id=+0.4219 | gan_g=+7.7358 | total_gen=+6.8608 | d_real=+0.0643 | d_fake=+0.5853 | gnG=142.83 | gnD=19.23
it  31600/150000 | 3.14 it/s | λ_dis=0.800 | lr=9.1e-05 | mse=+0.1317 | ea_dists=+0.4970 | id=+0.4335 | gan_g=+8.3692 | total_gen=+7.3675 | d_real=+0.1384 | d_fake=+0.4727 | gnG=133.90 | gnD=17.69
it  31650/150000 | 3.04 it/s | λ_dis=0.800 | lr=9.1e-05 | mse=+0.1230 | ea_dists=+0.4887 | id=+0.4168 | gan_g=+7.8783 | total_gen=+6.9560 | d_real=+0.1029 | d_fake=+0.3684 | gnG=46.36 | gnD=19.39
it  31700/150000 | 3.11 it/s | λ_dis=0.800 | lr=9.1e-05 | mse=+0.1325 | ea_dists=+0.4852 | id=+0.4243 | gan_g=+7.9765 | total_gen=+7.0413 | d_real=+0.1506 | d_fake=+0.4538 | gnG=157.14 | gnD=19.90
it  31750/150000 | 3.10 it/s | λ_dis=0.800 | lr=9.1e-05 | mse=+0.1297 | ea_dists=+0.4893 | id=+0.4304 | gan_g=+7.8386 | total_gen=+6.9329 | d_real=+0.0988 | d_fake=+0.3565 | gnG=136.43 | gnD=5.15
it  31800/150000 | 3.07 it/s | λ_dis=0.800 | lr=9.1e-05 | mse=+0.1203 | ea_dists=+0.4898 | id=+0.4290 | gan_g=+7.6777 | total_gen=+6.7951 | d_real=+0.0819 | d_fake=+0.6608 | gnG=207.91 | gnD=38.04
it  31850/150000 | 3.05 it/s | λ_dis=0.800 | lr=9.1e-05 | mse=+0.1248 | ea_dists=+0.4936 | id=+0.4268 | gan_g=+7.9902 | total_gen=+7.0532 | d_real=+0.0676 | d_fake=+0.5192 | gnG=246.48 | gnD=20.71
it  31900/150000 | 3.08 it/s | λ_dis=0.800 | lr=9.1e-05 | mse=+0.1255 | ea_dists=+0.4884 | id=+0.3845 | gan_g=+7.9099 | total_gen=+6.9802 | d_real=+0.3624 | d_fake=+0.4594 | gnG=86.48 | gnD=30.20
it  31950/150000 | 3.04 it/s | λ_dis=0.800 | lr=9.1e-05 | mse=+0.1350 | ea_dists=+0.4881 | id=+0.4277 | gan_g=+6.6665 | total_gen=+5.9991 | d_real=+0.1908 | d_fake=+0.5520 | gnG=94.24 | gnD=21.31
it  32000/150000 | 3.10 it/s | λ_dis=0.800 | lr=9.1e-05 | mse=+0.1341 | ea_dists=+0.4868 | id=+0.4316 | gan_g=+7.0551 | total_gen=+6.3081 | d_real=+0.0981 | d_fake=+0.7216 | gnG=108.09 | gnD=23.82
  [iter 32000] saved sample → /projectnb/cs585/projects/craft/samples_stage2/iter_0032000.png
it  32050/150000 | 2.65 it/s | λ_dis=0.800 | lr=9.1e-05 | mse=+0.1259 | ea_dists=+0.4872 | id=+0.4045 | gan_g=+6.9875 | total_gen=+6.2435 | d_real=+0.1905 | d_fake=+0.6225 | gnG=82.01 | gnD=18.90
it  32100/150000 | 3.13 it/s | λ_dis=0.800 | lr=9.1e-05 | mse=+0.1464 | ea_dists=+0.4962 | id=+0.4159 | gan_g=+7.9936 | total_gen=+7.0791 | d_real=+0.0718 | d_fake=+0.4939 | gnG=80.37 | gnD=8.98
it  32150/150000 | 3.04 it/s | λ_dis=0.800 | lr=9.1e-05 | mse=+0.1218 | ea_dists=+0.4829 | id=+0.4269 | gan_g=+7.8348 | total_gen=+6.9153 | d_real=+0.0759 | d_fake=+0.4080 | gnG=78.84 | gnD=11.15
it  32200/150000 | 3.11 it/s | λ_dis=0.800 | lr=9.1e-05 | mse=+0.1190 | ea_dists=+0.4863 | id=+0.4175 | gan_g=+8.2353 | total_gen=+7.2353 | d_real=+0.3579 | d_fake=+0.5119 | gnG=93.07 | gnD=30.33
it  32250/150000 | 3.06 it/s | λ_dis=0.800 | lr=9.1e-05 | mse=+0.1230 | ea_dists=+0.4842 | id=+0.4109 | gan_g=+7.9678 | total_gen=+7.0226 | d_real=+0.0666 | d_fake=+0.4504 | gnG=55.47 | gnD=9.75
it  32300/150000 | 3.14 it/s | λ_dis=0.800 | lr=9.1e-05 | mse=+0.1270 | ea_dists=+0.4767 | id=+0.4220 | gan_g=+7.9867 | total_gen=+7.0352 | d_real=+0.0730 | d_fake=+0.5154 | gnG=181.52 | gnD=17.64
it  32350/150000 | 3.10 it/s | λ_dis=0.800 | lr=9.1e-05 | mse=+0.1410 | ea_dists=+0.4927 | id=+0.4045 | gan_g=+7.8926 | total_gen=+6.9882 | d_real=+0.4449 | d_fake=+0.4089 | gnG=99.61 | gnD=21.38
it  32400/150000 | 3.13 it/s | λ_dis=0.800 | lr=9.0e-05 | mse=+0.1262 | ea_dists=+0.4873 | id=+0.4076 | gan_g=+8.0215 | total_gen=+7.0715 | d_real=+0.1431 | d_fake=+0.4475 | gnG=65.45 | gnD=17.36
it  32450/150000 | 3.05 it/s | λ_dis=0.800 | lr=9.0e-05 | mse=+0.1271 | ea_dists=+0.4913 | id=+0.4080 | gan_g=+8.0484 | total_gen=+7.0979 | d_real=+0.0801 | d_fake=+0.3857 | gnG=92.12 | gnD=20.34
it  32500/150000 | 3.11 it/s | λ_dis=0.800 | lr=9.0e-05 | mse=+0.1401 | ea_dists=+0.4981 | id=+0.3960 | gan_g=+7.9650 | total_gen=+7.0498 | d_real=+0.0967 | d_fake=+0.3982 | gnG=165.58 | gnD=20.88
it  32550/150000 | 3.04 it/s | λ_dis=0.800 | lr=9.0e-05 | mse=+0.1209 | ea_dists=+0.4878 | id=+0.4121 | gan_g=+7.8066 | total_gen=+6.8951 | d_real=+0.1721 | d_fake=+0.4870 | gnG=76.00 | gnD=26.23
it  32600/150000 | 3.11 it/s | λ_dis=0.800 | lr=9.0e-05 | mse=+0.1363 | ea_dists=+0.4882 | id=+0.4072 | gan_g=+7.9276 | total_gen=+7.0072 | d_real=+0.0432 | d_fake=+0.5821 | gnG=129.47 | gnD=19.14
it  32650/150000 | 3.06 it/s | λ_dis=0.800 | lr=9.0e-05 | mse=+0.1406 | ea_dists=+0.4991 | id=+0.4032 | gan_g=+8.2647 | total_gen=+7.2918 | d_real=+0.0954 | d_fake=+0.3775 | gnG=186.46 | gnD=19.49
it  32700/150000 | 3.11 it/s | λ_dis=0.800 | lr=9.0e-05 | mse=+0.1437 | ea_dists=+0.4835 | id=+0.4140 | gan_g=+8.9022 | total_gen=+7.7903 | d_real=+0.1031 | d_fake=+0.4096 | gnG=180.77 | gnD=20.36
it  32750/150000 | 3.08 it/s | λ_dis=0.800 | lr=9.0e-05 | mse=+0.1178 | ea_dists=+0.4856 | id=+0.3995 | gan_g=+8.7152 | total_gen=+7.6155 | d_real=+0.2309 | d_fake=+0.4730 | gnG=134.09 | gnD=21.25
it  32800/150000 | 3.15 it/s | λ_dis=0.800 | lr=9.0e-05 | mse=+0.1312 | ea_dists=+0.4893 | id=+0.4291 | gan_g=+8.4048 | total_gen=+7.3872 | d_real=+0.2045 | d_fake=+0.4669 | gnG=51.89 | gnD=25.46
it  32850/150000 | 3.06 it/s | λ_dis=0.800 | lr=9.0e-05 | mse=+0.1330 | ea_dists=+0.4798 | id=+0.3942 | gan_g=+7.5317 | total_gen=+6.6775 | d_real=+0.1266 | d_fake=+0.6126 | gnG=88.46 | gnD=18.13
it  32900/150000 | 3.10 it/s | λ_dis=0.800 | lr=9.0e-05 | mse=+0.1188 | ea_dists=+0.4918 | id=+0.4128 | gan_g=+7.1995 | total_gen=+6.4115 | d_real=+0.1161 | d_fake=+0.6278 | gnG=108.29 | gnD=31.07
it  32950/150000 | 3.07 it/s | λ_dis=0.800 | lr=9.0e-05 | mse=+0.1236 | ea_dists=+0.4851 | id=+0.3903 | gan_g=+7.7275 | total_gen=+6.8297 | d_real=+0.1431 | d_fake=+0.4756 | gnG=176.57 | gnD=18.82
it  33000/150000 | 3.14 it/s | λ_dis=0.800 | lr=9.0e-05 | mse=+0.1320 | ea_dists=+0.4922 | id=+0.4129 | gan_g=+7.8158 | total_gen=+6.9182 | d_real=+0.0584 | d_fake=+0.4588 | gnG=150.74 | gnD=26.26
it  33050/150000 | 3.07 it/s | λ_dis=0.800 | lr=9.0e-05 | mse=+0.1276 | ea_dists=+0.4783 | id=+0.4015 | gan_g=+6.9833 | total_gen=+6.2327 | d_real=+0.0751 | d_fake=+0.6927 | gnG=111.00 | gnD=20.75
it  33100/150000 | 3.12 it/s | λ_dis=0.800 | lr=9.0e-05 | mse=+0.1409 | ea_dists=+0.4829 | id=+0.3981 | gan_g=+8.4048 | total_gen=+7.3875 | d_real=+0.1122 | d_fake=+0.3880 | gnG=85.93 | gnD=13.74
it  33150/150000 | 3.09 it/s | λ_dis=0.800 | lr=9.0e-05 | mse=+0.1320 | ea_dists=+0.4848 | id=+0.3878 | gan_g=+7.7785 | total_gen=+6.8783 | d_real=+0.0696 | d_fake=+0.4601 | gnG=127.46 | gnD=18.63
it  33200/150000 | 3.12 it/s | λ_dis=0.800 | lr=9.0e-05 | mse=+0.1381 | ea_dists=+0.4883 | id=+0.4182 | gan_g=+8.6260 | total_gen=+7.5691 | d_real=+0.1933 | d_fake=+0.3249 | gnG=115.60 | gnD=17.59
it  33250/150000 | 3.08 it/s | λ_dis=0.800 | lr=9.0e-05 | mse=+0.1388 | ea_dists=+0.4912 | id=+0.3799 | gan_g=+7.8094 | total_gen=+6.9155 | d_real=+0.1623 | d_fake=+0.3755 | gnG=105.53 | gnD=14.56
it  33300/150000 | 3.09 it/s | λ_dis=0.800 | lr=9.0e-05 | mse=+0.1381 | ea_dists=+0.4930 | id=+0.4133 | gan_g=+8.2493 | total_gen=+7.2719 | d_real=+0.2795 | d_fake=+0.4322 | gnG=141.21 | gnD=22.58
it  33350/150000 | 3.05 it/s | λ_dis=0.800 | lr=9.0e-05 | mse=+0.1294 | ea_dists=+0.4916 | id=+0.4392 | gan_g=+7.7537 | total_gen=+6.8679 | d_real=+0.1281 | d_fake=+0.5725 | gnG=107.21 | gnD=29.36
it  33400/150000 | 3.11 it/s | λ_dis=0.800 | lr=9.0e-05 | mse=+0.1200 | ea_dists=+0.4858 | id=+0.4181 | gan_g=+7.4724 | total_gen=+6.6255 | d_real=+0.2637 | d_fake=+0.5232 | gnG=75.68 | gnD=30.88
it  33450/150000 | 3.04 it/s | λ_dis=0.800 | lr=9.0e-05 | mse=+0.1458 | ea_dists=+0.5039 | id=+0.4045 | gan_g=+7.8735 | total_gen=+6.9889 | d_real=+0.2836 | d_fake=+0.4101 | gnG=94.44 | gnD=37.31
it  33500/150000 | 3.15 it/s | λ_dis=0.800 | lr=9.0e-05 | mse=+0.1273 | ea_dists=+0.4961 | id=+0.4134 | gan_g=+7.0196 | total_gen=+6.2804 | d_real=+0.2612 | d_fake=+0.5646 | gnG=86.07 | gnD=46.80
it  33550/150000 | 3.10 it/s | λ_dis=0.800 | lr=9.0e-05 | mse=+0.1268 | ea_dists=+0.4901 | id=+0.4026 | gan_g=+7.3030 | total_gen=+6.4995 | d_real=+0.0832 | d_fake=+0.4296 | gnG=85.27 | gnD=13.46
it  33600/150000 | 3.13 it/s | λ_dis=0.800 | lr=9.0e-05 | mse=+0.1350 | ea_dists=+0.4945 | id=+0.4246 | gan_g=+7.6458 | total_gen=+6.7886 | d_real=+0.1636 | d_fake=+0.5999 | gnG=162.05 | gnD=23.15
it  33650/150000 | 3.09 it/s | λ_dis=0.800 | lr=9.0e-05 | mse=+0.1168 | ea_dists=+0.4849 | id=+0.3911 | gan_g=+7.1754 | total_gen=+6.3811 | d_real=+0.1389 | d_fake=+0.4879 | gnG=113.35 | gnD=23.43
it  33700/150000 | 3.15 it/s | λ_dis=0.800 | lr=9.0e-05 | mse=+0.1225 | ea_dists=+0.4880 | id=+0.4170 | gan_g=+7.1717 | total_gen=+6.3896 | d_real=+0.0784 | d_fake=+0.4294 | gnG=124.93 | gnD=13.55
it  33750/150000 | 3.10 it/s | λ_dis=0.800 | lr=9.0e-05 | mse=+0.1341 | ea_dists=+0.4864 | id=+0.4205 | gan_g=+8.3148 | total_gen=+7.3144 | d_real=+0.1283 | d_fake=+0.6084 | gnG=124.01 | gnD=21.27
it  33800/150000 | 3.10 it/s | λ_dis=0.800 | lr=9.0e-05 | mse=+0.1248 | ea_dists=+0.4823 | id=+0.4074 | gan_g=+7.9967 | total_gen=+7.0452 | d_real=+0.0845 | d_fake=+0.4785 | gnG=92.98 | gnD=13.20
it  33850/150000 | 3.08 it/s | λ_dis=0.800 | lr=9.0e-05 | mse=+0.1436 | ea_dists=+0.4993 | id=+0.4532 | gan_g=+8.1228 | total_gen=+7.1865 | d_real=+0.1431 | d_fake=+0.5453 | gnG=188.70 | gnD=20.28
it  33900/150000 | 3.11 it/s | λ_dis=0.800 | lr=9.0e-05 | mse=+0.1343 | ea_dists=+0.4888 | id=+0.4093 | gan_g=+7.8353 | total_gen=+6.9323 | d_real=+0.0658 | d_fake=+0.4634 | gnG=76.52 | gnD=25.97
it  33950/150000 | 3.06 it/s | λ_dis=0.800 | lr=9.0e-05 | mse=+0.1141 | ea_dists=+0.4816 | id=+0.4057 | gan_g=+8.5570 | total_gen=+7.4819 | d_real=+0.0291 | d_fake=+0.5677 | gnG=99.88 | gnD=10.22
it  34000/150000 | 3.13 it/s | λ_dis=0.800 | lr=9.0e-05 | mse=+0.1245 | ea_dists=+0.4824 | id=+0.4207 | gan_g=+8.8426 | total_gen=+7.7231 | d_real=+0.2117 | d_fake=+0.4719 | gnG=126.25 | gnD=26.80
  [iter 34000] saved sample → /projectnb/cs585/projects/craft/samples_stage2/iter_0034000.png
it  34050/150000 | 2.70 it/s | λ_dis=0.800 | lr=9.0e-05 | mse=+0.1151 | ea_dists=+0.4812 | id=+0.4199 | gan_g=+7.7393 | total_gen=+6.8298 | d_real=+0.2263 | d_fake=+0.4114 | gnG=119.61 | gnD=23.83
it  34100/150000 | 3.09 it/s | λ_dis=0.800 | lr=8.9e-05 | mse=+0.1234 | ea_dists=+0.4812 | id=+0.3996 | gan_g=+7.5114 | total_gen=+6.6537 | d_real=+0.0762 | d_fake=+0.6418 | gnG=82.20 | gnD=17.58
it  34150/150000 | 3.13 it/s | λ_dis=0.800 | lr=8.9e-05 | mse=+0.1270 | ea_dists=+0.4942 | id=+0.4176 | gan_g=+7.2912 | total_gen=+6.4959 | d_real=+0.1152 | d_fake=+0.4564 | gnG=141.60 | gnD=25.79
it  34200/150000 | 3.10 it/s | λ_dis=0.800 | lr=8.9e-05 | mse=+0.1197 | ea_dists=+0.4826 | id=+0.4131 | gan_g=+8.6007 | total_gen=+7.5243 | d_real=+0.0910 | d_fake=+0.3505 | gnG=133.78 | gnD=25.99
it  34250/150000 | 3.06 it/s | λ_dis=0.800 | lr=8.9e-05 | mse=+0.1140 | ea_dists=+0.4790 | id=+0.4245 | gan_g=+7.4443 | total_gen=+6.5909 | d_real=+0.4861 | d_fake=+0.2394 | gnG=101.39 | gnD=42.67
it  34300/150000 | 3.15 it/s | λ_dis=0.800 | lr=8.9e-05 | mse=+0.1216 | ea_dists=+0.4859 | id=+0.4092 | gan_g=+7.1248 | total_gen=+6.3482 | d_real=+0.0609 | d_fake=+0.4603 | gnG=102.80 | gnD=15.17
it  34350/150000 | 3.11 it/s | λ_dis=0.800 | lr=8.9e-05 | mse=+0.1194 | ea_dists=+0.4736 | id=+0.4196 | gan_g=+7.2297 | total_gen=+6.4187 | d_real=+0.1877 | d_fake=+0.5820 | gnG=165.06 | gnD=37.87
it  34400/150000 | 3.07 it/s | λ_dis=0.800 | lr=8.9e-05 | mse=+0.1161 | ea_dists=+0.4769 | id=+0.3903 | gan_g=+7.9294 | total_gen=+6.9756 | d_real=+0.0454 | d_fake=+0.5601 | gnG=112.20 | gnD=11.23
it  34450/150000 | 3.11 it/s | λ_dis=0.800 | lr=8.9e-05 | mse=+0.1191 | ea_dists=+0.4747 | id=+0.4293 | gan_g=+7.6958 | total_gen=+6.7934 | d_real=+0.1578 | d_fake=+0.6234 | gnG=95.25 | gnD=14.02
it  34500/150000 | 3.05 it/s | λ_dis=0.800 | lr=8.9e-05 | mse=+0.1209 | ea_dists=+0.4797 | id=+0.4116 | gan_g=+8.0948 | total_gen=+7.1175 | d_real=+0.0790 | d_fake=+0.4265 | gnG=65.65 | gnD=14.77
it  34550/150000 | 3.12 it/s | λ_dis=0.800 | lr=8.9e-05 | mse=+0.1155 | ea_dists=+0.4752 | id=+0.3879 | gan_g=+7.9833 | total_gen=+7.0161 | d_real=+0.2335 | d_fake=+0.6184 | gnG=59.18 | gnD=19.61
it  34600/150000 | 3.06 it/s | λ_dis=0.800 | lr=8.9e-05 | mse=+0.1223 | ea_dists=+0.4847 | id=+0.3878 | gan_g=+7.8742 | total_gen=+6.9452 | d_real=+0.2747 | d_fake=+0.4110 | gnG=57.23 | gnD=28.39
it  34650/150000 | 3.10 it/s | λ_dis=0.800 | lr=8.9e-05 | mse=+0.1187 | ea_dists=+0.4773 | id=+0.3825 | gan_g=+7.3468 | total_gen=+6.5117 | d_real=+0.1203 | d_fake=+0.6172 | gnG=121.37 | gnD=20.55
it  34700/150000 | 3.06 it/s | λ_dis=0.800 | lr=8.9e-05 | mse=+0.1351 | ea_dists=+0.4796 | id=+0.3872 | gan_g=+8.4542 | total_gen=+7.4168 | d_real=+0.2174 | d_fake=+0.3911 | gnG=103.72 | gnD=18.99
it  34750/150000 | 3.10 it/s | λ_dis=0.800 | lr=8.9e-05 | mse=+0.1477 | ea_dists=+0.4960 | id=+0.4050 | gan_g=+9.0427 | total_gen=+7.9184 | d_real=+0.0420 | d_fake=+0.3212 | gnG=108.63 | gnD=16.72
it  34800/150000 | 3.05 it/s | λ_dis=0.800 | lr=8.9e-05 | mse=+0.1277 | ea_dists=+0.4802 | id=+0.3902 | gan_g=+8.1049 | total_gen=+7.1308 | d_real=+0.2789 | d_fake=+0.6074 | gnG=182.31 | gnD=33.51
it  34850/150000 | 3.16 it/s | λ_dis=0.800 | lr=8.9e-05 | mse=+0.1267 | ea_dists=+0.4798 | id=+0.4390 | gan_g=+7.7166 | total_gen=+6.8236 | d_real=+0.3026 | d_fake=+0.5562 | gnG=169.79 | gnD=33.55
it  34900/150000 | 3.11 it/s | λ_dis=0.800 | lr=8.9e-05 | mse=+0.1306 | ea_dists=+0.4879 | id=+0.4274 | gan_g=+7.3396 | total_gen=+6.5329 | d_real=+0.0978 | d_fake=+0.4511 | gnG=95.44 | gnD=19.26
it  34950/150000 | 3.12 it/s | λ_dis=0.800 | lr=8.9e-05 | mse=+0.1274 | ea_dists=+0.4775 | id=+0.4234 | gan_g=+7.6981 | total_gen=+6.8057 | d_real=+0.2346 | d_fake=+0.5576 | gnG=92.60 | gnD=24.63
it  35000/150000 | 3.07 it/s | λ_dis=0.800 | lr=8.9e-05 | mse=+0.1184 | ea_dists=+0.4810 | id=+0.3962 | gan_g=+6.2160 | total_gen=+5.6118 | d_real=+0.2290 | d_fake=+0.5458 | gnG=99.11 | gnD=26.91
  [iter 35000] saved ckpt → /projectnb/cs585/projects/craft/checkpoints_stage2/iter_0035000.pt
it  35050/150000 | 3.05 it/s | λ_dis=0.800 | lr=8.9e-05 | mse=+0.1321 | ea_dists=+0.4865 | id=+0.4205 | gan_g=+6.7694 | total_gen=+6.0761 | d_real=+0.1950 | d_fake=+0.5025 | gnG=88.77 | gnD=27.25
it  35100/150000 | 3.06 it/s | λ_dis=0.800 | lr=8.9e-05 | mse=+0.1223 | ea_dists=+0.4954 | id=+0.4109 | gan_g=+7.5034 | total_gen=+6.6615 | d_real=+0.2262 | d_fake=+0.7319 | gnG=131.57 | gnD=30.38
it  35150/150000 | 3.10 it/s | λ_dis=0.800 | lr=8.9e-05 | mse=+0.1444 | ea_dists=+0.5077 | id=+0.4612 | gan_g=+7.4435 | total_gen=+6.6531 | d_real=+0.1451 | d_fake=+0.3197 | gnG=117.01 | gnD=25.21
it  35200/150000 | 3.08 it/s | λ_dis=0.800 | lr=8.9e-05 | mse=+0.1176 | ea_dists=+0.4851 | id=+0.4068 | gan_g=+6.9145 | total_gen=+6.1749 | d_real=+0.3794 | d_fake=+0.7639 | gnG=135.53 | gnD=37.29
it  35250/150000 | 3.09 it/s | λ_dis=0.800 | lr=8.9e-05 | mse=+0.1255 | ea_dists=+0.4989 | id=+0.4340 | gan_g=+6.5362 | total_gen=+5.8968 | d_real=+0.1654 | d_fake=+0.6183 | gnG=168.40 | gnD=32.18
it  35300/150000 | 3.05 it/s | λ_dis=0.800 | lr=8.9e-05 | mse=+0.1407 | ea_dists=+0.4922 | id=+0.4466 | gan_g=+6.3549 | total_gen=+5.7614 | d_real=+0.1075 | d_fake=+0.4563 | gnG=105.66 | gnD=10.44
it  35350/150000 | 3.15 it/s | λ_dis=0.800 | lr=8.9e-05 | mse=+0.1362 | ea_dists=+0.4881 | id=+0.4296 | gan_g=+7.1082 | total_gen=+6.3538 | d_real=+0.3905 | d_fake=+0.4164 | gnG=73.99 | gnD=31.39
it  35400/150000 | 3.11 it/s | λ_dis=0.800 | lr=8.9e-05 | mse=+0.1413 | ea_dists=+0.4970 | id=+0.4046 | gan_g=+7.3274 | total_gen=+6.5407 | d_real=+0.1042 | d_fake=+0.4728 | gnG=156.41 | gnD=26.24
it  35450/150000 | 3.12 it/s | λ_dis=0.800 | lr=8.9e-05 | mse=+0.1271 | ea_dists=+0.4952 | id=+0.4107 | gan_g=+7.2454 | total_gen=+6.4597 | d_real=+0.0568 | d_fake=+0.4365 | gnG=169.15 | gnD=10.57
it  35500/150000 | 3.06 it/s | λ_dis=0.800 | lr=8.9e-05 | mse=+0.1300 | ea_dists=+0.4893 | id=+0.3969 | gan_g=+7.4685 | total_gen=+6.6338 | d_real=+0.0762 | d_fake=+0.3534 | gnG=154.16 | gnD=23.44
it  35550/150000 | 3.10 it/s | λ_dis=0.800 | lr=8.9e-05 | mse=+0.1283 | ea_dists=+0.4893 | id=+0.4088 | gan_g=+8.3873 | total_gen=+7.3683 | d_real=+0.0960 | d_fake=+0.6882 | gnG=81.42 | gnD=16.42
it  35600/150000 | 3.07 it/s | λ_dis=0.800 | lr=8.9e-05 | mse=+0.1225 | ea_dists=+0.4863 | id=+0.4194 | gan_g=+8.2591 | total_gen=+7.2580 | d_real=+0.1028 | d_fake=+0.4618 | gnG=42.43 | gnD=40.50
it  35650/150000 | 3.14 it/s | λ_dis=0.800 | lr=8.9e-05 | mse=+0.1122 | ea_dists=+0.4750 | id=+0.4025 | gan_g=+8.0285 | total_gen=+7.0503 | d_real=+0.1434 | d_fake=+0.5704 | gnG=152.52 | gnD=17.58
it  35700/150000 | 3.07 it/s | λ_dis=0.800 | lr=8.8e-05 | mse=+0.1320 | ea_dists=+0.4883 | id=+0.3977 | gan_g=+7.9471 | total_gen=+7.0178 | d_real=+0.1767 | d_fake=+0.5602 | gnG=131.32 | gnD=27.90
it  35750/150000 | 3.09 it/s | λ_dis=0.800 | lr=8.8e-05 | mse=+0.1250 | ea_dists=+0.4858 | id=+0.4058 | gan_g=+8.4428 | total_gen=+7.4056 | d_real=+0.2217 | d_fake=+0.2378 | gnG=75.21 | gnD=33.45
it  35800/150000 | 3.03 it/s | λ_dis=0.800 | lr=8.8e-05 | mse=+0.1129 | ea_dists=+0.4900 | id=+0.3817 | gan_g=+8.6500 | total_gen=+7.5610 | d_real=+0.0808 | d_fake=+0.3528 | gnG=133.54 | gnD=19.23
it  35850/150000 | 3.09 it/s | λ_dis=0.800 | lr=8.8e-05 | mse=+0.1171 | ea_dists=+0.4751 | id=+0.4081 | gan_g=+8.2954 | total_gen=+7.2694 | d_real=+0.1995 | d_fake=+0.5115 | gnG=94.02 | gnD=29.05
it  35900/150000 | 3.07 it/s | λ_dis=0.800 | lr=8.8e-05 | mse=+0.1126 | ea_dists=+0.4763 | id=+0.4183 | gan_g=+8.3002 | total_gen=+7.2709 | d_real=+0.0637 | d_fake=+0.5620 | gnG=113.40 | gnD=24.82
it  35950/150000 | 3.11 it/s | λ_dis=0.800 | lr=8.8e-05 | mse=+0.1135 | ea_dists=+0.4810 | id=+0.4079 | gan_g=+8.9927 | total_gen=+7.8295 | d_real=+0.1941 | d_fake=+0.3604 | gnG=149.77 | gnD=16.10
it  36000/150000 | 3.05 it/s | λ_dis=0.800 | lr=8.8e-05 | mse=+0.1154 | ea_dists=+0.4848 | id=+0.3977 | gan_g=+9.3731 | total_gen=+8.1384 | d_real=+0.1558 | d_fake=+0.3779 | gnG=160.81 | gnD=19.33
  [iter 36000] saved sample → /projectnb/cs585/projects/craft/samples_stage2/iter_0036000.png
it  36050/150000 | 2.69 it/s | λ_dis=0.800 | lr=8.8e-05 | mse=+0.1133 | ea_dists=+0.4812 | id=+0.3901 | gan_g=+9.0897 | total_gen=+7.9052 | d_real=+0.0819 | d_fake=+0.5708 | gnG=93.73 | gnD=11.65
it  36100/150000 | 3.08 it/s | λ_dis=0.800 | lr=8.8e-05 | mse=+0.1018 | ea_dists=+0.4722 | id=+0.4175 | gan_g=+8.3670 | total_gen=+7.3094 | d_real=+0.1225 | d_fake=+0.5143 | gnG=165.27 | gnD=25.99
it  36150/150000 | 3.13 it/s | λ_dis=0.800 | lr=8.8e-05 | mse=+0.1180 | ea_dists=+0.4803 | id=+0.3998 | gan_g=+8.2531 | total_gen=+7.2408 | d_real=+0.2601 | d_fake=+0.4400 | gnG=62.62 | gnD=26.45
it  36200/150000 | 3.08 it/s | λ_dis=0.800 | lr=8.8e-05 | mse=+0.1257 | ea_dists=+0.4985 | id=+0.4377 | gan_g=+8.1963 | total_gen=+7.2249 | d_real=+0.1083 | d_fake=+0.3350 | gnG=110.51 | gnD=18.42
it  36250/150000 | 3.08 it/s | λ_dis=0.800 | lr=8.8e-05 | mse=+0.1382 | ea_dists=+0.4925 | id=+0.4068 | gan_g=+7.9271 | total_gen=+7.0130 | d_real=+0.0909 | d_fake=+0.5014 | gnG=125.18 | gnD=25.76
it  36300/150000 | 3.05 it/s | λ_dis=0.800 | lr=8.8e-05 | mse=+0.1207 | ea_dists=+0.4871 | id=+0.4165 | gan_g=+8.6441 | total_gen=+7.5648 | d_real=+0.0600 | d_fake=+0.3545 | gnG=102.25 | gnD=17.70
it  36350/150000 | 3.11 it/s | λ_dis=0.800 | lr=8.8e-05 | mse=+0.1160 | ea_dists=+0.4869 | id=+0.3934 | gan_g=+8.2957 | total_gen=+7.2787 | d_real=+0.1624 | d_fake=+0.6552 | gnG=96.98 | gnD=24.01
it  36400/150000 | 3.06 it/s | λ_dis=0.800 | lr=8.8e-05 | mse=+0.1094 | ea_dists=+0.4710 | id=+0.4086 | gan_g=+8.1890 | total_gen=+7.1724 | d_real=+0.1905 | d_fake=+0.7443 | gnG=154.28 | gnD=41.13
it  36450/150000 | 3.10 it/s | λ_dis=0.800 | lr=8.8e-05 | mse=+0.1314 | ea_dists=+0.4910 | id=+0.4351 | gan_g=+8.2639 | total_gen=+7.2770 | d_real=+0.1141 | d_fake=+0.4688 | gnG=175.69 | gnD=14.32
it  36500/150000 | 3.04 it/s | λ_dis=0.800 | lr=8.8e-05 | mse=+0.1143 | ea_dists=+0.4856 | id=+0.4239 | gan_g=+8.5551 | total_gen=+7.4863 | d_real=+0.1898 | d_fake=+0.4714 | gnG=94.12 | gnD=23.21
it  36550/150000 | 3.13 it/s | λ_dis=0.800 | lr=8.8e-05 | mse=+0.1106 | ea_dists=+0.4778 | id=+0.4063 | gan_g=+7.4358 | total_gen=+6.5777 | d_real=+0.3337 | d_fake=+0.3766 | gnG=159.46 | gnD=46.56
it  36600/150000 | 3.08 it/s | λ_dis=0.800 | lr=8.8e-05 | mse=+0.1357 | ea_dists=+0.4853 | id=+0.4349 | gan_g=+7.8602 | total_gen=+6.9526 | d_real=+0.0507 | d_fake=+0.5791 | gnG=104.66 | gnD=16.83
it  36650/150000 | 3.14 it/s | λ_dis=0.800 | lr=8.8e-05 | mse=+0.1212 | ea_dists=+0.4806 | id=+0.4104 | gan_g=+7.4998 | total_gen=+6.6427 | d_real=+0.1652 | d_fake=+0.7364 | gnG=108.86 | gnD=22.29
it  36700/150000 | 3.09 it/s | λ_dis=0.800 | lr=8.8e-05 | mse=+0.1285 | ea_dists=+0.4912 | id=+0.3913 | gan_g=+7.4109 | total_gen=+6.5875 | d_real=+0.1302 | d_fake=+0.5962 | gnG=134.44 | gnD=41.42
it  36750/150000 | 3.12 it/s | λ_dis=0.800 | lr=8.8e-05 | mse=+0.1221 | ea_dists=+0.4755 | id=+0.4128 | gan_g=+7.6699 | total_gen=+6.7748 | d_real=+0.0846 | d_fake=+0.6507 | gnG=48.12 | gnD=15.54
it  36800/150000 | 3.09 it/s | λ_dis=0.800 | lr=8.8e-05 | mse=+0.1336 | ea_dists=+0.4840 | id=+0.4241 | gan_g=+7.9896 | total_gen=+7.0517 | d_real=+0.2404 | d_fake=+0.7117 | gnG=138.23 | gnD=38.04
it  36850/150000 | 3.10 it/s | λ_dis=0.800 | lr=8.8e-05 | mse=+0.1196 | ea_dists=+0.4854 | id=+0.3911 | gan_g=+9.2739 | total_gen=+8.0632 | d_real=+0.0602 | d_fake=+0.3828 | gnG=94.30 | gnD=8.74
it  36900/150000 | 3.07 it/s | λ_dis=0.800 | lr=8.8e-05 | mse=+0.1084 | ea_dists=+0.4777 | id=+0.4012 | gan_g=+7.8510 | total_gen=+6.9070 | d_real=+0.1375 | d_fake=+0.6364 | gnG=175.09 | gnD=24.61
it  36950/150000 | 3.10 it/s | λ_dis=0.800 | lr=8.8e-05 | mse=+0.1173 | ea_dists=+0.4730 | id=+0.3659 | gan_g=+8.5036 | total_gen=+7.4298 | d_real=+0.0917 | d_fake=+0.4313 | gnG=85.48 | gnD=26.63
it  37000/150000 | 3.04 it/s | λ_dis=0.800 | lr=8.8e-05 | mse=+0.1135 | ea_dists=+0.4755 | id=+0.4190 | gan_g=+9.1023 | total_gen=+7.9128 | d_real=+0.2117 | d_fake=+0.5281 | gnG=109.34 | gnD=28.49
it  37050/150000 | 3.14 it/s | λ_dis=0.800 | lr=8.8e-05 | mse=+0.1114 | ea_dists=+0.4753 | id=+0.3837 | gan_g=+8.3541 | total_gen=+7.3084 | d_real=+0.1081 | d_fake=+0.5871 | gnG=149.71 | gnD=29.08
it  37100/150000 | 3.06 it/s | λ_dis=0.800 | lr=8.8e-05 | mse=+0.1142 | ea_dists=+0.4678 | id=+0.3996 | gan_g=+8.6417 | total_gen=+7.5353 | d_real=+0.0695 | d_fake=+0.4965 | gnG=65.81 | gnD=12.88
it  37150/150000 | 3.15 it/s | λ_dis=0.800 | lr=8.8e-05 | mse=+0.1299 | ea_dists=+0.4856 | id=+0.4182 | gan_g=+7.5990 | total_gen=+6.7365 | d_real=+0.0412 | d_fake=+0.6141 | gnG=116.29 | gnD=28.23
it  37200/150000 | 3.10 it/s | λ_dis=0.800 | lr=8.8e-05 | mse=+0.1435 | ea_dists=+0.4890 | id=+0.4097 | gan_g=+9.2424 | total_gen=+8.0674 | d_real=+0.0734 | d_fake=+0.4616 | gnG=256.25 | gnD=18.53
it  37250/150000 | 3.12 it/s | λ_dis=0.800 | lr=8.7e-05 | mse=+0.1267 | ea_dists=+0.4856 | id=+0.3979 | gan_g=+8.6790 | total_gen=+7.5953 | d_real=+0.2642 | d_fake=+0.3899 | gnG=204.19 | gnD=12.88
it  37300/150000 | 3.08 it/s | λ_dis=0.800 | lr=8.7e-05 | mse=+0.1217 | ea_dists=+0.4856 | id=+0.4028 | gan_g=+8.1769 | total_gen=+7.1891 | d_real=+0.1997 | d_fake=+0.5748 | gnG=69.02 | gnD=21.11
it  37350/150000 | 3.10 it/s | λ_dis=0.800 | lr=8.7e-05 | mse=+0.1219 | ea_dists=+0.4826 | id=+0.4106 | gan_g=+8.1461 | total_gen=+7.1624 | d_real=+0.1234 | d_fake=+0.4811 | gnG=154.04 | gnD=27.04
it  37400/150000 | 3.06 it/s | λ_dis=0.800 | lr=8.7e-05 | mse=+0.1444 | ea_dists=+0.5011 | id=+0.4157 | gan_g=+8.0796 | total_gen=+7.1507 | d_real=+0.1274 | d_fake=+0.3754 | gnG=106.42 | gnD=18.92
it  37450/150000 | 3.10 it/s | λ_dis=0.800 | lr=8.7e-05 | mse=+0.1204 | ea_dists=+0.4794 | id=+0.3865 | gan_g=+8.2483 | total_gen=+7.2371 | d_real=+0.2610 | d_fake=+0.4279 | gnG=140.84 | gnD=29.79
it  37500/150000 | 3.08 it/s | λ_dis=0.800 | lr=8.7e-05 | mse=+0.1243 | ea_dists=+0.4863 | id=+0.4369 | gan_g=+6.7508 | total_gen=+6.0549 | d_real=+0.1891 | d_fake=+0.3774 | gnG=95.23 | gnD=22.48
it  37550/150000 | 3.10 it/s | λ_dis=0.800 | lr=8.7e-05 | mse=+0.1268 | ea_dists=+0.4809 | id=+0.3801 | gan_g=+7.3933 | total_gen=+6.5604 | d_real=+0.1139 | d_fake=+0.5541 | gnG=88.50 | gnD=25.07
it  37600/150000 | 3.10 it/s | λ_dis=0.800 | lr=8.7e-05 | mse=+0.1216 | ea_dists=+0.4881 | id=+0.4154 | gan_g=+7.2643 | total_gen=+6.4627 | d_real=+0.2820 | d_fake=+0.5730 | gnG=93.82 | gnD=18.62
it  37650/150000 | 3.12 it/s | λ_dis=0.800 | lr=8.7e-05 | mse=+0.1246 | ea_dists=+0.4836 | id=+0.4186 | gan_g=+7.4131 | total_gen=+6.5806 | d_real=+0.1623 | d_fake=+0.4472 | gnG=132.73 | gnD=34.68
it  37700/150000 | 3.11 it/s | λ_dis=0.800 | lr=8.7e-05 | mse=+0.1213 | ea_dists=+0.4901 | id=+0.3999 | gan_g=+8.3243 | total_gen=+7.3108 | d_real=+0.1793 | d_fake=+0.4400 | gnG=142.28 | gnD=19.12
it  37750/150000 | 3.05 it/s | λ_dis=0.800 | lr=8.7e-05 | mse=+0.1186 | ea_dists=+0.4868 | id=+0.3987 | gan_g=+8.0700 | total_gen=+7.1012 | d_real=+0.1039 | d_fake=+0.4660 | gnG=280.12 | gnD=28.78
it  37800/150000 | 3.09 it/s | λ_dis=0.800 | lr=8.7e-05 | mse=+0.1185 | ea_dists=+0.4786 | id=+0.3940 | gan_g=+7.7062 | total_gen=+6.8015 | d_real=+0.6665 | d_fake=+0.5919 | gnG=198.03 | gnD=44.04
it  37850/150000 | 3.05 it/s | λ_dis=0.800 | lr=8.7e-05 | mse=+0.1136 | ea_dists=+0.4916 | id=+0.3761 | gan_g=+7.7364 | total_gen=+6.8319 | d_real=+0.2589 | d_fake=+0.4385 | gnG=128.11 | gnD=41.47
it  37900/150000 | 3.11 it/s | λ_dis=0.800 | lr=8.7e-05 | mse=+0.1273 | ea_dists=+0.4964 | id=+0.4177 | gan_g=+6.7543 | total_gen=+6.0689 | d_real=+0.2779 | d_fake=+0.5052 | gnG=111.91 | gnD=37.89
it  37950/150000 | 3.05 it/s | λ_dis=0.800 | lr=8.7e-05 | mse=+0.1040 | ea_dists=+0.4829 | id=+0.3890 | gan_g=+7.5504 | total_gen=+6.6661 | d_real=+0.1257 | d_fake=+0.4938 | gnG=91.07 | gnD=33.34
it  38000/150000 | 3.10 it/s | λ_dis=0.800 | lr=8.7e-05 | mse=+0.1224 | ea_dists=+0.4870 | id=+0.4013 | gan_g=+7.9836 | total_gen=+7.0364 | d_real=+0.0660 | d_fake=+0.3854 | gnG=113.32 | gnD=17.03
  [iter 38000] saved sample → /projectnb/cs585/projects/craft/samples_stage2/iter_0038000.png
it  38050/150000 | 2.65 it/s | λ_dis=0.800 | lr=8.7e-05 | mse=+0.1098 | ea_dists=+0.4775 | id=+0.4026 | gan_g=+7.9912 | total_gen=+7.0205 | d_real=+0.1473 | d_fake=+0.7190 | gnG=99.95 | gnD=24.24
it  38100/150000 | 3.10 it/s | λ_dis=0.800 | lr=8.7e-05 | mse=+0.1203 | ea_dists=+0.4881 | id=+0.4013 | gan_g=+7.8861 | total_gen=+6.9573 | d_real=+0.1177 | d_fake=+0.6077 | gnG=93.34 | gnD=17.84
it  38150/150000 | 3.05 it/s | λ_dis=0.800 | lr=8.7e-05 | mse=+0.1110 | ea_dists=+0.4811 | id=+0.3769 | gan_g=+8.2551 | total_gen=+7.2338 | d_real=+0.1038 | d_fake=+0.4971 | gnG=115.51 | gnD=22.86
it  38200/150000 | 3.10 it/s | λ_dis=0.800 | lr=8.7e-05 | mse=+0.1185 | ea_dists=+0.4818 | id=+0.4007 | gan_g=+8.0790 | total_gen=+7.1036 | d_real=+0.1026 | d_fake=+0.6645 | gnG=167.30 | gnD=20.87
it  38250/150000 | 3.06 it/s | λ_dis=0.800 | lr=8.7e-05 | mse=+0.1233 | ea_dists=+0.4841 | id=+0.3996 | gan_g=+7.7252 | total_gen=+6.8275 | d_real=+0.3302 | d_fake=+0.6000 | gnG=132.53 | gnD=21.73
it  38300/150000 | 3.11 it/s | λ_dis=0.800 | lr=8.7e-05 | mse=+0.1287 | ea_dists=+0.4810 | id=+0.4061 | gan_g=+7.6105 | total_gen=+6.7388 | d_real=+0.1998 | d_fake=+0.4846 | gnG=173.87 | gnD=32.14
it  38350/150000 | 3.05 it/s | λ_dis=0.800 | lr=8.7e-05 | mse=+0.1110 | ea_dists=+0.4763 | id=+0.3877 | gan_g=+7.0971 | total_gen=+6.3037 | d_real=+0.4657 | d_fake=+0.7916 | gnG=182.81 | gnD=42.72
it  38400/150000 | 3.09 it/s | λ_dis=0.800 | lr=8.7e-05 | mse=+0.1356 | ea_dists=+0.4951 | id=+0.3892 | gan_g=+6.4206 | total_gen=+5.8061 | d_real=+0.3301 | d_fake=+0.3998 | gnG=156.80 | gnD=19.15
it  38450/150000 | 3.08 it/s | λ_dis=0.800 | lr=8.7e-05 | mse=+0.1268 | ea_dists=+0.4809 | id=+0.4006 | gan_g=+6.1563 | total_gen=+5.5728 | d_real=+0.1179 | d_fake=+0.3485 | gnG=101.05 | gnD=18.11
it  38500/150000 | 3.10 it/s | λ_dis=0.800 | lr=8.7e-05 | mse=+0.1185 | ea_dists=+0.4864 | id=+0.3952 | gan_g=+7.4214 | total_gen=+6.5815 | d_real=+0.0816 | d_fake=+0.3419 | gnG=92.50 | gnD=16.59
it  38550/150000 | 3.04 it/s | λ_dis=0.800 | lr=8.7e-05 | mse=+0.1125 | ea_dists=+0.4791 | id=+0.3985 | gan_g=+7.4320 | total_gen=+6.5771 | d_real=+0.1615 | d_fake=+0.4953 | gnG=132.82 | gnD=23.83
it  38600/150000 | 3.15 it/s | λ_dis=0.800 | lr=8.7e-05 | mse=+0.1039 | ea_dists=+0.4738 | id=+0.4075 | gan_g=+7.6278 | total_gen=+6.7207 | d_real=+0.3285 | d_fake=+0.5781 | gnG=172.41 | gnD=35.39
it  38650/150000 | 3.10 it/s | λ_dis=0.800 | lr=8.7e-05 | mse=+0.1216 | ea_dists=+0.4787 | id=+0.4063 | gan_g=+7.4464 | total_gen=+6.5980 | d_real=+0.2081 | d_fake=+0.4363 | gnG=158.64 | gnD=29.96
it  38700/150000 | 3.14 it/s | λ_dis=0.800 | lr=8.7e-05 | mse=+0.1097 | ea_dists=+0.4707 | id=+0.4176 | gan_g=+7.3211 | total_gen=+6.4790 | d_real=+0.2205 | d_fake=+0.6332 | gnG=125.82 | gnD=32.99
it  38750/150000 | 3.11 it/s | λ_dis=0.800 | lr=8.6e-05 | mse=+0.1139 | ea_dists=+0.4904 | id=+0.4037 | gan_g=+7.5343 | total_gen=+6.6722 | d_real=+0.1461 | d_fake=+0.6284 | gnG=116.32 | gnD=21.84
it  38800/150000 | 3.15 it/s | λ_dis=0.800 | lr=8.6e-05 | mse=+0.1130 | ea_dists=+0.4906 | id=+0.4137 | gan_g=+7.1744 | total_gen=+6.3845 | d_real=+0.2910 | d_fake=+0.5415 | gnG=75.52 | gnD=20.67
it  38850/150000 | 3.06 it/s | λ_dis=0.800 | lr=8.6e-05 | mse=+0.1271 | ea_dists=+0.4806 | id=+0.4151 | gan_g=+6.7607 | total_gen=+6.0578 | d_real=+0.1746 | d_fake=+0.3593 | gnG=117.57 | gnD=16.41
it  38900/150000 | 3.10 it/s | λ_dis=0.800 | lr=8.6e-05 | mse=+0.1343 | ea_dists=+0.4894 | id=+0.4071 | gan_g=+7.4359 | total_gen=+6.6132 | d_real=+0.2664 | d_fake=+0.5094 | gnG=145.28 | gnD=29.57
it  38950/150000 | 3.08 it/s | λ_dis=0.800 | lr=8.6e-05 | mse=+0.1261 | ea_dists=+0.4886 | id=+0.4021 | gan_g=+7.6309 | total_gen=+6.7596 | d_real=+0.1193 | d_fake=+0.6515 | gnG=140.13 | gnD=30.66
it  39000/150000 | 3.14 it/s | λ_dis=0.800 | lr=8.6e-05 | mse=+0.1272 | ea_dists=+0.4940 | id=+0.4000 | gan_g=+7.2010 | total_gen=+6.4220 | d_real=+0.2405 | d_fake=+0.5827 | gnG=152.02 | gnD=27.97
it  39050/150000 | 3.09 it/s | λ_dis=0.800 | lr=8.6e-05 | mse=+0.1504 | ea_dists=+0.5012 | id=+0.4214 | gan_g=+7.8865 | total_gen=+7.0030 | d_real=+0.1657 | d_fake=+0.3363 | gnG=90.21 | gnD=21.95
it  39100/150000 | 3.12 it/s | λ_dis=0.800 | lr=8.6e-05 | mse=+0.1414 | ea_dists=+0.4853 | id=+0.4285 | gan_g=+7.6928 | total_gen=+6.8238 | d_real=+0.1343 | d_fake=+0.5738 | gnG=88.92 | gnD=22.48
it  39150/150000 | 3.10 it/s | λ_dis=0.800 | lr=8.6e-05 | mse=+0.1430 | ea_dists=+0.4906 | id=+0.4220 | gan_g=+7.3269 | total_gen=+6.5373 | d_real=+0.0627 | d_fake=+0.4362 | gnG=92.89 | gnD=11.98
it  39200/150000 | 3.14 it/s | λ_dis=0.800 | lr=8.6e-05 | mse=+0.1290 | ea_dists=+0.4885 | id=+0.4115 | gan_g=+8.0288 | total_gen=+7.0816 | d_real=+0.2077 | d_fake=+0.5889 | gnG=139.59 | gnD=27.21
it  39250/150000 | 3.11 it/s | λ_dis=0.800 | lr=8.6e-05 | mse=+0.1528 | ea_dists=+0.4955 | id=+0.4417 | gan_g=+8.0577 | total_gen=+7.1386 | d_real=+0.2940 | d_fake=+0.4734 | gnG=110.32 | gnD=23.33
it  39300/150000 | 3.14 it/s | λ_dis=0.800 | lr=8.6e-05 | mse=+0.1173 | ea_dists=+0.4784 | id=+0.4132 | gan_g=+8.0948 | total_gen=+7.1128 | d_real=+0.1396 | d_fake=+0.4562 | gnG=111.76 | gnD=20.95
it  39350/150000 | 3.09 it/s | λ_dis=0.800 | lr=8.6e-05 | mse=+0.1318 | ea_dists=+0.4875 | id=+0.4149 | gan_g=+7.6736 | total_gen=+6.7996 | d_real=+0.2631 | d_fake=+0.6489 | gnG=115.70 | gnD=24.03
it  39400/150000 | 3.10 it/s | λ_dis=0.800 | lr=8.6e-05 | mse=+0.1270 | ea_dists=+0.4787 | id=+0.3951 | gan_g=+7.0559 | total_gen=+6.2900 | d_real=+0.3651 | d_fake=+0.4005 | gnG=158.74 | gnD=28.98
it  39450/150000 | 3.05 it/s | λ_dis=0.800 | lr=8.6e-05 | mse=+0.1264 | ea_dists=+0.4855 | id=+0.4293 | gan_g=+7.3933 | total_gen=+6.5695 | d_real=+0.1276 | d_fake=+0.4525 | gnG=72.07 | gnD=15.65
it  39500/150000 | 3.11 it/s | λ_dis=0.800 | lr=8.6e-05 | mse=+0.1233 | ea_dists=+0.4810 | id=+0.4346 | gan_g=+7.3000 | total_gen=+6.4878 | d_real=+0.2592 | d_fake=+0.4617 | gnG=130.11 | gnD=31.57
it  39550/150000 | 3.08 it/s | λ_dis=0.800 | lr=8.6e-05 | mse=+0.1238 | ea_dists=+0.4900 | id=+0.4172 | gan_g=+5.7415 | total_gen=+5.2487 | d_real=+0.3791 | d_fake=+0.5366 | gnG=72.59 | gnD=26.47
it  39600/150000 | 3.10 it/s | λ_dis=0.800 | lr=8.6e-05 | mse=+0.1329 | ea_dists=+0.4788 | id=+0.4212 | gan_g=+6.4742 | total_gen=+5.8331 | d_real=+0.1323 | d_fake=+0.5425 | gnG=56.61 | gnD=41.92
it  39650/150000 | 3.07 it/s | λ_dis=0.800 | lr=8.6e-05 | mse=+0.1299 | ea_dists=+0.4855 | id=+0.4331 | gan_g=+7.4572 | total_gen=+6.6244 | d_real=+0.0912 | d_fake=+0.5339 | gnG=51.30 | gnD=6.55
it  39700/150000 | 3.11 it/s | λ_dis=0.800 | lr=8.6e-05 | mse=+0.1292 | ea_dists=+0.4903 | id=+0.4304 | gan_g=+7.3002 | total_gen=+6.5027 | d_real=+0.2213 | d_fake=+0.4907 | gnG=139.32 | gnD=34.33
it  39750/150000 | 3.04 it/s | λ_dis=0.800 | lr=8.6e-05 | mse=+0.1272 | ea_dists=+0.4800 | id=+0.4084 | gan_g=+6.8380 | total_gen=+6.1184 | d_real=+0.2737 | d_fake=+0.7737 | gnG=185.67 | gnD=43.36
it  39800/150000 | 3.10 it/s | λ_dis=0.800 | lr=8.6e-05 | mse=+0.1344 | ea_dists=+0.4830 | id=+0.4192 | gan_g=+6.9646 | total_gen=+6.2310 | d_real=+0.1293 | d_fake=+0.6321 | gnG=123.52 | gnD=13.83
it  39850/150000 | 3.06 it/s | λ_dis=0.800 | lr=8.6e-05 | mse=+0.1398 | ea_dists=+0.4972 | id=+0.4043 | gan_g=+7.4643 | total_gen=+6.6489 | d_real=+0.1348 | d_fake=+0.6141 | gnG=90.52 | gnD=19.69
it  39900/150000 | 3.10 it/s | λ_dis=0.800 | lr=8.6e-05 | mse=+0.1457 | ea_dists=+0.4918 | id=+0.4183 | gan_g=+7.5919 | total_gen=+6.7528 | d_real=+0.1653 | d_fake=+0.3525 | gnG=48.66 | gnD=17.93
it  39950/150000 | 3.05 it/s | λ_dis=0.800 | lr=8.6e-05 | mse=+0.1363 | ea_dists=+0.4901 | id=+0.4092 | gan_g=+8.0167 | total_gen=+7.0807 | d_real=+0.0917 | d_fake=+0.5287 | gnG=88.27 | gnD=16.04
it  40000/150000 | 3.12 it/s | λ_dis=0.800 | lr=8.6e-05 | mse=+0.1330 | ea_dists=+0.4811 | id=+0.4194 | gan_g=+7.8133 | total_gen=+6.9066 | d_real=+0.1895 | d_fake=+0.4496 | gnG=113.18 | gnD=19.06
  [iter 40000] saved sample → /projectnb/cs585/projects/craft/samples_stage2/iter_0040000.png
  [iter 40000] saved ckpt → /projectnb/cs585/projects/craft/checkpoints_stage2/iter_0040000.pt
it  40050/150000 | 2.62 it/s | λ_dis=0.800 | lr=8.6e-05 | mse=+0.1410 | ea_dists=+0.4867 | id=+0.4086 | gan_g=+7.3115 | total_gen=+6.5177 | d_real=+0.0346 | d_fake=+0.5127 | gnG=147.34 | gnD=10.10
it  40100/150000 | 3.10 it/s | λ_dis=0.800 | lr=8.6e-05 | mse=+0.1411 | ea_dists=+0.4840 | id=+0.4156 | gan_g=+7.2062 | total_gen=+6.4315 | d_real=+0.1001 | d_fake=+0.5852 | gnG=168.20 | gnD=24.74
it  40150/150000 | 3.03 it/s | λ_dis=0.800 | lr=8.6e-05 | mse=+0.1210 | ea_dists=+0.4823 | id=+0.4255 | gan_g=+8.3016 | total_gen=+7.2871 | d_real=+0.1856 | d_fake=+0.3413 | gnG=93.85 | gnD=36.85
it  40200/150000 | 3.09 it/s | λ_dis=0.800 | lr=8.5e-05 | mse=+0.1239 | ea_dists=+0.4867 | id=+0.4354 | gan_g=+7.2938 | total_gen=+6.4892 | d_real=+0.3326 | d_fake=+0.3892 | gnG=105.56 | gnD=44.74
it  40250/150000 | 3.05 it/s | λ_dis=0.800 | lr=8.5e-05 | mse=+0.1310 | ea_dists=+0.4964 | id=+0.4158 | gan_g=+5.3945 | total_gen=+4.9846 | d_real=+0.3881 | d_fake=+0.4537 | gnG=174.65 | gnD=45.09
it  40300/150000 | 3.10 it/s | λ_dis=0.800 | lr=8.5e-05 | mse=+0.1617 | ea_dists=+0.4908 | id=+0.4460 | gan_g=+7.0942 | total_gen=+6.3725 | d_real=+0.2701 | d_fake=+0.3366 | gnG=113.94 | gnD=25.36
it  40350/150000 | 3.05 it/s | λ_dis=0.800 | lr=8.5e-05 | mse=+0.1569 | ea_dists=+0.4918 | id=+0.4553 | gan_g=+6.9843 | total_gen=+6.2817 | d_real=+0.1241 | d_fake=+0.4943 | gnG=127.23 | gnD=33.34
it  40400/150000 | 3.12 it/s | λ_dis=0.800 | lr=8.5e-05 | mse=+0.1732 | ea_dists=+0.4923 | id=+0.4644 | gan_g=+7.7321 | total_gen=+6.8976 | d_real=+0.1492 | d_fake=+0.6011 | gnG=170.05 | gnD=23.49
it  40450/150000 | 3.07 it/s | λ_dis=0.800 | lr=8.5e-05 | mse=+0.1700 | ea_dists=+0.4798 | id=+0.4082 | gan_g=+7.3886 | total_gen=+6.6016 | d_real=+0.0926 | d_fake=+0.4117 | gnG=91.57 | gnD=32.05
it  40500/150000 | 3.15 it/s | λ_dis=0.800 | lr=8.5e-05 | mse=+0.1651 | ea_dists=+0.4897 | id=+0.4375 | gan_g=+7.3387 | total_gen=+6.5694 | d_real=+0.1182 | d_fake=+0.4353 | gnG=107.85 | gnD=23.87
it  40550/150000 | 3.09 it/s | λ_dis=0.800 | lr=8.5e-05 | mse=+0.1655 | ea_dists=+0.4732 | id=+0.4003 | gan_g=+8.5096 | total_gen=+7.4864 | d_real=+0.0683 | d_fake=+0.2388 | gnG=134.26 | gnD=11.08
it  40600/150000 | 3.14 it/s | λ_dis=0.800 | lr=8.5e-05 | mse=+0.1657 | ea_dists=+0.4860 | id=+0.4316 | gan_g=+8.0718 | total_gen=+7.1523 | d_real=+0.0710 | d_fake=+0.6086 | gnG=166.80 | gnD=24.66
it  40650/150000 | 3.08 it/s | λ_dis=0.800 | lr=8.5e-05 | mse=+0.1493 | ea_dists=+0.4827 | id=+0.3925 | gan_g=+8.0657 | total_gen=+7.1239 | d_real=+0.2032 | d_fake=+0.4899 | gnG=63.50 | gnD=42.58
it  40700/150000 | 3.12 it/s | λ_dis=0.800 | lr=8.5e-05 | mse=+0.1527 | ea_dists=+0.4799 | id=+0.4000 | gan_g=+8.7445 | total_gen=+7.6682 | d_real=+0.0467 | d_fake=+0.5189 | gnG=138.95 | gnD=14.83
it  40750/150000 | 3.05 it/s | λ_dis=0.800 | lr=8.5e-05 | mse=+0.1505 | ea_dists=+0.4728 | id=+0.4210 | gan_g=+8.4831 | total_gen=+7.4520 | d_real=+0.2994 | d_fake=+0.4235 | gnG=88.54 | gnD=26.08
it  40800/150000 | 3.08 it/s | λ_dis=0.800 | lr=8.5e-05 | mse=+0.1494 | ea_dists=+0.4752 | id=+0.3985 | gan_g=+8.4035 | total_gen=+7.3873 | d_real=+0.0161 | d_fake=+0.4355 | gnG=93.08 | gnD=6.63
it  40850/150000 | 3.06 it/s | λ_dis=0.800 | lr=8.5e-05 | mse=+0.1770 | ea_dists=+0.4798 | id=+0.4079 | gan_g=+8.0978 | total_gen=+7.1758 | d_real=+0.3578 | d_fake=+0.4249 | gnG=102.88 | gnD=39.11
it  40900/150000 | 3.14 it/s | λ_dis=0.800 | lr=8.5e-05 | mse=+0.1494 | ea_dists=+0.4759 | id=+0.4130 | gan_g=+7.0885 | total_gen=+6.3374 | d_real=+0.1274 | d_fake=+0.4916 | gnG=109.93 | gnD=12.72
it  40950/150000 | 3.09 it/s | λ_dis=0.800 | lr=8.5e-05 | mse=+0.1455 | ea_dists=+0.4675 | id=+0.4019 | gan_g=+7.5649 | total_gen=+6.7051 | d_real=+0.0302 | d_fake=+0.5124 | gnG=186.44 | gnD=25.37
it  41000/150000 | 3.14 it/s | λ_dis=0.800 | lr=8.5e-05 | mse=+0.1594 | ea_dists=+0.4768 | id=+0.4130 | gan_g=+7.7502 | total_gen=+6.8776 | d_real=+0.1469 | d_fake=+0.5680 | gnG=99.88 | gnD=28.19
it  41050/150000 | 3.15 it/s | λ_dis=0.800 | lr=8.5e-05 | mse=+0.1463 | ea_dists=+0.4755 | id=+0.4463 | gan_g=+8.0400 | total_gen=+7.0985 | d_real=+0.0484 | d_fake=+0.5761 | gnG=98.36 | gnD=26.43
it  41100/150000 | 3.09 it/s | λ_dis=0.800 | lr=8.5e-05 | mse=+0.1355 | ea_dists=+0.4767 | id=+0.3907 | gan_g=+8.2584 | total_gen=+7.2580 | d_real=+0.2754 | d_fake=+0.4394 | gnG=86.20 | gnD=28.94
it  41150/150000 | 3.10 it/s | λ_dis=0.800 | lr=8.5e-05 | mse=+0.1584 | ea_dists=+0.4807 | id=+0.4215 | gan_g=+8.0673 | total_gen=+7.1351 | d_real=+0.1494 | d_fake=+0.2961 | gnG=78.38 | gnD=26.94
it  41200/150000 | 3.09 it/s | λ_dis=0.800 | lr=8.5e-05 | mse=+0.1351 | ea_dists=+0.4777 | id=+0.3980 | gan_g=+7.0020 | total_gen=+6.2542 | d_real=+0.2222 | d_fake=+0.5492 | gnG=184.42 | gnD=40.02
it  41250/150000 | 3.14 it/s | λ_dis=0.800 | lr=8.5e-05 | mse=+0.1313 | ea_dists=+0.4850 | id=+0.4167 | gan_g=+7.5412 | total_gen=+6.6909 | d_real=+0.2159 | d_fake=+0.4907 | gnG=88.03 | gnD=27.96
it  41300/150000 | 3.09 it/s | λ_dis=0.800 | lr=8.5e-05 | mse=+0.1345 | ea_dists=+0.4796 | id=+0.4260 | gan_g=+7.3700 | total_gen=+6.5527 | d_real=+0.1333 | d_fake=+0.7072 | gnG=117.09 | gnD=32.45
it  41350/150000 | 3.14 it/s | λ_dis=0.800 | lr=8.5e-05 | mse=+0.1438 | ea_dists=+0.4779 | id=+0.4178 | gan_g=+7.4487 | total_gen=+6.6224 | d_real=+0.1328 | d_fake=+0.4818 | gnG=104.16 | gnD=13.21
it  41400/150000 | 3.05 it/s | λ_dis=0.800 | lr=8.5e-05 | mse=+0.1350 | ea_dists=+0.4720 | id=+0.4193 | gan_g=+7.2477 | total_gen=+6.4471 | d_real=+0.1223 | d_fake=+0.5310 | gnG=115.10 | gnD=19.53
it  41450/150000 | 3.08 it/s | λ_dis=0.800 | lr=8.5e-05 | mse=+0.1699 | ea_dists=+0.4819 | id=+0.4316 | gan_g=+7.8541 | total_gen=+6.9782 | d_real=+0.1819 | d_fake=+0.4805 | gnG=117.54 | gnD=23.53
it  41500/150000 | 3.04 it/s | λ_dis=0.800 | lr=8.5e-05 | mse=+0.1393 | ea_dists=+0.4668 | id=+0.4236 | gan_g=+7.1042 | total_gen=+6.3318 | d_real=+0.1292 | d_fake=+0.6361 | gnG=121.17 | gnD=27.89
it  41550/150000 | 3.09 it/s | λ_dis=0.800 | lr=8.5e-05 | mse=+0.1405 | ea_dists=+0.4633 | id=+0.4187 | gan_g=+7.1389 | total_gen=+6.3567 | d_real=+0.2477 | d_fake=+0.6481 | gnG=88.59 | gnD=27.82
it  41600/150000 | 3.05 it/s | λ_dis=0.800 | lr=8.4e-05 | mse=+0.1392 | ea_dists=+0.4741 | id=+0.4173 | gan_g=+7.1836 | total_gen=+6.4019 | d_real=+0.1279 | d_fake=+0.5435 | gnG=124.24 | gnD=29.52
it  41650/150000 | 3.09 it/s | λ_dis=0.800 | lr=8.4e-05 | mse=+0.1502 | ea_dists=+0.4746 | id=+0.4069 | gan_g=+7.4725 | total_gen=+6.6435 | d_real=+0.1971 | d_fake=+0.4621 | gnG=187.16 | gnD=36.27
it  41700/150000 | 3.03 it/s | λ_dis=0.800 | lr=8.4e-05 | mse=+0.1374 | ea_dists=+0.4789 | id=+0.3922 | gan_g=+7.9019 | total_gen=+6.9770 | d_real=+0.0826 | d_fake=+0.5229 | gnG=84.28 | gnD=7.13
it  41750/150000 | 3.01 it/s | λ_dis=0.800 | lr=8.4e-05 | mse=+0.1450 | ea_dists=+0.4739 | id=+0.3758 | gan_g=+8.0881 | total_gen=+7.1271 | d_real=+0.2318 | d_fake=+0.4250 | gnG=101.07 | gnD=22.02
it  41800/150000 | 3.05 it/s | λ_dis=0.800 | lr=8.4e-05 | mse=+0.1317 | ea_dists=+0.4766 | id=+0.4329 | gan_g=+7.8761 | total_gen=+6.9524 | d_real=+0.0735 | d_fake=+0.5363 | gnG=112.30 | gnD=10.58
it  41850/150000 | 3.08 it/s | λ_dis=0.800 | lr=8.4e-05 | mse=+0.1334 | ea_dists=+0.4825 | id=+0.4152 | gan_g=+8.1734 | total_gen=+7.1961 | d_real=+0.1470 | d_fake=+0.5071 | gnG=121.97 | gnD=28.15
it  41900/150000 | 3.09 it/s | λ_dis=0.800 | lr=8.4e-05 | mse=+0.1386 | ea_dists=+0.4863 | id=+0.4122 | gan_g=+7.7003 | total_gen=+6.8264 | d_real=+0.2936 | d_fake=+0.3960 | gnG=121.34 | gnD=41.27
it  41950/150000 | 3.13 it/s | λ_dis=0.800 | lr=8.4e-05 | mse=+0.1238 | ea_dists=+0.4888 | id=+0.4087 | gan_g=+7.6261 | total_gen=+6.7543 | d_real=+0.1723 | d_fake=+0.5988 | gnG=162.63 | gnD=26.83
it  42000/150000 | 3.07 it/s | λ_dis=0.800 | lr=8.4e-05 | mse=+0.1376 | ea_dists=+0.4774 | id=+0.4265 | gan_g=+7.2727 | total_gen=+6.4758 | d_real=+0.0314 | d_fake=+0.6160 | gnG=155.41 | gnD=23.43
  [iter 42000] saved sample → /projectnb/cs585/projects/craft/samples_stage2/iter_0042000.png
it  42050/150000 | 2.70 it/s | λ_dis=0.800 | lr=8.4e-05 | mse=+0.1493 | ea_dists=+0.4815 | id=+0.4257 | gan_g=+8.8037 | total_gen=+7.7163 | d_real=+0.1377 | d_fake=+0.5209 | gnG=59.70 | gnD=34.12
it  42100/150000 | 3.02 it/s | λ_dis=0.800 | lr=8.4e-05 | mse=+0.1442 | ea_dists=+0.4870 | id=+0.4059 | gan_g=+7.0411 | total_gen=+6.3047 | d_real=+0.1138 | d_fake=+0.7436 | gnG=156.79 | gnD=18.90
it  42150/150000 | 3.12 it/s | λ_dis=0.800 | lr=8.4e-05 | mse=+0.1660 | ea_dists=+0.4845 | id=+0.3983 | gan_g=+7.4998 | total_gen=+6.6901 | d_real=+0.0905 | d_fake=+0.5781 | gnG=124.86 | gnD=25.76
it  42200/150000 | 3.09 it/s | λ_dis=0.800 | lr=8.4e-05 | mse=+0.1421 | ea_dists=+0.4854 | id=+0.4014 | gan_g=+8.1697 | total_gen=+7.2033 | d_real=+0.0369 | d_fake=+0.5333 | gnG=104.42 | gnD=21.48
it  42250/150000 | 3.12 it/s | λ_dis=0.800 | lr=8.4e-05 | mse=+0.1409 | ea_dists=+0.4874 | id=+0.4020 | gan_g=+8.4144 | total_gen=+7.4000 | d_real=+0.0868 | d_fake=+0.4237 | gnG=73.38 | gnD=18.99
it  42300/150000 | 3.06 it/s | λ_dis=0.800 | lr=8.4e-05 | mse=+0.1323 | ea_dists=+0.4719 | id=+0.3930 | gan_g=+8.6327 | total_gen=+7.5496 | d_real=+0.2197 | d_fake=+0.5684 | gnG=120.33 | gnD=29.48
it  42350/150000 | 3.10 it/s | λ_dis=0.800 | lr=8.4e-05 | mse=+0.1451 | ea_dists=+0.4816 | id=+0.3950 | gan_g=+8.1862 | total_gen=+7.2152 | d_real=+0.0840 | d_fake=+0.3593 | gnG=73.92 | gnD=15.00
it  42400/150000 | 3.04 it/s | λ_dis=0.800 | lr=8.4e-05 | mse=+0.1370 | ea_dists=+0.4705 | id=+0.4125 | gan_g=+8.1321 | total_gen=+7.1544 | d_real=+0.1712 | d_fake=+0.6554 | gnG=101.35 | gnD=21.75
it  42450/150000 | 3.10 it/s | λ_dis=0.800 | lr=8.4e-05 | mse=+0.1472 | ea_dists=+0.4829 | id=+0.3923 | gan_g=+8.4256 | total_gen=+7.4099 | d_real=+0.1531 | d_fake=+0.4126 | gnG=220.60 | gnD=26.49
it  42500/150000 | 3.08 it/s | λ_dis=0.800 | lr=8.4e-05 | mse=+0.1573 | ea_dists=+0.4830 | id=+0.4022 | gan_g=+8.4624 | total_gen=+7.4504 | d_real=+0.1414 | d_fake=+0.4555 | gnG=192.83 | gnD=31.58
it  42550/150000 | 3.11 it/s | λ_dis=0.800 | lr=8.4e-05 | mse=+0.1524 | ea_dists=+0.4812 | id=+0.4064 | gan_g=+8.7504 | total_gen=+7.6746 | d_real=+0.0949 | d_fake=+0.3232 | gnG=145.77 | gnD=28.72
it  42600/150000 | 3.05 it/s | λ_dis=0.800 | lr=8.4e-05 | mse=+0.1550 | ea_dists=+0.4725 | id=+0.3906 | gan_g=+7.9616 | total_gen=+7.0358 | d_real=+0.2450 | d_fake=+0.7295 | gnG=101.18 | gnD=27.00
it  42650/150000 | 3.12 it/s | λ_dis=0.800 | lr=8.4e-05 | mse=+0.1317 | ea_dists=+0.4771 | id=+0.3926 | gan_g=+8.0684 | total_gen=+7.1028 | d_real=+0.4352 | d_fake=+0.4780 | gnG=189.57 | gnD=38.01
it  42700/150000 | 3.06 it/s | λ_dis=0.800 | lr=8.4e-05 | mse=+0.1533 | ea_dists=+0.4775 | id=+0.4093 | gan_g=+6.8153 | total_gen=+6.1240 | d_real=+0.4678 | d_fake=+0.5784 | gnG=116.23 | gnD=43.23
it  42750/150000 | 3.09 it/s | λ_dis=0.800 | lr=8.4e-05 | mse=+0.1394 | ea_dists=+0.4816 | id=+0.3918 | gan_g=+6.7508 | total_gen=+6.0608 | d_real=+0.0702 | d_fake=+0.3828 | gnG=179.11 | gnD=19.04
it  42800/150000 | 3.03 it/s | λ_dis=0.800 | lr=8.4e-05 | mse=+0.1523 | ea_dists=+0.4717 | id=+0.3958 | gan_g=+7.5640 | total_gen=+6.7149 | d_real=+0.1450 | d_fake=+0.5355 | gnG=146.24 | gnD=39.57
it  42850/150000 | 3.08 it/s | λ_dis=0.800 | lr=8.4e-05 | mse=+0.1402 | ea_dists=+0.4791 | id=+0.3885 | gan_g=+7.6666 | total_gen=+6.7913 | d_real=+0.0914 | d_fake=+0.5661 | gnG=107.22 | gnD=16.84
it  42900/150000 | 3.04 it/s | λ_dis=0.800 | lr=8.4e-05 | mse=+0.1406 | ea_dists=+0.4808 | id=+0.3978 | gan_g=+7.7502 | total_gen=+6.8613 | d_real=+0.1520 | d_fake=+0.2359 | gnG=58.91 | gnD=24.20
it  42950/150000 | 3.09 it/s | λ_dis=0.800 | lr=8.4e-05 | mse=+0.1734 | ea_dists=+0.4935 | id=+0.4314 | gan_g=+7.8287 | total_gen=+6.9730 | d_real=+0.1370 | d_fake=+0.6097 | gnG=77.23 | gnD=20.12
it  43000/150000 | 3.05 it/s | λ_dis=0.800 | lr=8.3e-05 | mse=+0.1443 | ea_dists=+0.4831 | id=+0.3917 | gan_g=+7.0404 | total_gen=+6.2989 | d_real=+0.2099 | d_fake=+0.7172 | gnG=114.43 | gnD=20.59
it  43050/150000 | 3.11 it/s | λ_dis=0.800 | lr=8.3e-05 | mse=+0.1465 | ea_dists=+0.4670 | id=+0.3661 | gan_g=+7.6132 | total_gen=+6.7406 | d_real=+0.0469 | d_fake=+0.4451 | gnG=48.38 | gnD=12.53
it  43100/150000 | 3.06 it/s | λ_dis=0.800 | lr=8.3e-05 | mse=+0.1642 | ea_dists=+0.4841 | id=+0.4293 | gan_g=+8.3244 | total_gen=+7.3507 | d_real=+0.0945 | d_fake=+0.4386 | gnG=75.15 | gnD=21.23
it  43150/150000 | 3.09 it/s | λ_dis=0.800 | lr=8.3e-05 | mse=+0.1387 | ea_dists=+0.4682 | id=+0.3936 | gan_g=+8.0179 | total_gen=+7.0605 | d_real=+0.3408 | d_fake=+0.5093 | gnG=124.66 | gnD=36.36
it  43200/150000 | 3.09 it/s | λ_dis=0.800 | lr=8.3e-05 | mse=+0.1533 | ea_dists=+0.4782 | id=+0.4195 | gan_g=+7.2031 | total_gen=+6.4359 | d_real=+0.2504 | d_fake=+0.5116 | gnG=165.16 | gnD=27.20
it  43250/150000 | 3.13 it/s | λ_dis=0.800 | lr=8.3e-05 | mse=+0.1338 | ea_dists=+0.4776 | id=+0.4285 | gan_g=+6.7935 | total_gen=+6.0891 | d_real=+0.1104 | d_fake=+0.7419 | gnG=178.65 | gnD=25.27
it  43300/150000 | 3.08 it/s | λ_dis=0.800 | lr=8.3e-05 | mse=+0.1453 | ea_dists=+0.4771 | id=+0.3988 | gan_g=+7.2531 | total_gen=+6.4647 | d_real=+0.1952 | d_fake=+0.4259 | gnG=124.16 | gnD=21.65
it  43350/150000 | 3.14 it/s | λ_dis=0.800 | lr=8.3e-05 | mse=+0.1289 | ea_dists=+0.4803 | id=+0.4135 | gan_g=+6.5902 | total_gen=+5.9227 | d_real=+0.1196 | d_fake=+0.6216 | gnG=61.40 | gnD=17.21
it  43400/150000 | 3.08 it/s | λ_dis=0.800 | lr=8.3e-05 | mse=+0.1305 | ea_dists=+0.4842 | id=+0.3740 | gan_g=+7.8606 | total_gen=+6.9405 | d_real=+0.0416 | d_fake=+0.4799 | gnG=66.60 | gnD=13.24
it  43450/150000 | 3.14 it/s | λ_dis=0.800 | lr=8.3e-05 | mse=+0.1365 | ea_dists=+0.4758 | id=+0.4065 | gan_g=+7.8153 | total_gen=+6.9053 | d_real=+0.1380 | d_fake=+0.3787 | gnG=106.98 | gnD=19.97
it  43500/150000 | 3.10 it/s | λ_dis=0.800 | lr=8.3e-05 | mse=+0.1362 | ea_dists=+0.4740 | id=+0.4093 | gan_g=+8.3813 | total_gen=+7.3562 | d_real=+0.1042 | d_fake=+0.3674 | gnG=128.88 | gnD=19.82
it  43550/150000 | 3.13 it/s | λ_dis=0.800 | lr=8.3e-05 | mse=+0.1362 | ea_dists=+0.4776 | id=+0.3701 | gan_g=+8.8061 | total_gen=+7.6956 | d_real=+0.1637 | d_fake=+0.4082 | gnG=140.91 | gnD=26.34
it  43600/150000 | 3.08 it/s | λ_dis=0.800 | lr=8.3e-05 | mse=+0.1281 | ea_dists=+0.4722 | id=+0.4059 | gan_g=+8.0074 | total_gen=+7.0468 | d_real=+0.1271 | d_fake=+0.4578 | gnG=187.87 | gnD=29.37
it  43650/150000 | 3.13 it/s | λ_dis=0.800 | lr=8.3e-05 | mse=+0.1586 | ea_dists=+0.4768 | id=+0.4141 | gan_g=+9.1756 | total_gen=+8.0173 | d_real=+0.3010 | d_fake=+0.4615 | gnG=87.28 | gnD=30.30
it  43700/150000 | 3.06 it/s | λ_dis=0.800 | lr=8.3e-05 | mse=+0.1412 | ea_dists=+0.4773 | id=+0.3820 | gan_g=+8.6405 | total_gen=+7.5691 | d_real=+0.2600 | d_fake=+0.6598 | gnG=133.23 | gnD=25.70
it  43750/150000 | 3.08 it/s | λ_dis=0.800 | lr=8.3e-05 | mse=+0.1545 | ea_dists=+0.4848 | id=+0.4125 | gan_g=+7.7178 | total_gen=+6.8549 | d_real=+0.0703 | d_fake=+0.6296 | gnG=89.01 | gnD=26.83
it  43800/150000 | 3.06 it/s | λ_dis=0.800 | lr=8.3e-05 | mse=+0.1436 | ea_dists=+0.4835 | id=+0.3942 | gan_g=+8.3013 | total_gen=+7.3076 | d_real=+0.2388 | d_fake=+0.5378 | gnG=177.06 | gnD=40.22
it  43850/150000 | 3.09 it/s | λ_dis=0.800 | lr=8.3e-05 | mse=+0.1443 | ea_dists=+0.4762 | id=+0.4088 | gan_g=+8.3319 | total_gen=+7.3269 | d_real=+0.1392 | d_fake=+0.6258 | gnG=180.49 | gnD=33.68
it  43900/150000 | 3.06 it/s | λ_dis=0.800 | lr=8.3e-05 | mse=+0.1387 | ea_dists=+0.4796 | id=+0.3951 | gan_g=+8.0880 | total_gen=+7.1282 | d_real=+0.1285 | d_fake=+0.4270 | gnG=190.25 | gnD=14.56
it  43950/150000 | 3.10 it/s | λ_dis=0.800 | lr=8.3e-05 | mse=+0.1345 | ea_dists=+0.4794 | id=+0.3980 | gan_g=+8.2248 | total_gen=+7.2335 | d_real=+0.1544 | d_fake=+0.5168 | gnG=98.09 | gnD=17.44
it  44000/150000 | 3.05 it/s | λ_dis=0.800 | lr=8.3e-05 | mse=+0.1232 | ea_dists=+0.4730 | id=+0.3887 | gan_g=+7.5487 | total_gen=+6.6739 | d_real=+0.0457 | d_fake=+0.4567 | gnG=65.10 | gnD=13.99
  [iter 44000] saved sample → /projectnb/cs585/projects/craft/samples_stage2/iter_0044000.png
it  44050/150000 | 2.74 it/s | λ_dis=0.800 | lr=8.3e-05 | mse=+0.1240 | ea_dists=+0.4723 | id=+0.4319 | gan_g=+7.1502 | total_gen=+6.3596 | d_real=+0.1604 | d_fake=+0.7025 | gnG=161.66 | gnD=23.68
it  44100/150000 | 3.05 it/s | λ_dis=0.800 | lr=8.3e-05 | mse=+0.1168 | ea_dists=+0.4690 | id=+0.4030 | gan_g=+7.8896 | total_gen=+6.9378 | d_real=+0.2199 | d_fake=+0.4152 | gnG=138.89 | gnD=41.41
it  44150/150000 | 3.12 it/s | λ_dis=0.800 | lr=8.3e-05 | mse=+0.1316 | ea_dists=+0.4715 | id=+0.4038 | gan_g=+8.7085 | total_gen=+7.6102 | d_real=+0.1157 | d_fake=+0.5313 | gnG=91.71 | gnD=29.32
it  44200/150000 | 3.07 it/s | λ_dis=0.800 | lr=8.3e-05 | mse=+0.1459 | ea_dists=+0.4732 | id=+0.4384 | gan_g=+8.9415 | total_gen=+7.8161 | d_real=+0.1371 | d_fake=+0.3706 | gnG=83.75 | gnD=17.82
it  44250/150000 | 3.09 it/s | λ_dis=0.800 | lr=8.3e-05 | mse=+0.1429 | ea_dists=+0.4716 | id=+0.4006 | gan_g=+7.8841 | total_gen=+6.9619 | d_real=+0.2193 | d_fake=+0.5406 | gnG=147.13 | gnD=36.33
it  44300/150000 | 3.07 it/s | λ_dis=0.800 | lr=8.3e-05 | mse=+0.1370 | ea_dists=+0.4711 | id=+0.4284 | gan_g=+8.0551 | total_gen=+7.0950 | d_real=+0.1910 | d_fake=+0.6649 | gnG=71.39 | gnD=38.15
it  44350/150000 | 3.09 it/s | λ_dis=0.800 | lr=8.2e-05 | mse=+0.1449 | ea_dists=+0.4739 | id=+0.3751 | gan_g=+6.8362 | total_gen=+6.1253 | d_real=+0.1557 | d_fake=+0.6842 | gnG=139.57 | gnD=28.62
it  44400/150000 | 3.05 it/s | λ_dis=0.800 | lr=8.2e-05 | mse=+0.1341 | ea_dists=+0.4670 | id=+0.4146 | gan_g=+7.6092 | total_gen=+6.7299 | d_real=+0.1021 | d_fake=+0.3088 | gnG=62.20 | gnD=17.67
it  44450/150000 | 3.09 it/s | λ_dis=0.800 | lr=8.2e-05 | mse=+0.1503 | ea_dists=+0.4890 | id=+0.4075 | gan_g=+7.3604 | total_gen=+6.5684 | d_real=+0.2048 | d_fake=+0.4866 | gnG=105.65 | gnD=32.59
it  44500/150000 | 3.06 it/s | λ_dis=0.800 | lr=8.2e-05 | mse=+0.1379 | ea_dists=+0.4685 | id=+0.3691 | gan_g=+8.1640 | total_gen=+7.1746 | d_real=+0.2019 | d_fake=+0.4456 | gnG=89.04 | gnD=35.31
it  44550/150000 | 3.07 it/s | λ_dis=0.800 | lr=8.2e-05 | mse=+0.1400 | ea_dists=+0.4790 | id=+0.4118 | gan_g=+8.0324 | total_gen=+7.0861 | d_real=+0.1217 | d_fake=+0.4299 | gnG=84.94 | gnD=19.39
it  44600/150000 | 3.09 it/s | λ_dis=0.800 | lr=8.2e-05 | mse=+0.1356 | ea_dists=+0.4723 | id=+0.3821 | gan_g=+8.1271 | total_gen=+7.1478 | d_real=+0.3592 | d_fake=+0.4146 | gnG=191.84 | gnD=22.88
it  44650/150000 | 3.05 it/s | λ_dis=0.800 | lr=8.2e-05 | mse=+0.1346 | ea_dists=+0.4734 | id=+0.3678 | gan_g=+7.9872 | total_gen=+7.0345 | d_real=+0.0634 | d_fake=+0.5561 | gnG=54.98 | gnD=24.12
it  44700/150000 | 3.08 it/s | λ_dis=0.800 | lr=8.2e-05 | mse=+0.1460 | ea_dists=+0.4747 | id=+0.3852 | gan_g=+8.1351 | total_gen=+7.1673 | d_real=+0.1724 | d_fake=+0.5229 | gnG=128.43 | gnD=25.92
it  44750/150000 | 3.11 it/s | λ_dis=0.800 | lr=8.2e-05 | mse=+0.1388 | ea_dists=+0.4788 | id=+0.4053 | gan_g=+7.6305 | total_gen=+6.7625 | d_real=+0.0989 | d_fake=+0.4089 | gnG=125.31 | gnD=23.61
it  44800/150000 | 3.07 it/s | λ_dis=0.800 | lr=8.2e-05 | mse=+0.1283 | ea_dists=+0.4764 | id=+0.3782 | gan_g=+7.4066 | total_gen=+6.5678 | d_real=+0.2535 | d_fake=+0.6364 | gnG=147.50 | gnD=40.74
it  44850/150000 | 3.06 it/s | λ_dis=0.800 | lr=8.2e-05 | mse=+0.1414 | ea_dists=+0.4858 | id=+0.4097 | gan_g=+7.2690 | total_gen=+6.4834 | d_real=+0.1920 | d_fake=+0.5703 | gnG=125.58 | gnD=32.93
it  44900/150000 | 3.04 it/s | λ_dis=0.800 | lr=8.2e-05 | mse=+0.1367 | ea_dists=+0.4756 | id=+0.3972 | gan_g=+7.5849 | total_gen=+6.7200 | d_real=+0.1104 | d_fake=+0.6129 | gnG=177.46 | gnD=21.85
it  44950/150000 | 3.10 it/s | λ_dis=0.800 | lr=8.2e-05 | mse=+0.1144 | ea_dists=+0.4717 | id=+0.3967 | gan_g=+7.5448 | total_gen=+6.6616 | d_real=+0.1545 | d_fake=+0.5353 | gnG=137.39 | gnD=27.25
it  45000/150000 | 3.10 it/s | λ_dis=0.800 | lr=8.2e-05 | mse=+0.1409 | ea_dists=+0.4718 | id=+0.4066 | gan_g=+7.8277 | total_gen=+6.9155 | d_real=+0.0552 | d_fake=+0.5143 | gnG=118.71 | gnD=14.91
  [iter 45000] saved ckpt → /projectnb/cs585/projects/craft/checkpoints_stage2/iter_0045000.pt
it  45050/150000 | 2.99 it/s | λ_dis=0.800 | lr=8.2e-05 | mse=+0.1255 | ea_dists=+0.4755 | id=+0.3884 | gan_g=+8.1955 | total_gen=+7.1962 | d_real=+0.0864 | d_fake=+0.5495 | gnG=120.55 | gnD=15.16
it  45100/150000 | 3.08 it/s | λ_dis=0.800 | lr=8.2e-05 | mse=+0.1331 | ea_dists=+0.4822 | id=+0.4323 | gan_g=+7.8053 | total_gen=+6.9027 | d_real=+0.1268 | d_fake=+0.5226 | gnG=130.87 | gnD=19.18
it  45150/150000 | 3.14 it/s | λ_dis=0.800 | lr=8.2e-05 | mse=+0.1191 | ea_dists=+0.4750 | id=+0.4149 | gan_g=+7.1580 | total_gen=+6.3620 | d_real=+0.1022 | d_fake=+0.5836 | gnG=102.98 | gnD=11.77
it  45200/150000 | 3.15 it/s | λ_dis=0.800 | lr=8.2e-05 | mse=+0.1275 | ea_dists=+0.4726 | id=+0.4009 | gan_g=+7.9682 | total_gen=+7.0148 | d_real=+0.1850 | d_fake=+0.4673 | gnG=133.30 | gnD=38.44
it  45250/150000 | 3.03 it/s | λ_dis=0.800 | lr=8.2e-05 | mse=+0.1286 | ea_dists=+0.4804 | id=+0.4039 | gan_g=+7.9942 | total_gen=+7.0447 | d_real=+0.1467 | d_fake=+0.5542 | gnG=136.85 | gnD=30.75
it  45300/150000 | 3.05 it/s | λ_dis=0.800 | lr=8.2e-05 | mse=+0.1223 | ea_dists=+0.4686 | id=+0.4166 | gan_g=+7.6889 | total_gen=+6.7836 | d_real=+0.1118 | d_fake=+0.4383 | gnG=208.06 | gnD=19.36
it  45350/150000 | 3.12 it/s | λ_dis=0.800 | lr=8.2e-05 | mse=+0.1223 | ea_dists=+0.4837 | id=+0.4181 | gan_g=+7.3522 | total_gen=+6.5295 | d_real=+0.4785 | d_fake=+0.4722 | gnG=188.80 | gnD=53.45
it  45400/150000 | 3.12 it/s | λ_dis=0.800 | lr=8.2e-05 | mse=+0.1302 | ea_dists=+0.4787 | id=+0.4201 | gan_g=+7.2374 | total_gen=+6.4408 | d_real=+0.1621 | d_fake=+0.5093 | gnG=91.34 | gnD=22.58
it  45450/150000 | 3.06 it/s | λ_dis=0.800 | lr=8.2e-05 | mse=+0.1309 | ea_dists=+0.4735 | id=+0.4144 | gan_g=+7.8428 | total_gen=+6.9201 | d_real=+0.1117 | d_fake=+0.5911 | gnG=122.29 | gnD=15.93
it  45500/150000 | 3.09 it/s | λ_dis=0.800 | lr=8.2e-05 | mse=+0.1261 | ea_dists=+0.4823 | id=+0.4463 | gan_g=+7.8098 | total_gen=+6.9009 | d_real=+0.1778 | d_fake=+0.4330 | gnG=165.52 | gnD=19.26
it  45550/150000 | 3.08 it/s | λ_dis=0.800 | lr=8.2e-05 | mse=+0.1124 | ea_dists=+0.4707 | id=+0.4099 | gan_g=+7.5152 | total_gen=+6.6362 | d_real=+0.2960 | d_fake=+0.5651 | gnG=114.03 | gnD=40.80
it  45600/150000 | 3.09 it/s | λ_dis=0.800 | lr=8.2e-05 | mse=+0.1195 | ea_dists=+0.4724 | id=+0.3855 | gan_g=+6.9982 | total_gen=+6.2291 | d_real=+0.2273 | d_fake=+0.5217 | gnG=110.66 | gnD=24.52
it  45650/150000 | 3.06 it/s | λ_dis=0.800 | lr=8.1e-05 | mse=+0.1305 | ea_dists=+0.4749 | id=+0.4182 | gan_g=+6.8960 | total_gen=+6.1641 | d_real=+0.2445 | d_fake=+0.4683 | gnG=146.86 | gnD=28.62
it  45700/150000 | 3.12 it/s | λ_dis=0.800 | lr=8.1e-05 | mse=+0.1228 | ea_dists=+0.4801 | id=+0.3891 | gan_g=+7.3822 | total_gen=+6.5476 | d_real=+0.2751 | d_fake=+0.3523 | gnG=115.34 | gnD=23.37
it  45750/150000 | 3.10 it/s | λ_dis=0.800 | lr=8.1e-05 | mse=+0.1316 | ea_dists=+0.4778 | id=+0.4156 | gan_g=+7.2407 | total_gen=+6.4435 | d_real=+0.1232 | d_fake=+0.4777 | gnG=91.08 | gnD=15.46
it  45800/150000 | 3.11 it/s | λ_dis=0.800 | lr=8.1e-05 | mse=+0.1175 | ea_dists=+0.4910 | id=+0.4186 | gan_g=+5.8871 | total_gen=+5.3601 | d_real=+0.2815 | d_fake=+0.8232 | gnG=133.44 | gnD=26.66
it  45850/150000 | 3.06 it/s | λ_dis=0.800 | lr=8.1e-05 | mse=+0.1368 | ea_dists=+0.4916 | id=+0.4037 | gan_g=+6.6213 | total_gen=+5.9658 | d_real=+0.2737 | d_fake=+0.4476 | gnG=145.26 | gnD=38.69
it  45900/150000 | 3.14 it/s | λ_dis=0.800 | lr=8.1e-05 | mse=+0.1554 | ea_dists=+0.4950 | id=+0.4320 | gan_g=+7.5692 | total_gen=+6.7489 | d_real=+0.1107 | d_fake=+0.2372 | gnG=114.61 | gnD=15.08
it  45950/150000 | 3.08 it/s | λ_dis=0.800 | lr=8.1e-05 | mse=+0.1238 | ea_dists=+0.4804 | id=+0.3984 | gan_g=+8.0354 | total_gen=+7.0724 | d_real=+0.0335 | d_fake=+0.2606 | gnG=101.28 | gnD=4.73
it  46000/150000 | 3.14 it/s | λ_dis=0.800 | lr=8.1e-05 | mse=+0.1212 | ea_dists=+0.4747 | id=+0.3962 | gan_g=+7.8168 | total_gen=+6.8890 | d_real=+0.2905 | d_fake=+0.4586 | gnG=131.79 | gnD=41.00
  [iter 46000] saved sample → /projectnb/cs585/projects/craft/samples_stage2/iter_0046000.png
it  46050/150000 | 2.72 it/s | λ_dis=0.800 | lr=8.1e-05 | mse=+0.1386 | ea_dists=+0.4780 | id=+0.4325 | gan_g=+8.1309 | total_gen=+7.1646 | d_real=+0.1730 | d_fake=+0.6437 | gnG=149.24 | gnD=28.56
it  46100/150000 | 3.14 it/s | λ_dis=0.800 | lr=8.1e-05 | mse=+0.1239 | ea_dists=+0.4797 | id=+0.3943 | gan_g=+8.2596 | total_gen=+7.2506 | d_real=+0.1119 | d_fake=+0.6856 | gnG=77.84 | gnD=27.18
it  46150/150000 | 3.09 it/s | λ_dis=0.800 | lr=8.1e-05 | mse=+0.1427 | ea_dists=+0.4761 | id=+0.4092 | gan_g=+8.5489 | total_gen=+7.4988 | d_real=+0.2621 | d_fake=+0.4721 | gnG=106.69 | gnD=30.47
it  46200/150000 | 3.15 it/s | λ_dis=0.800 | lr=8.1e-05 | mse=+0.1190 | ea_dists=+0.4864 | id=+0.4145 | gan_g=+7.5571 | total_gen=+6.6926 | d_real=+0.1671 | d_fake=+0.5134 | gnG=210.64 | gnD=28.71
it  46250/150000 | 3.10 it/s | λ_dis=0.800 | lr=8.1e-05 | mse=+0.1348 | ea_dists=+0.4812 | id=+0.4186 | gan_g=+7.9631 | total_gen=+7.0284 | d_real=+0.1635 | d_fake=+0.6147 | gnG=240.53 | gnD=28.21
it  46300/150000 | 3.10 it/s | λ_dis=0.800 | lr=8.1e-05 | mse=+0.1262 | ea_dists=+0.4717 | id=+0.4152 | gan_g=+8.7579 | total_gen=+7.6458 | d_real=+0.0240 | d_fake=+0.3855 | gnG=136.18 | gnD=7.02
it  46350/150000 | 3.05 it/s | λ_dis=0.800 | lr=8.1e-05 | mse=+0.1176 | ea_dists=+0.4766 | id=+0.3722 | gan_g=+8.8086 | total_gen=+7.6782 | d_real=+0.1191 | d_fake=+0.4862 | gnG=128.75 | gnD=20.47
it  46400/150000 | 3.09 it/s | λ_dis=0.800 | lr=8.1e-05 | mse=+0.1240 | ea_dists=+0.4770 | id=+0.3940 | gan_g=+7.9177 | total_gen=+6.9745 | d_real=+0.0992 | d_fake=+0.6192 | gnG=114.07 | gnD=11.59
it  46450/150000 | 3.03 it/s | λ_dis=0.800 | lr=8.1e-05 | mse=+0.1236 | ea_dists=+0.4672 | id=+0.3998 | gan_g=+7.9207 | total_gen=+6.9674 | d_real=+0.1883 | d_fake=+0.5219 | gnG=196.20 | gnD=30.82
it  46500/150000 | 3.08 it/s | λ_dis=0.800 | lr=8.1e-05 | mse=+0.1292 | ea_dists=+0.4767 | id=+0.3955 | gan_g=+8.0986 | total_gen=+7.1244 | d_real=+0.1780 | d_fake=+0.3191 | gnG=111.46 | gnD=44.10
it  46550/150000 | 3.06 it/s | λ_dis=0.800 | lr=8.1e-05 | mse=+0.1128 | ea_dists=+0.4724 | id=+0.3910 | gan_g=+7.9428 | total_gen=+6.9786 | d_real=+0.0170 | d_fake=+0.6724 | gnG=104.58 | gnD=16.12
it  46600/150000 | 3.12 it/s | λ_dis=0.800 | lr=8.1e-05 | mse=+0.1266 | ea_dists=+0.4784 | id=+0.4341 | gan_g=+8.1866 | total_gen=+7.1976 | d_real=+0.2308 | d_fake=+0.4725 | gnG=164.95 | gnD=22.85
it  46650/150000 | 3.08 it/s | λ_dis=0.800 | lr=8.1e-05 | mse=+0.1202 | ea_dists=+0.4740 | id=+0.3954 | gan_g=+6.8552 | total_gen=+6.1180 | d_real=+0.0989 | d_fake=+0.6308 | gnG=67.28 | gnD=16.58
it  46700/150000 | 3.13 it/s | λ_dis=0.800 | lr=8.1e-05 | mse=+0.1326 | ea_dists=+0.4811 | id=+0.4156 | gan_g=+7.8134 | total_gen=+6.9059 | d_real=+0.3275 | d_fake=+0.4545 | gnG=151.59 | gnD=27.34
it  46750/150000 | 3.08 it/s | λ_dis=0.800 | lr=8.1e-05 | mse=+0.1253 | ea_dists=+0.4828 | id=+0.4158 | gan_g=+8.1149 | total_gen=+7.1416 | d_real=+0.1020 | d_fake=+0.3567 | gnG=103.10 | gnD=20.98
it  46800/150000 | 3.13 it/s | λ_dis=0.800 | lr=8.1e-05 | mse=+0.1290 | ea_dists=+0.4828 | id=+0.4226 | gan_g=+7.5597 | total_gen=+6.7018 | d_real=+0.1585 | d_fake=+0.5800 | gnG=174.30 | gnD=27.57
it  46850/150000 | 3.09 it/s | λ_dis=0.800 | lr=8.1e-05 | mse=+0.1274 | ea_dists=+0.4858 | id=+0.4208 | gan_g=+7.8470 | total_gen=+6.9328 | d_real=+0.1809 | d_fake=+0.4884 | gnG=177.43 | gnD=43.70
it  46900/150000 | 3.14 it/s | λ_dis=0.800 | lr=8.1e-05 | mse=+0.1163 | ea_dists=+0.4766 | id=+0.3949 | gan_g=+8.1624 | total_gen=+7.1623 | d_real=+0.0432 | d_fake=+0.4876 | gnG=98.62 | gnD=22.19
it  46950/150000 | 3.07 it/s | λ_dis=0.800 | lr=8.0e-05 | mse=+0.1231 | ea_dists=+0.4747 | id=+0.4381 | gan_g=+8.4588 | total_gen=+7.4086 | d_real=+0.1930 | d_fake=+0.4444 | gnG=141.57 | gnD=29.67
it  47000/150000 | 3.10 it/s | λ_dis=0.800 | lr=8.0e-05 | mse=+0.1235 | ea_dists=+0.4801 | id=+0.3951 | gan_g=+8.1153 | total_gen=+7.1353 | d_real=+0.0832 | d_fake=+0.6486 | gnG=105.21 | gnD=19.00
it  47050/150000 | 3.06 it/s | λ_dis=0.800 | lr=8.0e-05 | mse=+0.1241 | ea_dists=+0.4766 | id=+0.3828 | gan_g=+7.7486 | total_gen=+6.8379 | d_real=+0.2859 | d_fake=+0.3377 | gnG=175.61 | gnD=26.55
it  47100/150000 | 3.11 it/s | λ_dis=0.800 | lr=8.0e-05 | mse=+0.1332 | ea_dists=+0.4790 | id=+0.3892 | gan_g=+7.8064 | total_gen=+6.8962 | d_real=+0.3113 | d_fake=+0.4211 | gnG=106.96 | gnD=48.95
it  47150/150000 | 3.05 it/s | λ_dis=0.800 | lr=8.0e-05 | mse=+0.1371 | ea_dists=+0.4870 | id=+0.4070 | gan_g=+7.2102 | total_gen=+6.4329 | d_real=+0.1412 | d_fake=+0.5340 | gnG=102.05 | gnD=23.45
it  47200/150000 | 3.11 it/s | λ_dis=0.800 | lr=8.0e-05 | mse=+0.1232 | ea_dists=+0.4771 | id=+0.4339 | gan_g=+7.9334 | total_gen=+6.9904 | d_real=+0.1603 | d_fake=+0.5750 | gnG=135.50 | gnD=48.26
it  47250/150000 | 3.06 it/s | λ_dis=0.800 | lr=8.0e-05 | mse=+0.1190 | ea_dists=+0.4729 | id=+0.3997 | gan_g=+7.2664 | total_gen=+6.4450 | d_real=+0.1373 | d_fake=+0.5943 | gnG=112.74 | gnD=22.65
it  47300/150000 | 3.09 it/s | λ_dis=0.800 | lr=8.0e-05 | mse=+0.1296 | ea_dists=+0.4733 | id=+0.4260 | gan_g=+7.9895 | total_gen=+7.0371 | d_real=+0.1370 | d_fake=+0.4876 | gnG=55.16 | gnD=31.92
it  47350/150000 | 3.06 it/s | λ_dis=0.800 | lr=8.0e-05 | mse=+0.1101 | ea_dists=+0.4754 | id=+0.4163 | gan_g=+7.6248 | total_gen=+6.7270 | d_real=+0.0650 | d_fake=+0.6347 | gnG=136.95 | gnD=16.87
it  47400/150000 | 3.15 it/s | λ_dis=0.800 | lr=8.0e-05 | mse=+0.1143 | ea_dists=+0.4682 | id=+0.4326 | gan_g=+8.2747 | total_gen=+7.2455 | d_real=+0.2132 | d_fake=+0.5484 | gnG=121.98 | gnD=29.57
it  47450/150000 | 3.08 it/s | λ_dis=0.800 | lr=8.0e-05 | mse=+0.1232 | ea_dists=+0.4702 | id=+0.4495 | gan_g=+7.7666 | total_gen=+6.8516 | d_real=+0.1736 | d_fake=+0.5867 | gnG=103.72 | gnD=36.14
it  47500/150000 | 3.09 it/s | λ_dis=0.800 | lr=8.0e-05 | mse=+0.1128 | ea_dists=+0.4792 | id=+0.4077 | gan_g=+7.4621 | total_gen=+6.6024 | d_real=+0.1804 | d_fake=+0.4504 | gnG=165.96 | gnD=24.63
it  47550/150000 | 3.05 it/s | λ_dis=0.800 | lr=8.0e-05 | mse=+0.1353 | ea_dists=+0.4787 | id=+0.4270 | gan_g=+8.6070 | total_gen=+7.5423 | d_real=+0.0370 | d_fake=+0.5331 | gnG=133.53 | gnD=18.81
it  47600/150000 | 3.14 it/s | λ_dis=0.800 | lr=8.0e-05 | mse=+0.1290 | ea_dists=+0.4822 | id=+0.4008 | gan_g=+8.3144 | total_gen=+7.3028 | d_real=+0.1377 | d_fake=+0.7481 | gnG=78.91 | gnD=38.26
it  47650/150000 | 3.09 it/s | λ_dis=0.800 | lr=8.0e-05 | mse=+0.1290 | ea_dists=+0.4773 | id=+0.4203 | gan_g=+8.4565 | total_gen=+7.4135 | d_real=+0.2471 | d_fake=+0.5369 | gnG=131.78 | gnD=32.93
it  47700/150000 | 3.13 it/s | λ_dis=0.800 | lr=8.0e-05 | mse=+0.1169 | ea_dists=+0.4590 | id=+0.3978 | gan_g=+7.8017 | total_gen=+6.8570 | d_real=+0.2465 | d_fake=+0.6361 | gnG=142.76 | gnD=31.79
it  47750/150000 | 3.05 it/s | λ_dis=0.800 | lr=8.0e-05 | mse=+0.1330 | ea_dists=+0.4661 | id=+0.3977 | gan_g=+7.7960 | total_gen=+6.8757 | d_real=+0.0468 | d_fake=+0.5174 | gnG=132.02 | gnD=12.64
it  47800/150000 | 3.12 it/s | λ_dis=0.800 | lr=8.0e-05 | mse=+0.1186 | ea_dists=+0.4787 | id=+0.4068 | gan_g=+7.2437 | total_gen=+6.4330 | d_real=+0.1913 | d_fake=+0.4285 | gnG=118.50 | gnD=25.38
it  47850/150000 | 3.08 it/s | λ_dis=0.800 | lr=8.0e-05 | mse=+0.1162 | ea_dists=+0.4698 | id=+0.4025 | gan_g=+8.1666 | total_gen=+7.1595 | d_real=+0.0985 | d_fake=+0.6278 | gnG=126.19 | gnD=19.05
it  47900/150000 | 3.10 it/s | λ_dis=0.800 | lr=8.0e-05 | mse=+0.1147 | ea_dists=+0.4777 | id=+0.4063 | gan_g=+7.5820 | total_gen=+6.6987 | d_real=+0.1716 | d_fake=+0.5498 | gnG=123.31 | gnD=32.24
it  47950/150000 | 3.05 it/s | λ_dis=0.800 | lr=8.0e-05 | mse=+0.1203 | ea_dists=+0.4855 | id=+0.4022 | gan_g=+7.5655 | total_gen=+6.6984 | d_real=+0.2266 | d_fake=+0.6953 | gnG=197.51 | gnD=30.28
it  48000/150000 | 3.12 it/s | λ_dis=0.800 | lr=8.0e-05 | mse=+0.1275 | ea_dists=+0.4836 | id=+0.4139 | gan_g=+7.5153 | total_gen=+6.6647 | d_real=+0.1085 | d_fake=+0.4852 | gnG=122.52 | gnD=24.44
  [iter 48000] saved sample → /projectnb/cs585/projects/craft/samples_stage2/iter_0048000.png
it  48050/150000 | 2.70 it/s | λ_dis=0.800 | lr=8.0e-05 | mse=+0.1439 | ea_dists=+0.4934 | id=+0.4412 | gan_g=+7.4519 | total_gen=+6.6429 | d_real=+0.4207 | d_fake=+0.3917 | gnG=70.08 | gnD=32.91
it  48100/150000 | 3.08 it/s | λ_dis=0.800 | lr=8.0e-05 | mse=+0.1486 | ea_dists=+0.4873 | id=+0.4238 | gan_g=+7.5089 | total_gen=+6.6853 | d_real=+0.1469 | d_fake=+0.4258 | gnG=117.07 | gnD=33.87
it  48150/150000 | 3.06 it/s | λ_dis=0.800 | lr=8.0e-05 | mse=+0.1298 | ea_dists=+0.4918 | id=+0.4225 | gan_g=+6.4072 | total_gen=+5.7896 | d_real=+0.2165 | d_fake=+0.7518 | gnG=138.82 | gnD=24.74
it  48200/150000 | 3.11 it/s | λ_dis=0.800 | lr=7.9e-05 | mse=+0.1269 | ea_dists=+0.4772 | id=+0.4044 | gan_g=+7.2804 | total_gen=+6.4689 | d_real=+0.1115 | d_fake=+0.5817 | gnG=131.48 | gnD=25.38
it  48250/150000 | 3.09 it/s | λ_dis=0.800 | lr=7.9e-05 | mse=+0.1308 | ea_dists=+0.4801 | id=+0.4384 | gan_g=+7.8778 | total_gen=+6.9570 | d_real=+0.3042 | d_fake=+0.4189 | gnG=160.93 | gnD=23.16
it  48300/150000 | 3.14 it/s | λ_dis=0.800 | lr=7.9e-05 | mse=+0.1102 | ea_dists=+0.4726 | id=+0.4063 | gan_g=+7.0528 | total_gen=+6.2656 | d_real=+0.0697 | d_fake=+0.5964 | gnG=131.09 | gnD=22.02
it  48350/150000 | 3.07 it/s | λ_dis=0.800 | lr=7.9e-05 | mse=+0.1207 | ea_dists=+0.4756 | id=+0.4209 | gan_g=+6.1521 | total_gen=+5.5600 | d_real=+0.1505 | d_fake=+0.8175 | gnG=136.64 | gnD=32.14
it  48400/150000 | 3.13 it/s | λ_dis=0.800 | lr=7.9e-05 | mse=+0.1274 | ea_dists=+0.4739 | id=+0.3805 | gan_g=+7.8562 | total_gen=+6.9244 | d_real=+0.2542 | d_fake=+0.3406 | gnG=138.59 | gnD=18.33
it  48450/150000 | 3.10 it/s | λ_dis=0.800 | lr=7.9e-05 | mse=+0.1287 | ea_dists=+0.4740 | id=+0.4219 | gan_g=+7.5016 | total_gen=+6.6462 | d_real=+0.0460 | d_fake=+0.4503 | gnG=147.97 | gnD=24.02
it  48500/150000 | 3.07 it/s | λ_dis=0.800 | lr=7.9e-05 | mse=+0.1224 | ea_dists=+0.4750 | id=+0.3892 | gan_g=+7.4721 | total_gen=+6.6140 | d_real=+0.1985 | d_fake=+0.4373 | gnG=105.39 | gnD=23.87
it  48550/150000 | 3.09 it/s | λ_dis=0.800 | lr=7.9e-05 | mse=+0.1314 | ea_dists=+0.4664 | id=+0.3904 | gan_g=+6.8203 | total_gen=+6.0930 | d_real=+0.1607 | d_fake=+0.6926 | gnG=153.65 | gnD=26.28
it  48600/150000 | 3.14 it/s | λ_dis=0.800 | lr=7.9e-05 | mse=+0.1265 | ea_dists=+0.4789 | id=+0.4278 | gan_g=+7.3064 | total_gen=+6.4933 | d_real=+0.0729 | d_fake=+0.5521 | gnG=131.03 | gnD=12.64
it  48650/150000 | 3.10 it/s | λ_dis=0.800 | lr=7.9e-05 | mse=+0.1228 | ea_dists=+0.4747 | id=+0.4185 | gan_g=+6.7967 | total_gen=+6.0768 | d_real=+0.2771 | d_fake=+0.5384 | gnG=135.87 | gnD=43.75
it  48700/150000 | 3.14 it/s | λ_dis=0.800 | lr=7.9e-05 | mse=+0.1138 | ea_dists=+0.4692 | id=+0.4172 | gan_g=+6.9082 | total_gen=+6.1512 | d_real=+0.1703 | d_fake=+0.4750 | gnG=115.58 | gnD=26.52
it  48750/150000 | 3.14 it/s | λ_dis=0.800 | lr=7.9e-05 | mse=+0.1505 | ea_dists=+0.4791 | id=+0.4335 | gan_g=+7.4726 | total_gen=+6.6510 | d_real=+0.1716 | d_fake=+0.5789 | gnG=108.60 | gnD=39.64
it  48800/150000 | 3.07 it/s | λ_dis=0.800 | lr=7.9e-05 | mse=+0.1293 | ea_dists=+0.4684 | id=+0.3989 | gan_g=+7.3229 | total_gen=+6.4959 | d_real=+0.2201 | d_fake=+0.4645 | gnG=105.57 | gnD=23.52
it  48850/150000 | 3.09 it/s | λ_dis=0.800 | lr=7.9e-05 | mse=+0.1321 | ea_dists=+0.4892 | id=+0.4096 | gan_g=+6.8187 | total_gen=+6.1172 | d_real=+0.2510 | d_fake=+0.4798 | gnG=153.27 | gnD=22.78
it  48900/150000 | 3.13 it/s | λ_dis=0.800 | lr=7.9e-05 | mse=+0.1165 | ea_dists=+0.4704 | id=+0.4034 | gan_g=+7.3247 | total_gen=+6.4870 | d_real=+0.0865 | d_fake=+0.4240 | gnG=147.57 | gnD=28.66
it  48950/150000 | 3.14 it/s | λ_dis=0.800 | lr=7.9e-05 | mse=+0.1214 | ea_dists=+0.4725 | id=+0.3961 | gan_g=+7.2829 | total_gen=+6.4599 | d_real=+0.1153 | d_fake=+0.5551 | gnG=121.54 | gnD=27.04
it  49000/150000 | 3.08 it/s | λ_dis=0.800 | lr=7.9e-05 | mse=+0.1515 | ea_dists=+0.4857 | id=+0.4196 | gan_g=+7.1611 | total_gen=+6.4080 | d_real=+0.1379 | d_fake=+0.4976 | gnG=145.36 | gnD=19.23
it  49050/150000 | 3.12 it/s | λ_dis=0.800 | lr=7.9e-05 | mse=+0.1325 | ea_dists=+0.4712 | id=+0.3853 | gan_g=+7.8250 | total_gen=+6.9022 | d_real=+0.2076 | d_fake=+0.5755 | gnG=104.72 | gnD=18.79
it  49100/150000 | 3.07 it/s | λ_dis=0.800 | lr=7.9e-05 | mse=+0.1471 | ea_dists=+0.4762 | id=+0.4217 | gan_g=+7.3894 | total_gen=+6.5770 | d_real=+0.2062 | d_fake=+0.5530 | gnG=203.38 | gnD=31.19
it  49150/150000 | 3.10 it/s | λ_dis=0.800 | lr=7.9e-05 | mse=+0.1354 | ea_dists=+0.4733 | id=+0.4294 | gan_g=+7.0973 | total_gen=+6.3295 | d_real=+0.1424 | d_fake=+0.7945 | gnG=83.52 | gnD=19.39
it  49200/150000 | 3.06 it/s | λ_dis=0.800 | lr=7.9e-05 | mse=+0.1301 | ea_dists=+0.4736 | id=+0.4040 | gan_g=+8.0509 | total_gen=+7.0849 | d_real=+0.0700 | d_fake=+0.4988 | gnG=135.68 | gnD=19.24
it  49250/150000 | 3.10 it/s | λ_dis=0.800 | lr=7.9e-05 | mse=+0.1292 | ea_dists=+0.4807 | id=+0.3936 | gan_g=+7.0631 | total_gen=+6.2998 | d_real=+0.1804 | d_fake=+0.4361 | gnG=207.97 | gnD=27.00
it  49300/150000 | 3.04 it/s | λ_dis=0.800 | lr=7.9e-05 | mse=+0.1233 | ea_dists=+0.4739 | id=+0.4199 | gan_g=+7.6289 | total_gen=+6.7423 | d_real=+0.3526 | d_fake=+0.4626 | gnG=135.16 | gnD=51.51
it  49350/150000 | 3.10 it/s | λ_dis=0.800 | lr=7.9e-05 | mse=+0.1236 | ea_dists=+0.4724 | id=+0.4128 | gan_g=+6.8072 | total_gen=+6.0831 | d_real=+0.2528 | d_fake=+0.5730 | gnG=102.97 | gnD=20.94
it  49400/150000 | 3.04 it/s | λ_dis=0.800 | lr=7.9e-05 | mse=+0.1242 | ea_dists=+0.4808 | id=+0.4086 | gan_g=+6.5392 | total_gen=+5.8773 | d_real=+0.1603 | d_fake=+0.6238 | gnG=107.99 | gnD=15.83
it  49450/150000 | 3.09 it/s | λ_dis=0.800 | lr=7.8e-05 | mse=+0.1257 | ea_dists=+0.4823 | id=+0.4215 | gan_g=+6.6464 | total_gen=+5.9673 | d_real=+0.2609 | d_fake=+0.5695 | gnG=103.68 | gnD=27.45
it  49500/150000 | 3.05 it/s | λ_dis=0.800 | lr=7.8e-05 | mse=+0.1310 | ea_dists=+0.4818 | id=+0.3899 | gan_g=+6.6066 | total_gen=+5.9372 | d_real=+0.1962 | d_fake=+0.5037 | gnG=116.84 | gnD=25.97
it  49550/150000 | 3.09 it/s | λ_dis=0.800 | lr=7.8e-05 | mse=+0.1336 | ea_dists=+0.4846 | id=+0.4044 | gan_g=+6.7457 | total_gen=+6.0552 | d_real=+0.1498 | d_fake=+0.6291 | gnG=92.26 | gnD=19.60
it  49600/150000 | 3.07 it/s | λ_dis=0.800 | lr=7.8e-05 | mse=+0.1307 | ea_dists=+0.4844 | id=+0.3949 | gan_g=+7.2323 | total_gen=+6.4404 | d_real=+0.1244 | d_fake=+0.4819 | gnG=183.36 | gnD=14.92
it  49650/150000 | 3.10 it/s | λ_dis=0.800 | lr=7.8e-05 | mse=+0.1386 | ea_dists=+0.4813 | id=+0.4083 | gan_g=+7.5975 | total_gen=+6.7387 | d_real=+0.1223 | d_fake=+0.3019 | gnG=81.73 | gnD=18.39
it  49700/150000 | 3.07 it/s | λ_dis=0.800 | lr=7.8e-05 | mse=+0.1397 | ea_dists=+0.4782 | id=+0.4039 | gan_g=+7.7970 | total_gen=+6.8960 | d_real=+0.1332 | d_fake=+0.7039 | gnG=90.83 | gnD=20.86
it  49750/150000 | 3.12 it/s | λ_dis=0.800 | lr=7.8e-05 | mse=+0.1241 | ea_dists=+0.4818 | id=+0.3898 | gan_g=+7.3726 | total_gen=+6.5430 | d_real=+0.2804 | d_fake=+0.6854 | gnG=114.53 | gnD=28.27
it  49800/150000 | 3.08 it/s | λ_dis=0.800 | lr=7.8e-05 | mse=+0.1232 | ea_dists=+0.4834 | id=+0.4178 | gan_g=+6.8706 | total_gen=+6.1448 | d_real=+0.2651 | d_fake=+0.5922 | gnG=116.56 | gnD=36.69
it  49850/150000 | 3.14 it/s | λ_dis=0.800 | lr=7.8e-05 | mse=+0.1296 | ea_dists=+0.4872 | id=+0.3873 | gan_g=+7.6806 | total_gen=+6.8001 | d_real=+0.1594 | d_fake=+0.4238 | gnG=124.78 | gnD=51.39
it  49900/150000 | 3.09 it/s | λ_dis=0.800 | lr=7.8e-05 | mse=+0.1103 | ea_dists=+0.4796 | id=+0.3875 | gan_g=+6.8106 | total_gen=+6.0771 | d_real=+0.2266 | d_fake=+0.7374 | gnG=144.47 | gnD=30.06
it  49950/150000 | 3.15 it/s | λ_dis=0.800 | lr=7.8e-05 | mse=+0.1264 | ea_dists=+0.4858 | id=+0.4362 | gan_g=+7.3936 | total_gen=+6.5707 | d_real=+0.1936 | d_fake=+0.3941 | gnG=94.71 | gnD=42.89
it  50000/150000 | 3.10 it/s | λ_dis=0.800 | lr=7.8e-05 | mse=+0.1229 | ea_dists=+0.4800 | id=+0.4073 | gan_g=+7.7273 | total_gen=+6.8255 | d_real=+0.1136 | d_fake=+0.5996 | gnG=140.64 | gnD=25.34
  [iter 50000] saved sample → /projectnb/cs585/projects/craft/samples_stage2/iter_0050000.png
  [iter 50000] saved ckpt → /projectnb/cs585/projects/craft/checkpoints_stage2/iter_0050000.pt
it  50050/150000 | 2.66 it/s | λ_dis=0.800 | lr=7.8e-05 | mse=+0.1225 | ea_dists=+0.4733 | id=+0.4128 | gan_g=+7.7081 | total_gen=+6.8036 | d_real=+0.4177 | d_fake=+0.4950 | gnG=117.21 | gnD=43.87
it  50100/150000 | 3.03 it/s | λ_dis=0.800 | lr=7.8e-05 | mse=+0.1381 | ea_dists=+0.4903 | id=+0.4213 | gan_g=+7.0918 | total_gen=+6.3440 | d_real=+0.1446 | d_fake=+0.5642 | gnG=99.35 | gnD=22.49
it  50150/150000 | 3.08 it/s | λ_dis=0.800 | lr=7.8e-05 | mse=+0.1276 | ea_dists=+0.4916 | id=+0.4061 | gan_g=+7.3499 | total_gen=+6.5398 | d_real=+0.1220 | d_fake=+0.7959 | gnG=143.98 | gnD=23.15
it  50200/150000 | 3.07 it/s | λ_dis=0.800 | lr=7.8e-05 | mse=+0.1100 | ea_dists=+0.4806 | id=+0.4092 | gan_g=+7.5504 | total_gen=+6.6718 | d_real=+0.1900 | d_fake=+0.4803 | gnG=167.36 | gnD=33.47
it  50250/150000 | 3.12 it/s | λ_dis=0.800 | lr=7.8e-05 | mse=+0.1216 | ea_dists=+0.4738 | id=+0.4110 | gan_g=+7.2567 | total_gen=+6.4418 | d_real=+0.1916 | d_fake=+0.5803 | gnG=93.09 | gnD=23.84
it  50300/150000 | 3.10 it/s | λ_dis=0.800 | lr=7.8e-05 | mse=+0.1280 | ea_dists=+0.4766 | id=+0.4137 | gan_g=+7.7262 | total_gen=+6.8270 | d_real=+0.2156 | d_fake=+0.5066 | gnG=107.03 | gnD=38.36
it  50350/150000 | 3.12 it/s | λ_dis=0.800 | lr=7.8e-05 | mse=+0.1447 | ea_dists=+0.4781 | id=+0.3898 | gan_g=+7.7936 | total_gen=+6.8966 | d_real=+0.1464 | d_fake=+0.6459 | gnG=114.13 | gnD=23.40
it  50400/150000 | 3.08 it/s | λ_dis=0.800 | lr=7.8e-05 | mse=+0.1406 | ea_dists=+0.4985 | id=+0.4248 | gan_g=+7.1277 | total_gen=+6.3838 | d_real=+0.1477 | d_fake=+0.5230 | gnG=175.22 | gnD=32.08
it  50450/150000 | 3.09 it/s | λ_dis=0.800 | lr=7.8e-05 | mse=+0.1407 | ea_dists=+0.4856 | id=+0.4013 | gan_g=+6.4590 | total_gen=+5.8336 | d_real=+0.2867 | d_fake=+0.8188 | gnG=167.44 | gnD=34.37
it  50500/150000 | 3.06 it/s | λ_dis=0.800 | lr=7.8e-05 | mse=+0.1343 | ea_dists=+0.4820 | id=+0.3944 | gan_g=+7.6373 | total_gen=+6.7656 | d_real=+0.1826 | d_fake=+0.6558 | gnG=174.94 | gnD=25.82
it  50550/150000 | 3.11 it/s | λ_dis=0.800 | lr=7.8e-05 | mse=+0.1104 | ea_dists=+0.4817 | id=+0.3952 | gan_g=+6.4742 | total_gen=+5.8109 | d_real=+0.0712 | d_fake=+0.5972 | gnG=108.77 | gnD=22.58
it  50600/150000 | 3.04 it/s | λ_dis=0.800 | lr=7.8e-05 | mse=+0.1292 | ea_dists=+0.4779 | id=+0.3892 | gan_g=+6.7576 | total_gen=+6.0520 | d_real=+0.3134 | d_fake=+0.5959 | gnG=109.75 | gnD=28.76
it  50650/150000 | 3.14 it/s | λ_dis=0.800 | lr=7.8e-05 | mse=+0.1197 | ea_dists=+0.4693 | id=+0.4140 | gan_g=+7.3815 | total_gen=+6.5356 | d_real=+0.1234 | d_fake=+0.4499 | gnG=87.96 | gnD=18.90
it  50700/150000 | 3.09 it/s | λ_dis=0.800 | lr=7.7e-05 | mse=+0.1099 | ea_dists=+0.4684 | id=+0.3998 | gan_g=+7.0837 | total_gen=+6.2852 | d_real=+0.0962 | d_fake=+0.5538 | gnG=108.24 | gnD=16.02
it  50750/150000 | 3.10 it/s | λ_dis=0.800 | lr=7.7e-05 | mse=+0.1110 | ea_dists=+0.4669 | id=+0.3727 | gan_g=+7.2393 | total_gen=+6.4066 | d_real=+0.1120 | d_fake=+0.7400 | gnG=166.62 | gnD=24.48
it  50800/150000 | 3.06 it/s | λ_dis=0.800 | lr=7.7e-05 | mse=+0.1306 | ea_dists=+0.4712 | id=+0.4450 | gan_g=+7.7134 | total_gen=+6.8170 | d_real=+0.1190 | d_fake=+0.4247 | gnG=142.66 | gnD=20.19
it  50850/150000 | 3.10 it/s | λ_dis=0.800 | lr=7.7e-05 | mse=+0.1253 | ea_dists=+0.4743 | id=+0.4225 | gan_g=+7.8273 | total_gen=+6.9036 | d_real=+0.1398 | d_fake=+0.5391 | gnG=194.98 | gnD=26.23
it  50900/150000 | 3.04 it/s | λ_dis=0.800 | lr=7.7e-05 | mse=+0.1251 | ea_dists=+0.4793 | id=+0.3962 | gan_g=+7.7446 | total_gen=+6.8397 | d_real=+0.1467 | d_fake=+0.5849 | gnG=176.96 | gnD=19.36
it  50950/150000 | 3.12 it/s | λ_dis=0.800 | lr=7.7e-05 | mse=+0.1159 | ea_dists=+0.4707 | id=+0.4130 | gan_g=+7.0045 | total_gen=+6.2314 | d_real=+0.3419 | d_fake=+0.8510 | gnG=78.19 | gnD=51.68
it  51000/150000 | 3.10 it/s | λ_dis=0.800 | lr=7.7e-05 | mse=+0.1249 | ea_dists=+0.4719 | id=+0.4023 | gan_g=+7.5721 | total_gen=+6.6946 | d_real=+0.2304 | d_fake=+0.5258 | gnG=147.62 | gnD=40.27
it  51050/150000 | 3.14 it/s | λ_dis=0.800 | lr=7.7e-05 | mse=+0.1136 | ea_dists=+0.4754 | id=+0.3847 | gan_g=+7.5614 | total_gen=+6.6766 | d_real=+0.1863 | d_fake=+0.6199 | gnG=114.04 | gnD=26.80
it  51100/150000 | 3.09 it/s | λ_dis=0.800 | lr=7.7e-05 | mse=+0.1327 | ea_dists=+0.4757 | id=+0.4028 | gan_g=+7.7629 | total_gen=+6.8591 | d_real=+0.0420 | d_fake=+0.4335 | gnG=213.64 | gnD=16.12
it  51150/150000 | 3.08 it/s | λ_dis=0.800 | lr=7.7e-05 | mse=+0.1276 | ea_dists=+0.4744 | id=+0.4207 | gan_g=+8.0562 | total_gen=+7.0891 | d_real=+0.1670 | d_fake=+0.5689 | gnG=156.96 | gnD=44.71
it  51200/150000 | 3.05 it/s | λ_dis=0.800 | lr=7.7e-05 | mse=+0.1273 | ea_dists=+0.4684 | id=+0.4074 | gan_g=+8.1921 | total_gen=+7.1901 | d_real=+0.2195 | d_fake=+0.4689 | gnG=205.34 | gnD=34.35
it  51250/150000 | 3.07 it/s | λ_dis=0.800 | lr=7.7e-05 | mse=+0.1167 | ea_dists=+0.4691 | id=+0.3822 | gan_g=+8.1442 | total_gen=+7.1394 | d_real=+0.0885 | d_fake=+0.3592 | gnG=114.74 | gnD=23.53
it  51300/150000 | 3.04 it/s | λ_dis=0.800 | lr=7.7e-05 | mse=+0.1249 | ea_dists=+0.4695 | id=+0.3908 | gan_g=+7.5500 | total_gen=+6.6735 | d_real=+0.2603 | d_fake=+0.6672 | gnG=157.36 | gnD=44.87
it  51350/150000 | 3.09 it/s | λ_dis=0.800 | lr=7.7e-05 | mse=+0.1142 | ea_dists=+0.4668 | id=+0.3933 | gan_g=+6.5721 | total_gen=+5.8780 | d_real=+0.2286 | d_fake=+0.6546 | gnG=129.85 | gnD=26.85
it  51400/150000 | 3.05 it/s | λ_dis=0.800 | lr=7.7e-05 | mse=+0.1195 | ea_dists=+0.4720 | id=+0.3991 | gan_g=+6.8989 | total_gen=+6.1505 | d_real=+0.2927 | d_fake=+0.5835 | gnG=95.27 | gnD=28.58
it  51450/150000 | 3.13 it/s | λ_dis=0.800 | lr=7.7e-05 | mse=+0.1152 | ea_dists=+0.4820 | id=+0.3675 | gan_g=+6.7811 | total_gen=+6.0588 | d_real=+0.1331 | d_fake=+0.7603 | gnG=108.82 | gnD=14.99
it  51500/150000 | 3.07 it/s | λ_dis=0.800 | lr=7.7e-05 | mse=+0.1226 | ea_dists=+0.4766 | id=+0.4005 | gan_g=+7.7758 | total_gen=+6.8598 | d_real=+0.2117 | d_fake=+0.4471 | gnG=61.74 | gnD=32.44
it  51550/150000 | 3.15 it/s | λ_dis=0.800 | lr=7.7e-05 | mse=+0.1137 | ea_dists=+0.4711 | id=+0.4219 | gan_g=+7.3747 | total_gen=+6.5267 | d_real=+0.1552 | d_fake=+0.5858 | gnG=192.67 | gnD=40.07
it  51600/150000 | 3.10 it/s | λ_dis=0.800 | lr=7.7e-05 | mse=+0.1205 | ea_dists=+0.4693 | id=+0.4186 | gan_g=+7.4444 | total_gen=+6.5872 | d_real=+0.1205 | d_fake=+0.5249 | gnG=119.45 | gnD=27.43
it  51650/150000 | 3.11 it/s | λ_dis=0.800 | lr=7.7e-05 | mse=+0.1100 | ea_dists=+0.4719 | id=+0.4178 | gan_g=+6.9469 | total_gen=+6.1811 | d_real=+0.0527 | d_fake=+0.6483 | gnG=110.44 | gnD=18.94
it  51700/150000 | 3.09 it/s | λ_dis=0.800 | lr=7.7e-05 | mse=+0.1234 | ea_dists=+0.4692 | id=+0.4035 | gan_g=+7.5544 | total_gen=+6.6765 | d_real=+0.1902 | d_fake=+0.6707 | gnG=65.61 | gnD=28.82
it  51750/150000 | 3.12 it/s | λ_dis=0.800 | lr=7.7e-05 | mse=+0.1217 | ea_dists=+0.4763 | id=+0.3954 | gan_g=+7.6953 | total_gen=+6.7938 | d_real=+0.1311 | d_fake=+0.5394 | gnG=171.62 | gnD=30.82
it  51800/150000 | 3.11 it/s | λ_dis=0.800 | lr=7.7e-05 | mse=+0.1249 | ea_dists=+0.4712 | id=+0.4335 | gan_g=+8.1714 | total_gen=+7.1766 | d_real=+0.1164 | d_fake=+0.3636 | gnG=220.25 | gnD=28.58
it  51850/150000 | 3.14 it/s | λ_dis=0.800 | lr=7.7e-05 | mse=+0.1115 | ea_dists=+0.4732 | id=+0.3923 | gan_g=+8.1190 | total_gen=+7.1191 | d_real=+0.2311 | d_fake=+0.5113 | gnG=45.26 | gnD=27.97
it  51900/150000 | 3.08 it/s | λ_dis=0.800 | lr=7.6e-05 | mse=+0.1187 | ea_dists=+0.4678 | id=+0.3894 | gan_g=+7.0964 | total_gen=+6.3026 | d_real=+0.2306 | d_fake=+0.4663 | gnG=87.44 | gnD=31.88
it  51950/150000 | 3.14 it/s | λ_dis=0.800 | lr=7.6e-05 | mse=+0.1179 | ea_dists=+0.4830 | id=+0.3905 | gan_g=+7.0543 | total_gen=+6.2834 | d_real=+0.2728 | d_fake=+0.6564 | gnG=108.19 | gnD=29.99
it  52000/150000 | 3.09 it/s | λ_dis=0.800 | lr=7.6e-05 | mse=+0.1221 | ea_dists=+0.4733 | id=+0.3874 | gan_g=+6.1814 | total_gen=+5.5793 | d_real=+0.2328 | d_fake=+0.6750 | gnG=102.83 | gnD=40.83
  [iter 52000] saved sample → /projectnb/cs585/projects/craft/samples_stage2/iter_0052000.png
it  52050/150000 | 2.74 it/s | λ_dis=0.800 | lr=7.6e-05 | mse=+0.1175 | ea_dists=+0.4697 | id=+0.3995 | gan_g=+7.0878 | total_gen=+6.2974 | d_real=+0.3485 | d_fake=+0.5108 | gnG=84.36 | gnD=60.24
it  52100/150000 | 3.08 it/s | λ_dis=0.800 | lr=7.6e-05 | mse=+0.1357 | ea_dists=+0.4798 | id=+0.4074 | gan_g=+7.3565 | total_gen=+6.5414 | d_real=+0.1087 | d_fake=+0.3504 | gnG=97.72 | gnD=13.73
it  52150/150000 | 3.12 it/s | λ_dis=0.800 | lr=7.6e-05 | mse=+0.1339 | ea_dists=+0.4864 | id=+0.4043 | gan_g=+8.1723 | total_gen=+7.1986 | d_real=+0.0453 | d_fake=+0.4801 | gnG=113.60 | gnD=14.78
it  52200/150000 | 3.10 it/s | λ_dis=0.800 | lr=7.6e-05 | mse=+0.1228 | ea_dists=+0.4701 | id=+0.4239 | gan_g=+8.4502 | total_gen=+7.3955 | d_real=+0.2135 | d_fake=+0.5100 | gnG=118.81 | gnD=34.05
it  52250/150000 | 3.14 it/s | λ_dis=0.800 | lr=7.6e-05 | mse=+0.1199 | ea_dists=+0.4783 | id=+0.4117 | gan_g=+8.1385 | total_gen=+7.1501 | d_real=+0.0447 | d_fake=+0.4460 | gnG=101.95 | gnD=20.35
it  52300/150000 | 3.12 it/s | λ_dis=0.800 | lr=7.6e-05 | mse=+0.1186 | ea_dists=+0.4737 | id=+0.4123 | gan_g=+8.2584 | total_gen=+7.2403 | d_real=+0.4136 | d_fake=+0.5713 | gnG=165.92 | gnD=43.44
it  52350/150000 | 3.08 it/s | λ_dis=0.800 | lr=7.6e-05 | mse=+0.1196 | ea_dists=+0.4697 | id=+0.3843 | gan_g=+7.9549 | total_gen=+6.9917 | d_real=+0.0892 | d_fake=+0.5371 | gnG=128.35 | gnD=25.31
it  52400/150000 | 3.08 it/s | λ_dis=0.800 | lr=7.6e-05 | mse=+0.1259 | ea_dists=+0.4707 | id=+0.4078 | gan_g=+7.7811 | total_gen=+6.8622 | d_real=+0.0648 | d_fake=+0.6119 | gnG=186.60 | gnD=22.21
it  52450/150000 | 3.09 it/s | λ_dis=0.800 | lr=7.6e-05 | mse=+0.1268 | ea_dists=+0.4771 | id=+0.4120 | gan_g=+8.1727 | total_gen=+7.1833 | d_real=+0.1871 | d_fake=+0.4739 | gnG=99.35 | gnD=28.81
it  52500/150000 | 3.10 it/s | λ_dis=0.800 | lr=7.6e-05 | mse=+0.1208 | ea_dists=+0.4819 | id=+0.4154 | gan_g=+8.3459 | total_gen=+7.3210 | d_real=+0.2462 | d_fake=+0.6420 | gnG=106.05 | gnD=44.73
it  52550/150000 | 3.07 it/s | λ_dis=0.800 | lr=7.6e-05 | mse=+0.1180 | ea_dists=+0.4636 | id=+0.3816 | gan_g=+8.3673 | total_gen=+7.3136 | d_real=+0.1160 | d_fake=+0.5163 | gnG=165.28 | gnD=34.93
it  52600/150000 | 3.09 it/s | λ_dis=0.800 | lr=7.6e-05 | mse=+0.1233 | ea_dists=+0.4745 | id=+0.3917 | gan_g=+8.2789 | total_gen=+7.2600 | d_real=+0.0581 | d_fake=+0.5473 | gnG=168.10 | gnD=18.93
it  52650/150000 | 3.10 it/s | λ_dis=0.800 | lr=7.6e-05 | mse=+0.1168 | ea_dists=+0.4706 | id=+0.4084 | gan_g=+8.0639 | total_gen=+7.0794 | d_real=+0.2388 | d_fake=+0.5117 | gnG=123.34 | gnD=36.67
it  52700/150000 | 3.11 it/s | λ_dis=0.800 | lr=7.6e-05 | mse=+0.1356 | ea_dists=+0.4842 | id=+0.3994 | gan_g=+8.0523 | total_gen=+7.1017 | d_real=+0.2339 | d_fake=+0.4517 | gnG=177.22 | gnD=38.78
it  52750/150000 | 3.09 it/s | λ_dis=0.800 | lr=7.6e-05 | mse=+0.1208 | ea_dists=+0.4702 | id=+0.3799 | gan_g=+7.7035 | total_gen=+6.7918 | d_real=+0.1385 | d_fake=+0.7138 | gnG=149.86 | gnD=29.60
it  52800/150000 | 3.14 it/s | λ_dis=0.800 | lr=7.6e-05 | mse=+0.1293 | ea_dists=+0.4818 | id=+0.3869 | gan_g=+8.4450 | total_gen=+7.4058 | d_real=+0.0744 | d_fake=+0.3791 | gnG=146.58 | gnD=20.01
it  52850/150000 | 3.04 it/s | λ_dis=0.800 | lr=7.6e-05 | mse=+0.1305 | ea_dists=+0.4717 | id=+0.3927 | gan_g=+8.2089 | total_gen=+7.2086 | d_real=+0.1771 | d_fake=+0.6410 | gnG=189.54 | gnD=36.42
it  52900/150000 | 3.09 it/s | λ_dis=0.800 | lr=7.6e-05 | mse=+0.1335 | ea_dists=+0.4740 | id=+0.4118 | gan_g=+7.7817 | total_gen=+6.8740 | d_real=+0.0374 | d_fake=+0.6358 | gnG=111.91 | gnD=13.85
it  52950/150000 | 3.03 it/s | λ_dis=0.800 | lr=7.6e-05 | mse=+0.1241 | ea_dists=+0.4720 | id=+0.4209 | gan_g=+8.4165 | total_gen=+7.3713 | d_real=+0.2159 | d_fake=+0.4364 | gnG=157.49 | gnD=35.86
it  53000/150000 | 3.11 it/s | λ_dis=0.800 | lr=7.6e-05 | mse=+0.1292 | ea_dists=+0.4750 | id=+0.4326 | gan_g=+6.5630 | total_gen=+5.8978 | d_real=+0.1934 | d_fake=+0.7757 | gnG=136.27 | gnD=23.52
it  53050/150000 | 3.08 it/s | λ_dis=0.800 | lr=7.6e-05 | mse=+0.1408 | ea_dists=+0.4866 | id=+0.4170 | gan_g=+7.2912 | total_gen=+6.5021 | d_real=+0.1850 | d_fake=+0.5339 | gnG=169.30 | gnD=15.94
it  53100/150000 | 3.13 it/s | λ_dis=0.800 | lr=7.5e-05 | mse=+0.1236 | ea_dists=+0.4887 | id=+0.4133 | gan_g=+6.8017 | total_gen=+6.0950 | d_real=+0.3608 | d_fake=+0.6253 | gnG=191.62 | gnD=38.12
it  53150/150000 | 3.08 it/s | λ_dis=0.800 | lr=7.5e-05 | mse=+0.1103 | ea_dists=+0.4722 | id=+0.3932 | gan_g=+6.4109 | total_gen=+5.7506 | d_real=+0.1681 | d_fake=+0.5044 | gnG=105.42 | gnD=24.66
it  53200/150000 | 3.12 it/s | λ_dis=0.800 | lr=7.5e-05 | mse=+0.1207 | ea_dists=+0.4731 | id=+0.3925 | gan_g=+6.6519 | total_gen=+5.9546 | d_real=+0.3335 | d_fake=+0.5941 | gnG=136.21 | gnD=35.70
it  53250/150000 | 3.08 it/s | λ_dis=0.800 | lr=7.5e-05 | mse=+0.1105 | ea_dists=+0.4722 | id=+0.4116 | gan_g=+6.9361 | total_gen=+6.1728 | d_real=+0.1460 | d_fake=+0.4336 | gnG=122.68 | gnD=24.09
it  53300/150000 | 3.13 it/s | λ_dis=0.800 | lr=7.5e-05 | mse=+0.1234 | ea_dists=+0.4703 | id=+0.4129 | gan_g=+7.0473 | total_gen=+6.2728 | d_real=+0.1379 | d_fake=+0.6013 | gnG=102.85 | gnD=25.45
it  53350/150000 | 3.09 it/s | λ_dis=0.800 | lr=7.5e-05 | mse=+0.1206 | ea_dists=+0.4745 | id=+0.4203 | gan_g=+7.4174 | total_gen=+6.5709 | d_real=+0.2732 | d_fake=+0.3495 | gnG=52.09 | gnD=30.92
it  53400/150000 | 3.10 it/s | λ_dis=0.800 | lr=7.5e-05 | mse=+0.1220 | ea_dists=+0.4742 | id=+0.3810 | gan_g=+6.8230 | total_gen=+6.0928 | d_real=+0.1603 | d_fake=+0.7323 | gnG=111.33 | gnD=28.90
it  53450/150000 | 3.05 it/s | λ_dis=0.800 | lr=7.5e-05 | mse=+0.1288 | ea_dists=+0.4765 | id=+0.3972 | gan_g=+6.8781 | total_gen=+6.1475 | d_real=+0.3770 | d_fake=+0.3280 | gnG=158.52 | gnD=31.15
it  53500/150000 | 3.08 it/s | λ_dis=0.800 | lr=7.5e-05 | mse=+0.1082 | ea_dists=+0.4688 | id=+0.4089 | gan_g=+6.1909 | total_gen=+5.5706 | d_real=+0.2985 | d_fake=+0.5261 | gnG=115.38 | gnD=27.48
it  53550/150000 | 3.06 it/s | λ_dis=0.800 | lr=7.5e-05 | mse=+0.1233 | ea_dists=+0.4779 | id=+0.4062 | gan_g=+6.8794 | total_gen=+6.1454 | d_real=+0.1231 | d_fake=+0.4872 | gnG=147.18 | gnD=29.91
it  53600/150000 | 3.10 it/s | λ_dis=0.800 | lr=7.5e-05 | mse=+0.1157 | ea_dists=+0.4681 | id=+0.4028 | gan_g=+6.4626 | total_gen=+5.7942 | d_real=+0.2143 | d_fake=+0.4530 | gnG=133.26 | gnD=33.00
it  53650/150000 | 3.06 it/s | λ_dis=0.800 | lr=7.5e-05 | mse=+0.1152 | ea_dists=+0.4737 | id=+0.4211 | gan_g=+6.0955 | total_gen=+5.5074 | d_real=+0.4636 | d_fake=+0.4809 | gnG=112.14 | gnD=34.44
it  53700/150000 | 3.09 it/s | λ_dis=0.800 | lr=7.5e-05 | mse=+0.1206 | ea_dists=+0.4685 | id=+0.4092 | gan_g=+6.6820 | total_gen=+5.9756 | d_real=+0.1405 | d_fake=+0.5191 | gnG=45.34 | gnD=19.85
it  53750/150000 | 3.04 it/s | λ_dis=0.800 | lr=7.5e-05 | mse=+0.1074 | ea_dists=+0.4696 | id=+0.3951 | gan_g=+6.7752 | total_gen=+6.0366 | d_real=+0.1467 | d_fake=+0.7863 | gnG=63.01 | gnD=22.55
it  53800/150000 | 3.11 it/s | λ_dis=0.800 | lr=7.5e-05 | mse=+0.1198 | ea_dists=+0.4758 | id=+0.4058 | gan_g=+7.2643 | total_gen=+6.4476 | d_real=+0.1984 | d_fake=+0.5913 | gnG=95.00 | gnD=18.26
it  53850/150000 | 3.05 it/s | λ_dis=0.800 | lr=7.5e-05 | mse=+0.1159 | ea_dists=+0.4642 | id=+0.3975 | gan_g=+5.7866 | total_gen=+5.2491 | d_real=+0.2296 | d_fake=+0.6923 | gnG=108.92 | gnD=22.51
it  53900/150000 | 3.11 it/s | λ_dis=0.800 | lr=7.5e-05 | mse=+0.1219 | ea_dists=+0.4690 | id=+0.4216 | gan_g=+6.0688 | total_gen=+5.4881 | d_real=+0.1725 | d_fake=+0.6502 | gnG=129.72 | gnD=44.73
it  53950/150000 | 3.05 it/s | λ_dis=0.800 | lr=7.5e-05 | mse=+0.1269 | ea_dists=+0.4783 | id=+0.3824 | gan_g=+6.8089 | total_gen=+6.0905 | d_real=+0.2073 | d_fake=+0.5179 | gnG=252.95 | gnD=32.58
it  54000/150000 | 3.10 it/s | λ_dis=0.800 | lr=7.5e-05 | mse=+0.1237 | ea_dists=+0.4766 | id=+0.4054 | gan_g=+6.8878 | total_gen=+6.1510 | d_real=+0.2065 | d_fake=+0.5369 | gnG=107.91 | gnD=32.48
  [iter 54000] saved sample → /projectnb/cs585/projects/craft/samples_stage2/iter_0054000.png
it  54050/150000 | 2.68 it/s | λ_dis=0.800 | lr=7.5e-05 | mse=+0.1042 | ea_dists=+0.4646 | id=+0.3882 | gan_g=+7.3266 | total_gen=+6.4688 | d_real=+0.1849 | d_fake=+0.5021 | gnG=177.98 | gnD=38.69
it  54100/150000 | 3.10 it/s | λ_dis=0.800 | lr=7.5e-05 | mse=+0.1148 | ea_dists=+0.4717 | id=+0.3891 | gan_g=+7.0647 | total_gen=+6.2772 | d_real=+0.2034 | d_fake=+0.5031 | gnG=150.14 | gnD=21.18
it  54150/150000 | 3.07 it/s | λ_dis=0.800 | lr=7.5e-05 | mse=+0.1251 | ea_dists=+0.4603 | id=+0.4174 | gan_g=+7.0442 | total_gen=+6.2626 | d_real=+0.4134 | d_fake=+0.5148 | gnG=133.80 | gnD=45.05
it  54200/150000 | 3.10 it/s | λ_dis=0.800 | lr=7.5e-05 | mse=+0.1057 | ea_dists=+0.4612 | id=+0.4004 | gan_g=+6.6483 | total_gen=+5.9256 | d_real=+0.2020 | d_fake=+0.4670 | gnG=119.30 | gnD=44.63
it  54250/150000 | 3.04 it/s | λ_dis=0.800 | lr=7.4e-05 | mse=+0.1211 | ea_dists=+0.4722 | id=+0.3899 | gan_g=+7.5124 | total_gen=+6.6423 | d_real=+0.1220 | d_fake=+0.6648 | gnG=94.87 | gnD=29.64
it  54300/150000 | 3.12 it/s | λ_dis=0.800 | lr=7.4e-05 | mse=+0.1175 | ea_dists=+0.4667 | id=+0.4051 | gan_g=+6.4394 | total_gen=+5.7762 | d_real=+0.2707 | d_fake=+0.7747 | gnG=111.22 | gnD=21.14
it  54350/150000 | 3.08 it/s | λ_dis=0.800 | lr=7.4e-05 | mse=+0.1257 | ea_dists=+0.4707 | id=+0.4020 | gan_g=+6.8369 | total_gen=+6.1062 | d_real=+0.2398 | d_fake=+0.5189 | gnG=199.97 | gnD=34.14
it  54400/150000 | 3.13 it/s | λ_dis=0.800 | lr=7.4e-05 | mse=+0.1199 | ea_dists=+0.4727 | id=+0.4069 | gan_g=+6.4412 | total_gen=+5.7863 | d_real=+0.1387 | d_fake=+0.4393 | gnG=129.92 | gnD=28.94
it  54450/150000 | 3.07 it/s | λ_dis=0.800 | lr=7.4e-05 | mse=+0.1102 | ea_dists=+0.4672 | id=+0.3784 | gan_g=+6.8262 | total_gen=+6.0762 | d_real=+0.3515 | d_fake=+0.8305 | gnG=124.63 | gnD=38.04
it  54500/150000 | 3.13 it/s | λ_dis=0.800 | lr=7.4e-05 | mse=+0.1389 | ea_dists=+0.4836 | id=+0.4307 | gan_g=+6.7823 | total_gen=+6.0915 | d_real=+0.2467 | d_fake=+0.5889 | gnG=114.78 | gnD=35.19
it  54550/150000 | 3.08 it/s | λ_dis=0.800 | lr=7.4e-05 | mse=+0.1292 | ea_dists=+0.4777 | id=+0.4211 | gan_g=+5.6741 | total_gen=+5.1883 | d_real=+0.1747 | d_fake=+0.6359 | gnG=146.97 | gnD=19.04
it  54600/150000 | 3.12 it/s | λ_dis=0.800 | lr=7.4e-05 | mse=+0.1197 | ea_dists=+0.4748 | id=+0.3947 | gan_g=+7.0984 | total_gen=+6.3127 | d_real=+0.0901 | d_fake=+0.4630 | gnG=112.49 | gnD=23.41
it  54650/150000 | 3.08 it/s | λ_dis=0.800 | lr=7.4e-05 | mse=+0.1173 | ea_dists=+0.4628 | id=+0.3912 | gan_g=+7.4866 | total_gen=+6.6084 | d_real=+0.2417 | d_fake=+0.5032 | gnG=113.34 | gnD=58.39
it  54700/150000 | 3.13 it/s | λ_dis=0.800 | lr=7.4e-05 | mse=+0.1083 | ea_dists=+0.4619 | id=+0.3989 | gan_g=+6.0314 | total_gen=+5.4352 | d_real=+0.4424 | d_fake=+0.8743 | gnG=125.56 | gnD=58.44
it  54750/150000 | 3.09 it/s | λ_dis=0.800 | lr=7.4e-05 | mse=+0.1287 | ea_dists=+0.4692 | id=+0.4144 | gan_g=+6.7266 | total_gen=+6.0207 | d_real=+0.1091 | d_fake=+0.5950 | gnG=86.26 | gnD=31.32
it  54800/150000 | 3.13 it/s | λ_dis=0.800 | lr=7.4e-05 | mse=+0.1261 | ea_dists=+0.4710 | id=+0.4104 | gan_g=+7.3011 | total_gen=+6.4790 | d_real=+0.0930 | d_fake=+0.4396 | gnG=81.24 | gnD=20.27
it  54850/150000 | 3.06 it/s | λ_dis=0.800 | lr=7.4e-05 | mse=+0.1276 | ea_dists=+0.4803 | id=+0.4143 | gan_g=+7.2279 | total_gen=+6.4316 | d_real=+0.0511 | d_fake=+0.4818 | gnG=86.96 | gnD=22.50
it  54900/150000 | 3.09 it/s | λ_dis=0.800 | lr=7.4e-05 | mse=+0.1203 | ea_dists=+0.4657 | id=+0.3991 | gan_g=+7.0978 | total_gen=+6.3042 | d_real=+0.0913 | d_fake=+0.4656 | gnG=131.94 | gnD=28.45
it  54950/150000 | 3.06 it/s | λ_dis=0.800 | lr=7.4e-05 | mse=+0.1188 | ea_dists=+0.4821 | id=+0.3999 | gan_g=+7.4168 | total_gen=+6.5743 | d_real=+0.1271 | d_fake=+0.6301 | gnG=161.10 | gnD=29.21
it  55000/150000 | 3.13 it/s | λ_dis=0.800 | lr=7.4e-05 | mse=+0.1122 | ea_dists=+0.4667 | id=+0.4161 | gan_g=+7.5284 | total_gen=+6.6433 | d_real=+0.0413 | d_fake=+0.4932 | gnG=250.32 | gnD=12.48
  [iter 55000] saved ckpt → /projectnb/cs585/projects/craft/checkpoints_stage2/iter_0055000.pt
it  55050/150000 | 3.01 it/s | λ_dis=0.800 | lr=7.4e-05 | mse=+0.1289 | ea_dists=+0.4682 | id=+0.4156 | gan_g=+8.4433 | total_gen=+7.3932 | d_real=+0.1725 | d_fake=+0.6316 | gnG=78.14 | gnD=35.96
it  55100/150000 | 3.15 it/s | λ_dis=0.800 | lr=7.4e-05 | mse=+0.1207 | ea_dists=+0.4666 | id=+0.3834 | gan_g=+7.0543 | total_gen=+6.2691 | d_real=+0.1993 | d_fake=+0.5385 | gnG=138.31 | gnD=20.35
it  55150/150000 | 3.10 it/s | λ_dis=0.800 | lr=7.4e-05 | mse=+0.0979 | ea_dists=+0.4602 | id=+0.3880 | gan_g=+7.0586 | total_gen=+6.2437 | d_real=+0.0957 | d_fake=+0.6750 | gnG=127.41 | gnD=21.34
it  55200/150000 | 3.10 it/s | λ_dis=0.800 | lr=7.4e-05 | mse=+0.1198 | ea_dists=+0.4648 | id=+0.3876 | gan_g=+7.8396 | total_gen=+6.8951 | d_real=+0.2016 | d_fake=+0.4706 | gnG=153.95 | gnD=29.78
it  55250/150000 | 3.04 it/s | λ_dis=0.800 | lr=7.4e-05 | mse=+0.1177 | ea_dists=+0.4658 | id=+0.4033 | gan_g=+7.5382 | total_gen=+6.6544 | d_real=+0.3993 | d_fake=+0.7207 | gnG=115.17 | gnD=35.42
it  55300/150000 | 3.09 it/s | λ_dis=0.800 | lr=7.4e-05 | mse=+0.1210 | ea_dists=+0.4682 | id=+0.3998 | gan_g=+6.9101 | total_gen=+6.1572 | d_real=+0.2289 | d_fake=+0.4688 | gnG=145.41 | gnD=35.24
it  55350/150000 | 3.07 it/s | λ_dis=0.800 | lr=7.4e-05 | mse=+0.1274 | ea_dists=+0.4700 | id=+0.4184 | gan_g=+6.5275 | total_gen=+5.8613 | d_real=+0.2519 | d_fake=+0.7149 | gnG=176.33 | gnD=25.53
it  55400/150000 | 3.10 it/s | λ_dis=0.800 | lr=7.4e-05 | mse=+0.1192 | ea_dists=+0.4713 | id=+0.3938 | gan_g=+7.7023 | total_gen=+6.7918 | d_real=+0.0912 | d_fake=+0.3593 | gnG=105.21 | gnD=13.21
it  55450/150000 | 3.05 it/s | λ_dis=0.800 | lr=7.3e-05 | mse=+0.1182 | ea_dists=+0.4758 | id=+0.4211 | gan_g=+7.0271 | total_gen=+6.2578 | d_real=+0.0806 | d_fake=+0.4670 | gnG=153.35 | gnD=22.23
it  55500/150000 | 3.10 it/s | λ_dis=0.800 | lr=7.3e-05 | mse=+0.1216 | ea_dists=+0.4673 | id=+0.4060 | gan_g=+6.5357 | total_gen=+5.8580 | d_real=+0.3454 | d_fake=+0.5773 | gnG=162.01 | gnD=34.44
it  55550/150000 | 3.09 it/s | λ_dis=0.800 | lr=7.3e-05 | mse=+0.1197 | ea_dists=+0.4708 | id=+0.4182 | gan_g=+7.5598 | total_gen=+6.6801 | d_real=+0.2995 | d_fake=+0.3974 | gnG=119.39 | gnD=28.42
it  55600/150000 | 3.13 it/s | λ_dis=0.800 | lr=7.3e-05 | mse=+0.1048 | ea_dists=+0.4600 | id=+0.3791 | gan_g=+6.9132 | total_gen=+6.1333 | d_real=+0.0847 | d_fake=+0.5421 | gnG=130.57 | gnD=8.83
it  55650/150000 | 3.14 it/s | λ_dis=0.800 | lr=7.3e-05 | mse=+0.1233 | ea_dists=+0.4660 | id=+0.3949 | gan_g=+7.6853 | total_gen=+6.7770 | d_real=+0.2246 | d_fake=+0.3851 | gnG=138.24 | gnD=30.75
it  55700/150000 | 3.09 it/s | λ_dis=0.800 | lr=7.3e-05 | mse=+0.1153 | ea_dists=+0.4668 | id=+0.3878 | gan_g=+8.0180 | total_gen=+7.0353 | d_real=+0.1669 | d_fake=+0.5072 | gnG=96.41 | gnD=23.79
it  55750/150000 | 3.09 it/s | λ_dis=0.800 | lr=7.3e-05 | mse=+0.1105 | ea_dists=+0.4615 | id=+0.3938 | gan_g=+7.7502 | total_gen=+6.8115 | d_real=+0.2106 | d_fake=+0.5250 | gnG=106.77 | gnD=34.22
it  55800/150000 | 3.10 it/s | λ_dis=0.800 | lr=7.3e-05 | mse=+0.1157 | ea_dists=+0.4671 | id=+0.3935 | gan_g=+7.7210 | total_gen=+6.7990 | d_real=+0.0617 | d_fake=+0.6250 | gnG=101.11 | gnD=32.52
it  55850/150000 | 3.09 it/s | λ_dis=0.800 | lr=7.3e-05 | mse=+0.1094 | ea_dists=+0.4554 | id=+0.3756 | gan_g=+7.2309 | total_gen=+6.3871 | d_real=+0.1500 | d_fake=+0.6188 | gnG=165.71 | gnD=24.22
it  55900/150000 | 3.04 it/s | λ_dis=0.800 | lr=7.3e-05 | mse=+0.1176 | ea_dists=+0.4708 | id=+0.3988 | gan_g=+7.8874 | total_gen=+6.9382 | d_real=+0.2713 | d_fake=+0.5496 | gnG=211.81 | gnD=30.26
it  55950/150000 | 3.14 it/s | λ_dis=0.800 | lr=7.3e-05 | mse=+0.1225 | ea_dists=+0.4773 | id=+0.4039 | gan_g=+7.1801 | total_gen=+6.3842 | d_real=+0.2059 | d_fake=+0.6588 | gnG=109.50 | gnD=23.60
it  56000/150000 | 3.09 it/s | λ_dis=0.800 | lr=7.3e-05 | mse=+0.1215 | ea_dists=+0.4907 | id=+0.4025 | gan_g=+7.1412 | total_gen=+6.3654 | d_real=+0.1144 | d_fake=+0.5277 | gnG=110.16 | gnD=20.44
  [iter 56000] saved sample → /projectnb/cs585/projects/craft/samples_stage2/iter_0056000.png
it  56050/150000 | 2.74 it/s | λ_dis=0.800 | lr=7.3e-05 | mse=+0.1286 | ea_dists=+0.4788 | id=+0.3844 | gan_g=+7.3888 | total_gen=+6.5569 | d_real=+0.2130 | d_fake=+0.5349 | gnG=202.89 | gnD=14.13
it  56100/150000 | 3.10 it/s | λ_dis=0.800 | lr=7.3e-05 | mse=+0.1023 | ea_dists=+0.4636 | id=+0.4042 | gan_g=+6.8339 | total_gen=+6.0734 | d_real=+0.2477 | d_fake=+0.6045 | gnG=135.90 | gnD=37.01
it  56150/150000 | 3.09 it/s | λ_dis=0.800 | lr=7.3e-05 | mse=+0.1203 | ea_dists=+0.4785 | id=+0.4097 | gan_g=+7.7817 | total_gen=+6.8652 | d_real=+0.1244 | d_fake=+0.5163 | gnG=134.96 | gnD=35.44
it  56200/150000 | 3.05 it/s | λ_dis=0.800 | lr=7.3e-05 | mse=+0.1067 | ea_dists=+0.4613 | id=+0.4041 | gan_g=+7.9854 | total_gen=+6.9967 | d_real=+0.2491 | d_fake=+0.5212 | gnG=190.37 | gnD=33.94
it  56250/150000 | 3.10 it/s | λ_dis=0.800 | lr=7.3e-05 | mse=+0.1056 | ea_dists=+0.4705 | id=+0.4000 | gan_g=+7.8387 | total_gen=+6.8871 | d_real=+0.2138 | d_fake=+0.4562 | gnG=144.48 | gnD=26.96
it  56300/150000 | 3.07 it/s | λ_dis=0.800 | lr=7.3e-05 | mse=+0.1098 | ea_dists=+0.4616 | id=+0.3739 | gan_g=+7.5856 | total_gen=+6.6773 | d_real=+0.2776 | d_fake=+0.5632 | gnG=123.42 | gnD=29.11
it  56350/150000 | 3.12 it/s | λ_dis=0.800 | lr=7.3e-05 | mse=+0.1189 | ea_dists=+0.4814 | id=+0.3866 | gan_g=+6.0717 | total_gen=+5.4963 | d_real=+0.2774 | d_fake=+0.7605 | gnG=180.14 | gnD=30.97
it  56400/150000 | 3.09 it/s | λ_dis=0.800 | lr=7.3e-05 | mse=+0.1229 | ea_dists=+0.4676 | id=+0.4344 | gan_g=+7.1596 | total_gen=+6.3616 | d_real=+0.2163 | d_fake=+0.4506 | gnG=131.46 | gnD=30.64
it  56450/150000 | 3.14 it/s | λ_dis=0.800 | lr=7.3e-05 | mse=+0.1037 | ea_dists=+0.4677 | id=+0.3781 | gan_g=+5.9049 | total_gen=+5.3331 | d_real=+0.3469 | d_fake=+0.5607 | gnG=111.04 | gnD=20.78
it  56500/150000 | 3.07 it/s | λ_dis=0.800 | lr=7.3e-05 | mse=+0.1223 | ea_dists=+0.4849 | id=+0.3837 | gan_g=+7.0311 | total_gen=+6.2704 | d_real=+0.2007 | d_fake=+0.3997 | gnG=152.46 | gnD=40.54
it  56550/150000 | 3.08 it/s | λ_dis=0.800 | lr=7.3e-05 | mse=+0.1161 | ea_dists=+0.4779 | id=+0.4215 | gan_g=+5.9979 | total_gen=+5.4346 | d_real=+0.4285 | d_fake=+0.6527 | gnG=107.59 | gnD=50.30
it  56600/150000 | 3.05 it/s | λ_dis=0.800 | lr=7.2e-05 | mse=+0.1197 | ea_dists=+0.4774 | id=+0.3982 | gan_g=+6.8629 | total_gen=+6.1273 | d_real=+0.2173 | d_fake=+0.5145 | gnG=126.88 | gnD=23.40
it  56650/150000 | 3.10 it/s | λ_dis=0.800 | lr=7.2e-05 | mse=+0.1275 | ea_dists=+0.4800 | id=+0.3966 | gan_g=+7.4638 | total_gen=+6.6182 | d_real=+0.1692 | d_fake=+0.4799 | gnG=87.71 | gnD=32.14
it  56700/150000 | 3.05 it/s | λ_dis=0.800 | lr=7.2e-05 | mse=+0.1167 | ea_dists=+0.4758 | id=+0.3996 | gan_g=+7.9262 | total_gen=+6.9734 | d_real=+0.1795 | d_fake=+0.5613 | gnG=94.50 | gnD=28.60
it  56750/150000 | 3.08 it/s | λ_dis=0.800 | lr=7.2e-05 | mse=+0.1174 | ea_dists=+0.4819 | id=+0.3910 | gan_g=+7.5635 | total_gen=+6.6892 | d_real=+0.1559 | d_fake=+0.4284 | gnG=92.56 | gnD=37.83
it  56800/150000 | 3.04 it/s | λ_dis=0.800 | lr=7.2e-05 | mse=+0.1191 | ea_dists=+0.4658 | id=+0.4135 | gan_g=+6.7087 | total_gen=+5.9932 | d_real=+0.3017 | d_fake=+0.6987 | gnG=168.75 | gnD=48.58
it  56850/150000 | 3.14 it/s | λ_dis=0.800 | lr=7.2e-05 | mse=+0.1208 | ea_dists=+0.4828 | id=+0.4124 | gan_g=+6.8525 | total_gen=+6.1268 | d_real=+0.1778 | d_fake=+0.7263 | gnG=240.24 | gnD=29.25
it  56900/150000 | 3.08 it/s | λ_dis=0.800 | lr=7.2e-05 | mse=+0.1302 | ea_dists=+0.4790 | id=+0.4232 | gan_g=+6.2972 | total_gen=+5.6893 | d_real=+0.2049 | d_fake=+0.8974 | gnG=126.23 | gnD=31.89
it  56950/150000 | 3.13 it/s | λ_dis=0.800 | lr=7.2e-05 | mse=+0.1315 | ea_dists=+0.4828 | id=+0.4367 | gan_g=+6.3453 | total_gen=+5.7343 | d_real=+0.2826 | d_fake=+0.5498 | gnG=146.75 | gnD=32.16
it  57000/150000 | 3.06 it/s | λ_dis=0.800 | lr=7.2e-05 | mse=+0.1207 | ea_dists=+0.4638 | id=+0.4193 | gan_g=+6.7782 | total_gen=+6.0490 | d_real=+0.0987 | d_fake=+0.6990 | gnG=141.23 | gnD=32.03
it  57050/150000 | 3.11 it/s | λ_dis=0.800 | lr=7.2e-05 | mse=+0.1148 | ea_dists=+0.4652 | id=+0.3941 | gan_g=+6.3688 | total_gen=+5.7144 | d_real=+0.1469 | d_fake=+0.7538 | gnG=135.83 | gnD=29.94
it  57100/150000 | 3.09 it/s | λ_dis=0.800 | lr=7.2e-05 | mse=+0.1351 | ea_dists=+0.4718 | id=+0.4067 | gan_g=+7.2995 | total_gen=+6.4871 | d_real=+0.1745 | d_fake=+0.4327 | gnG=85.28 | gnD=28.79
it  57150/150000 | 3.10 it/s | λ_dis=0.800 | lr=7.2e-05 | mse=+0.1258 | ea_dists=+0.4692 | id=+0.3709 | gan_g=+7.8598 | total_gen=+6.9199 | d_real=+0.0808 | d_fake=+0.5881 | gnG=95.24 | gnD=17.84
it  57200/150000 | 3.07 it/s | λ_dis=0.800 | lr=7.2e-05 | mse=+0.1257 | ea_dists=+0.4657 | id=+0.4153 | gan_g=+7.0399 | total_gen=+6.2648 | d_real=+0.2259 | d_fake=+0.4331 | gnG=209.29 | gnD=26.47
it  57250/150000 | 3.13 it/s | λ_dis=0.800 | lr=7.2e-05 | mse=+0.1219 | ea_dists=+0.4757 | id=+0.4068 | gan_g=+7.4663 | total_gen=+6.6114 | d_real=+0.1239 | d_fake=+0.5606 | gnG=184.59 | gnD=29.84
it  57300/150000 | 3.09 it/s | λ_dis=0.800 | lr=7.2e-05 | mse=+0.1201 | ea_dists=+0.4730 | id=+0.4246 | gan_g=+7.5906 | total_gen=+6.7081 | d_real=+0.1563 | d_fake=+0.5468 | gnG=135.27 | gnD=38.60
it  57350/150000 | 3.14 it/s | λ_dis=0.800 | lr=7.2e-05 | mse=+0.1253 | ea_dists=+0.4620 | id=+0.3908 | gan_g=+7.3477 | total_gen=+6.5045 | d_real=+0.2622 | d_fake=+0.4732 | gnG=125.88 | gnD=27.11
it  57400/150000 | 3.08 it/s | λ_dis=0.800 | lr=7.2e-05 | mse=+0.1238 | ea_dists=+0.4722 | id=+0.4154 | gan_g=+7.3553 | total_gen=+6.5218 | d_real=+0.1552 | d_fake=+0.4908 | gnG=114.91 | gnD=26.47
it  57450/150000 | 3.10 it/s | λ_dis=0.800 | lr=7.2e-05 | mse=+0.1383 | ea_dists=+0.4673 | id=+0.3992 | gan_g=+7.1878 | total_gen=+6.3958 | d_real=+0.1196 | d_fake=+0.6688 | gnG=92.44 | gnD=27.34
it  57500/150000 | 3.09 it/s | λ_dis=0.800 | lr=7.2e-05 | mse=+0.1170 | ea_dists=+0.4675 | id=+0.4134 | gan_g=+7.5308 | total_gen=+6.6504 | d_real=+0.2184 | d_fake=+0.5760 | gnG=131.09 | gnD=27.10
it  57550/150000 | 3.11 it/s | λ_dis=0.800 | lr=7.2e-05 | mse=+0.1257 | ea_dists=+0.4644 | id=+0.3965 | gan_g=+7.2105 | total_gen=+6.3981 | d_real=+0.2551 | d_fake=+0.6717 | gnG=109.92 | gnD=27.03
it  57600/150000 | 3.06 it/s | λ_dis=0.800 | lr=7.2e-05 | mse=+0.1086 | ea_dists=+0.4636 | id=+0.4381 | gan_g=+6.7230 | total_gen=+5.9944 | d_real=+0.2154 | d_fake=+0.6151 | gnG=259.96 | gnD=32.21
it  57650/150000 | 3.13 it/s | λ_dis=0.800 | lr=7.2e-05 | mse=+0.1158 | ea_dists=+0.4744 | id=+0.3857 | gan_g=+7.4074 | total_gen=+6.5547 | d_real=+0.2167 | d_fake=+0.5826 | gnG=120.88 | gnD=30.91
it  57700/150000 | 3.08 it/s | λ_dis=0.800 | lr=7.1e-05 | mse=+0.1203 | ea_dists=+0.4791 | id=+0.3885 | gan_g=+7.9311 | total_gen=+6.9832 | d_real=+0.1081 | d_fake=+0.4897 | gnG=132.52 | gnD=23.23
it  57750/150000 | 3.06 it/s | λ_dis=0.800 | lr=7.1e-05 | mse=+0.1152 | ea_dists=+0.4787 | id=+0.4078 | gan_g=+6.8652 | total_gen=+6.1268 | d_real=+0.1446 | d_fake=+0.6289 | gnG=204.53 | gnD=26.06
it  57800/150000 | 3.04 it/s | λ_dis=0.800 | lr=7.1e-05 | mse=+0.1190 | ea_dists=+0.4777 | id=+0.3789 | gan_g=+6.8800 | total_gen=+6.1386 | d_real=+0.4630 | d_fake=+0.7139 | gnG=108.15 | gnD=33.98
it  57850/150000 | 3.09 it/s | λ_dis=0.800 | lr=7.1e-05 | mse=+0.1279 | ea_dists=+0.4710 | id=+0.4217 | gan_g=+6.8660 | total_gen=+6.1338 | d_real=+0.2102 | d_fake=+0.6376 | gnG=131.56 | gnD=34.32
it  57900/150000 | 3.07 it/s | λ_dis=0.800 | lr=7.1e-05 | mse=+0.1262 | ea_dists=+0.4673 | id=+0.4095 | gan_g=+6.4689 | total_gen=+5.8096 | d_real=+0.0983 | d_fake=+0.5115 | gnG=170.32 | gnD=31.05
it  57950/150000 | 3.14 it/s | λ_dis=0.800 | lr=7.1e-05 | mse=+0.1131 | ea_dists=+0.4585 | id=+0.3985 | gan_g=+7.0872 | total_gen=+6.2812 | d_real=+0.2150 | d_fake=+0.4923 | gnG=116.51 | gnD=22.97
it  58000/150000 | 3.07 it/s | λ_dis=0.800 | lr=7.1e-05 | mse=+0.1153 | ea_dists=+0.4715 | id=+0.3769 | gan_g=+7.7420 | total_gen=+6.8182 | d_real=+0.1145 | d_fake=+0.6518 | gnG=151.50 | gnD=18.05
  [iter 58000] saved sample → /projectnb/cs585/projects/craft/samples_stage2/iter_0058000.png
it  58050/150000 | 2.73 it/s | λ_dis=0.800 | lr=7.1e-05 | mse=+0.1123 | ea_dists=+0.4631 | id=+0.4114 | gan_g=+7.1548 | total_gen=+6.3403 | d_real=+0.3187 | d_fake=+0.5282 | gnG=160.22 | gnD=32.70
it  58100/150000 | 3.10 it/s | λ_dis=0.800 | lr=7.1e-05 | mse=+0.1117 | ea_dists=+0.4708 | id=+0.4301 | gan_g=+7.4049 | total_gen=+6.5493 | d_real=+0.2958 | d_fake=+0.4900 | gnG=196.94 | gnD=43.05
it  58150/150000 | 3.13 it/s | λ_dis=0.800 | lr=7.1e-05 | mse=+0.1155 | ea_dists=+0.4701 | id=+0.3886 | gan_g=+7.4585 | total_gen=+6.5913 | d_real=+0.1714 | d_fake=+0.4109 | gnG=144.04 | gnD=29.89
it  58200/150000 | 3.05 it/s | λ_dis=0.800 | lr=7.1e-05 | mse=+0.1340 | ea_dists=+0.4738 | id=+0.4049 | gan_g=+6.7454 | total_gen=+6.0446 | d_real=+0.1695 | d_fake=+0.6844 | gnG=124.18 | gnD=41.22
it  58250/150000 | 3.07 it/s | λ_dis=0.800 | lr=7.1e-05 | mse=+0.1246 | ea_dists=+0.4675 | id=+0.4075 | gan_g=+7.4364 | total_gen=+6.5819 | d_real=+0.1780 | d_fake=+0.3494 | gnG=116.56 | gnD=20.92
it  58300/150000 | 3.05 it/s | λ_dis=0.800 | lr=7.1e-05 | mse=+0.1193 | ea_dists=+0.4717 | id=+0.4070 | gan_g=+7.0814 | total_gen=+6.2968 | d_real=+0.3475 | d_fake=+0.6027 | gnG=209.38 | gnD=51.44
it  58350/150000 | 3.09 it/s | λ_dis=0.800 | lr=7.1e-05 | mse=+0.1166 | ea_dists=+0.4727 | id=+0.4187 | gan_g=+7.0445 | total_gen=+6.2668 | d_real=+0.3741 | d_fake=+0.5033 | gnG=121.53 | gnD=50.51
it  58400/150000 | 3.07 it/s | λ_dis=0.800 | lr=7.1e-05 | mse=+0.1404 | ea_dists=+0.4715 | id=+0.3845 | gan_g=+7.5371 | total_gen=+6.6800 | d_real=+0.1158 | d_fake=+0.4024 | gnG=169.22 | gnD=27.10
it  58450/150000 | 3.13 it/s | λ_dis=0.800 | lr=7.1e-05 | mse=+0.1318 | ea_dists=+0.4751 | id=+0.4128 | gan_g=+7.7639 | total_gen=+6.8594 | d_real=+0.1455 | d_fake=+0.3363 | gnG=184.30 | gnD=25.70
it  58500/150000 | 3.07 it/s | λ_dis=0.800 | lr=7.1e-05 | mse=+0.1213 | ea_dists=+0.4672 | id=+0.3933 | gan_g=+7.7088 | total_gen=+6.7948 | d_real=+0.2087 | d_fake=+0.7248 | gnG=147.16 | gnD=21.41
it  58550/150000 | 3.13 it/s | λ_dis=0.800 | lr=7.1e-05 | mse=+0.1273 | ea_dists=+0.4668 | id=+0.3915 | gan_g=+7.4004 | total_gen=+6.5536 | d_real=+0.3340 | d_fake=+0.4476 | gnG=266.26 | gnD=27.04
it  58600/150000 | 3.10 it/s | λ_dis=0.800 | lr=7.1e-05 | mse=+0.1375 | ea_dists=+0.4738 | id=+0.4256 | gan_g=+7.2650 | total_gen=+6.4658 | d_real=+0.1461 | d_fake=+0.4765 | gnG=171.09 | gnD=28.31
it  58650/150000 | 3.14 it/s | λ_dis=0.800 | lr=7.1e-05 | mse=+0.1374 | ea_dists=+0.4836 | id=+0.4563 | gan_g=+7.5626 | total_gen=+6.7167 | d_real=+0.1749 | d_fake=+0.3695 | gnG=150.80 | gnD=23.72
it  58700/150000 | 3.07 it/s | λ_dis=0.800 | lr=7.1e-05 | mse=+0.1326 | ea_dists=+0.4649 | id=+0.3980 | gan_g=+6.7495 | total_gen=+6.0370 | d_real=+0.4209 | d_fake=+0.6137 | gnG=143.49 | gnD=32.07
it  58750/150000 | 3.09 it/s | λ_dis=0.800 | lr=7.1e-05 | mse=+0.1185 | ea_dists=+0.4585 | id=+0.3957 | gan_g=+6.2255 | total_gen=+5.5970 | d_real=+0.3605 | d_fake=+0.7216 | gnG=122.99 | gnD=31.53
it  58800/150000 | 3.06 it/s | λ_dis=0.800 | lr=7.1e-05 | mse=+0.1326 | ea_dists=+0.4667 | id=+0.4244 | gan_g=+5.1678 | total_gen=+4.7759 | d_real=+0.3101 | d_fake=+0.6648 | gnG=142.94 | gnD=39.82
it  58850/150000 | 3.09 it/s | λ_dis=0.800 | lr=7.0e-05 | mse=+0.1317 | ea_dists=+0.4674 | id=+0.3771 | gan_g=+5.6182 | total_gen=+5.1313 | d_real=+0.2421 | d_fake=+0.5764 | gnG=93.33 | gnD=33.15
it  58900/150000 | 3.09 it/s | λ_dis=0.800 | lr=7.0e-05 | mse=+0.1271 | ea_dists=+0.4553 | id=+0.3933 | gan_g=+5.1719 | total_gen=+4.7593 | d_real=+0.2318 | d_fake=+0.7151 | gnG=118.08 | gnD=35.77
it  58950/150000 | 3.10 it/s | λ_dis=0.800 | lr=7.0e-05 | mse=+0.1390 | ea_dists=+0.4603 | id=+0.3982 | gan_g=+6.9683 | total_gen=+6.2139 | d_real=+0.1816 | d_fake=+0.5302 | gnG=108.55 | gnD=24.48
it  59000/150000 | 3.08 it/s | λ_dis=0.800 | lr=7.0e-05 | mse=+0.1409 | ea_dists=+0.4642 | id=+0.4012 | gan_g=+6.0834 | total_gen=+5.5119 | d_real=+0.2972 | d_fake=+0.5890 | gnG=138.86 | gnD=28.37
it  59050/150000 | 3.03 it/s | λ_dis=0.800 | lr=7.0e-05 | mse=+0.1476 | ea_dists=+0.4755 | id=+0.3931 | gan_g=+6.3738 | total_gen=+5.7614 | d_real=+0.1079 | d_fake=+0.4473 | gnG=117.73 | gnD=22.55
it  59100/150000 | 3.05 it/s | λ_dis=0.800 | lr=7.0e-05 | mse=+0.1463 | ea_dists=+0.4632 | id=+0.3773 | gan_g=+7.1829 | total_gen=+6.3936 | d_real=+0.2090 | d_fake=+0.6099 | gnG=162.03 | gnD=34.62
it  59150/150000 | 3.10 it/s | λ_dis=0.800 | lr=7.0e-05 | mse=+0.1332 | ea_dists=+0.4633 | id=+0.3919 | gan_g=+7.0481 | total_gen=+6.2742 | d_real=+0.1099 | d_fake=+0.5488 | gnG=107.96 | gnD=22.40
it  59200/150000 | 3.10 it/s | λ_dis=0.800 | lr=7.0e-05 | mse=+0.1473 | ea_dists=+0.4611 | id=+0.3940 | gan_g=+7.8965 | total_gen=+6.9650 | d_real=+0.1179 | d_fake=+0.4687 | gnG=249.92 | gnD=15.35
it  59250/150000 | 3.06 it/s | λ_dis=0.800 | lr=7.0e-05 | mse=+0.1235 | ea_dists=+0.4656 | id=+0.4146 | gan_g=+7.6441 | total_gen=+6.7459 | d_real=+0.1116 | d_fake=+0.4815 | gnG=133.05 | gnD=18.03
it  59300/150000 | 3.10 it/s | λ_dis=0.800 | lr=7.0e-05 | mse=+0.1338 | ea_dists=+0.4740 | id=+0.4240 | gan_g=+7.6606 | total_gen=+6.7786 | d_real=+0.0422 | d_fake=+0.5117 | gnG=128.97 | gnD=8.71
it  59350/150000 | 3.04 it/s | λ_dis=0.800 | lr=7.0e-05 | mse=+0.1410 | ea_dists=+0.4727 | id=+0.4007 | gan_g=+8.0779 | total_gen=+7.1162 | d_real=+0.1872 | d_fake=+0.4929 | gnG=136.41 | gnD=21.62
it  59400/150000 | 3.11 it/s | λ_dis=0.800 | lr=7.0e-05 | mse=+0.1365 | ea_dists=+0.4729 | id=+0.4059 | gan_g=+8.2699 | total_gen=+7.2660 | d_real=+0.2196 | d_fake=+0.4776 | gnG=128.99 | gnD=23.39
it  59450/150000 | 3.06 it/s | λ_dis=0.800 | lr=7.0e-05 | mse=+0.1196 | ea_dists=+0.4532 | id=+0.3847 | gan_g=+8.0917 | total_gen=+7.0847 | d_real=+0.0434 | d_fake=+0.6153 | gnG=138.40 | gnD=20.26
it  59500/150000 | 3.10 it/s | λ_dis=0.800 | lr=7.0e-05 | mse=+0.1260 | ea_dists=+0.4690 | id=+0.4083 | gan_g=+7.6022 | total_gen=+6.7175 | d_real=+0.0947 | d_fake=+0.6122 | gnG=127.92 | gnD=17.89
it  59550/150000 | 3.06 it/s | λ_dis=0.800 | lr=7.0e-05 | mse=+0.1116 | ea_dists=+0.4597 | id=+0.3859 | gan_g=+7.9626 | total_gen=+6.9800 | d_real=+0.1669 | d_fake=+0.6548 | gnG=83.12 | gnD=30.04
it  59600/150000 | 3.12 it/s | λ_dis=0.800 | lr=7.0e-05 | mse=+0.1145 | ea_dists=+0.4661 | id=+0.3882 | gan_g=+7.5863 | total_gen=+6.6884 | d_real=+0.2075 | d_fake=+0.6313 | gnG=449.39 | gnD=25.84
it  59650/150000 | 3.05 it/s | λ_dis=0.800 | lr=7.0e-05 | mse=+0.1240 | ea_dists=+0.4630 | id=+0.3930 | gan_g=+8.0102 | total_gen=+7.0345 | d_real=+0.1599 | d_fake=+0.4841 | gnG=164.89 | gnD=26.06
it  59700/150000 | 3.11 it/s | λ_dis=0.800 | lr=7.0e-05 | mse=+0.1128 | ea_dists=+0.4689 | id=+0.3785 | gan_g=+8.6106 | total_gen=+7.5080 | d_real=+0.1928 | d_fake=+0.3784 | gnG=144.57 | gnD=27.05
it  59750/150000 | 3.10 it/s | λ_dis=0.800 | lr=7.0e-05 | mse=+0.1216 | ea_dists=+0.4627 | id=+0.3943 | gan_g=+7.5805 | total_gen=+6.6881 | d_real=+0.2316 | d_fake=+0.6530 | gnG=88.01 | gnD=36.29
it  59800/150000 | 3.15 it/s | λ_dis=0.800 | lr=7.0e-05 | mse=+0.1112 | ea_dists=+0.4642 | id=+0.3812 | gan_g=+6.7438 | total_gen=+6.0085 | d_real=+0.1794 | d_fake=+0.7818 | gnG=135.44 | gnD=34.74
it  59850/150000 | 3.05 it/s | λ_dis=0.800 | lr=7.0e-05 | mse=+0.1352 | ea_dists=+0.4608 | id=+0.3819 | gan_g=+7.6904 | total_gen=+6.7865 | d_real=+0.0685 | d_fake=+0.4323 | gnG=218.59 | gnD=17.30
it  59900/150000 | 3.10 it/s | λ_dis=0.800 | lr=7.0e-05 | mse=+0.1225 | ea_dists=+0.4622 | id=+0.3752 | gan_g=+7.3878 | total_gen=+6.5324 | d_real=+0.2001 | d_fake=+0.5663 | gnG=100.52 | gnD=35.10
it  59950/150000 | 3.06 it/s | λ_dis=0.800 | lr=6.9e-05 | mse=+0.1068 | ea_dists=+0.4584 | id=+0.3929 | gan_g=+8.0494 | total_gen=+7.0440 | d_real=+0.1269 | d_fake=+0.6262 | gnG=139.45 | gnD=13.62
it  60000/150000 | 3.08 it/s | λ_dis=0.800 | lr=6.9e-05 | mse=+0.1156 | ea_dists=+0.4563 | id=+0.3877 | gan_g=+8.0330 | total_gen=+7.0371 | d_real=+0.2682 | d_fake=+0.7470 | gnG=122.89 | gnD=37.32
  [iter 60000] saved sample → /projectnb/cs585/projects/craft/samples_stage2/iter_0060000.png
  [iter 60000] saved ckpt → /projectnb/cs585/projects/craft/checkpoints_stage2/iter_0060000.pt
it  60050/150000 | 2.65 it/s | λ_dis=0.800 | lr=6.9e-05 | mse=+0.1174 | ea_dists=+0.4571 | id=+0.3930 | gan_g=+7.4144 | total_gen=+6.5453 | d_real=+0.1985 | d_fake=+0.5488 | gnG=267.23 | gnD=30.20
it  60100/150000 | 3.11 it/s | λ_dis=0.800 | lr=6.9e-05 | mse=+0.1353 | ea_dists=+0.4727 | id=+0.3676 | gan_g=+8.4604 | total_gen=+7.4130 | d_real=+0.0280 | d_fake=+0.6224 | gnG=209.26 | gnD=17.84
it  60150/150000 | 3.06 it/s | λ_dis=0.800 | lr=6.9e-05 | mse=+0.1175 | ea_dists=+0.4616 | id=+0.3863 | gan_g=+7.8673 | total_gen=+6.9115 | d_real=+0.1687 | d_fake=+0.5421 | gnG=128.27 | gnD=29.76
it  60200/150000 | 3.08 it/s | λ_dis=0.800 | lr=6.9e-05 | mse=+0.1195 | ea_dists=+0.4604 | id=+0.3555 | gan_g=+7.1507 | total_gen=+6.3360 | d_real=+0.2405 | d_fake=+0.6977 | gnG=174.24 | gnD=28.01
it  60250/150000 | 3.03 it/s | λ_dis=0.800 | lr=6.9e-05 | mse=+0.1257 | ea_dists=+0.4693 | id=+0.3861 | gan_g=+8.2255 | total_gen=+7.2141 | d_real=+0.1353 | d_fake=+0.5129 | gnG=121.86 | gnD=21.28
it  60300/150000 | 3.10 it/s | λ_dis=0.800 | lr=6.9e-05 | mse=+0.1157 | ea_dists=+0.4686 | id=+0.4400 | gan_g=+7.6046 | total_gen=+6.7120 | d_real=+0.2168 | d_fake=+0.7787 | gnG=127.19 | gnD=42.27
it  60350/150000 | 3.05 it/s | λ_dis=0.800 | lr=6.9e-05 | mse=+0.1251 | ea_dists=+0.4651 | id=+0.3806 | gan_g=+8.3499 | total_gen=+7.3081 | d_real=+0.1017 | d_fake=+0.4634 | gnG=158.36 | gnD=24.02
it  60400/150000 | 3.07 it/s | λ_dis=0.800 | lr=6.9e-05 | mse=+0.1149 | ea_dists=+0.4573 | id=+0.3751 | gan_g=+7.7820 | total_gen=+6.8353 | d_real=+0.1957 | d_fake=+0.7172 | gnG=193.57 | gnD=30.00
it  60450/150000 | 3.06 it/s | λ_dis=0.800 | lr=6.9e-05 | mse=+0.1145 | ea_dists=+0.4599 | id=+0.3790 | gan_g=+7.1402 | total_gen=+6.3244 | d_real=+0.0627 | d_fake=+0.5807 | gnG=171.36 | gnD=17.05
it  60500/150000 | 3.10 it/s | λ_dis=0.800 | lr=6.9e-05 | mse=+0.1283 | ea_dists=+0.4641 | id=+0.3918 | gan_g=+8.0292 | total_gen=+7.0549 | d_real=+0.1293 | d_fake=+0.4539 | gnG=171.12 | gnD=28.92
it  60550/150000 | 3.09 it/s | λ_dis=0.800 | lr=6.9e-05 | mse=+0.1237 | ea_dists=+0.4697 | id=+0.4081 | gan_g=+7.7584 | total_gen=+6.8409 | d_real=+0.1491 | d_fake=+0.5554 | gnG=173.19 | gnD=29.09
it  60600/150000 | 3.14 it/s | λ_dis=0.800 | lr=6.9e-05 | mse=+0.1233 | ea_dists=+0.4627 | id=+0.3685 | gan_g=+8.0189 | total_gen=+7.0379 | d_real=+0.0709 | d_fake=+0.6970 | gnG=174.88 | gnD=20.70
it  60650/150000 | 3.08 it/s | λ_dis=0.800 | lr=6.9e-05 | mse=+0.1170 | ea_dists=+0.4659 | id=+0.3904 | gan_g=+7.5797 | total_gen=+6.6857 | d_real=+0.2021 | d_fake=+0.5325 | gnG=126.71 | gnD=29.15
it  60700/150000 | 3.14 it/s | λ_dis=0.800 | lr=6.9e-05 | mse=+0.1407 | ea_dists=+0.4727 | id=+0.4022 | gan_g=+7.8869 | total_gen=+6.9631 | d_real=+0.2414 | d_fake=+0.5350 | gnG=113.45 | gnD=49.50
it  60750/150000 | 3.09 it/s | λ_dis=0.800 | lr=6.9e-05 | mse=+0.1215 | ea_dists=+0.4696 | id=+0.3881 | gan_g=+7.9447 | total_gen=+6.9857 | d_real=+0.3822 | d_fake=+0.7334 | gnG=135.18 | gnD=33.51
it  60800/150000 | 3.11 it/s | λ_dis=0.800 | lr=6.9e-05 | mse=+0.1272 | ea_dists=+0.4694 | id=+0.3967 | gan_g=+7.2941 | total_gen=+6.4715 | d_real=+0.3787 | d_fake=+0.4643 | gnG=108.96 | gnD=32.92
it  60850/150000 | 3.08 it/s | λ_dis=0.800 | lr=6.9e-05 | mse=+0.1189 | ea_dists=+0.4698 | id=+0.3961 | gan_g=+6.4820 | total_gen=+5.8138 | d_real=+0.3155 | d_fake=+0.4714 | gnG=106.90 | gnD=63.01
it  60900/150000 | 3.06 it/s | λ_dis=0.800 | lr=6.9e-05 | mse=+0.1204 | ea_dists=+0.4657 | id=+0.3662 | gan_g=+6.7568 | total_gen=+6.0282 | d_real=+0.1688 | d_fake=+0.7517 | gnG=148.27 | gnD=33.40
it  60950/150000 | 3.06 it/s | λ_dis=0.800 | lr=6.9e-05 | mse=+0.1191 | ea_dists=+0.4662 | id=+0.3985 | gan_g=+7.2778 | total_gen=+6.4474 | d_real=+0.1798 | d_fake=+0.4610 | gnG=141.21 | gnD=30.38
it  61000/150000 | 3.10 it/s | λ_dis=0.800 | lr=6.9e-05 | mse=+0.1159 | ea_dists=+0.4645 | id=+0.3848 | gan_g=+7.4300 | total_gen=+6.5629 | d_real=+0.1931 | d_fake=+0.8362 | gnG=170.59 | gnD=44.98
it  61050/150000 | 3.07 it/s | λ_dis=0.800 | lr=6.8e-05 | mse=+0.1143 | ea_dists=+0.4652 | id=+0.3647 | gan_g=+7.4447 | total_gen=+6.5717 | d_real=+0.1036 | d_fake=+0.5768 | gnG=128.60 | gnD=31.90
it  61100/150000 | 3.11 it/s | λ_dis=0.800 | lr=6.8e-05 | mse=+0.1147 | ea_dists=+0.4654 | id=+0.3980 | gan_g=+7.0349 | total_gen=+6.2478 | d_real=+0.2603 | d_fake=+0.7888 | gnG=147.71 | gnD=42.37
it  61150/150000 | 3.05 it/s | λ_dis=0.800 | lr=6.8e-05 | mse=+0.1149 | ea_dists=+0.4643 | id=+0.4109 | gan_g=+6.9160 | total_gen=+6.1531 | d_real=+0.1166 | d_fake=+0.5113 | gnG=148.57 | gnD=21.00
it  61200/150000 | 3.14 it/s | λ_dis=0.800 | lr=6.8e-05 | mse=+0.1341 | ea_dists=+0.4690 | id=+0.4329 | gan_g=+6.9035 | total_gen=+6.1692 | d_real=+0.2010 | d_fake=+0.5714 | gnG=163.76 | gnD=26.77
it  61250/150000 | 3.08 it/s | λ_dis=0.800 | lr=6.8e-05 | mse=+0.1340 | ea_dists=+0.4783 | id=+0.3951 | gan_g=+7.2723 | total_gen=+6.4696 | d_real=+0.1151 | d_fake=+0.5934 | gnG=113.27 | gnD=35.23
it  61300/150000 | 3.13 it/s | λ_dis=0.800 | lr=6.8e-05 | mse=+0.1092 | ea_dists=+0.4637 | id=+0.3787 | gan_g=+7.1772 | total_gen=+6.3526 | d_real=+0.3546 | d_fake=+0.4794 | gnG=165.15 | gnD=28.50
it  61350/150000 | 3.08 it/s | λ_dis=0.800 | lr=6.8e-05 | mse=+0.1260 | ea_dists=+0.4618 | id=+0.3848 | gan_g=+7.4691 | total_gen=+6.6016 | d_real=+0.0787 | d_fake=+0.7084 | gnG=114.26 | gnD=20.66
it  61400/150000 | 3.10 it/s | λ_dis=0.800 | lr=6.8e-05 | mse=+0.1270 | ea_dists=+0.4732 | id=+0.4142 | gan_g=+7.7300 | total_gen=+6.8256 | d_real=+0.1292 | d_fake=+0.3555 | gnG=105.43 | gnD=39.87
it  61450/150000 | 3.07 it/s | λ_dis=0.800 | lr=6.8e-05 | mse=+0.1249 | ea_dists=+0.4662 | id=+0.3913 | gan_g=+8.2158 | total_gen=+7.2029 | d_real=+0.1547 | d_fake=+0.5666 | gnG=99.37 | gnD=37.35
it  61500/150000 | 3.10 it/s | λ_dis=0.800 | lr=6.8e-05 | mse=+0.1210 | ea_dists=+0.4637 | id=+0.3882 | gan_g=+7.6943 | total_gen=+6.7790 | d_real=+0.0715 | d_fake=+0.6713 | gnG=95.83 | gnD=30.05
it  61550/150000 | 3.08 it/s | λ_dis=0.800 | lr=6.8e-05 | mse=+0.1174 | ea_dists=+0.4696 | id=+0.3659 | gan_g=+8.3737 | total_gen=+7.3226 | d_real=+0.2698 | d_fake=+0.4119 | gnG=189.35 | gnD=48.20
it  61600/150000 | 3.13 it/s | λ_dis=0.800 | lr=6.8e-05 | mse=+0.1343 | ea_dists=+0.4646 | id=+0.4205 | gan_g=+8.6001 | total_gen=+7.5210 | d_real=+0.4256 | d_fake=+0.4247 | gnG=90.33 | gnD=46.60
it  61650/150000 | 3.05 it/s | λ_dis=0.800 | lr=6.8e-05 | mse=+0.1363 | ea_dists=+0.4751 | id=+0.4044 | gan_g=+7.8419 | total_gen=+6.9253 | d_real=+0.1080 | d_fake=+0.6035 | gnG=112.05 | gnD=26.89
it  61700/150000 | 3.11 it/s | λ_dis=0.800 | lr=6.8e-05 | mse=+0.1182 | ea_dists=+0.4595 | id=+0.4427 | gan_g=+6.7184 | total_gen=+5.9967 | d_real=+0.1248 | d_fake=+0.9237 | gnG=180.75 | gnD=24.76
it  61750/150000 | 3.07 it/s | λ_dis=0.800 | lr=6.8e-05 | mse=+0.1234 | ea_dists=+0.4742 | id=+0.4224 | gan_g=+7.7430 | total_gen=+6.8343 | d_real=+0.1898 | d_fake=+0.3475 | gnG=153.32 | gnD=22.11
it  61800/150000 | 3.13 it/s | λ_dis=0.800 | lr=6.8e-05 | mse=+0.1213 | ea_dists=+0.4686 | id=+0.4143 | gan_g=+7.6992 | total_gen=+6.7908 | d_real=+0.1542 | d_fake=+0.5795 | gnG=209.80 | gnD=33.66
it  61850/150000 | 3.06 it/s | λ_dis=0.800 | lr=6.8e-05 | mse=+0.1125 | ea_dists=+0.4604 | id=+0.3757 | gan_g=+7.0942 | total_gen=+6.2859 | d_real=+0.1339 | d_fake=+0.6144 | gnG=169.08 | gnD=34.17
it  61900/150000 | 3.09 it/s | λ_dis=0.800 | lr=6.8e-05 | mse=+0.1182 | ea_dists=+0.4621 | id=+0.4147 | gan_g=+7.9499 | total_gen=+6.9817 | d_real=+0.1751 | d_fake=+0.4385 | gnG=124.77 | gnD=31.47
it  61950/150000 | 3.07 it/s | λ_dis=0.800 | lr=6.8e-05 | mse=+0.1061 | ea_dists=+0.4616 | id=+0.3871 | gan_g=+6.5562 | total_gen=+5.8513 | d_real=+0.0930 | d_fake=+0.8001 | gnG=147.06 | gnD=35.14
it  62000/150000 | 3.12 it/s | λ_dis=0.800 | lr=6.8e-05 | mse=+0.1185 | ea_dists=+0.4646 | id=+0.3967 | gan_g=+7.6983 | total_gen=+6.7815 | d_real=+0.1275 | d_fake=+0.5905 | gnG=206.93 | gnD=21.89
  [iter 62000] saved sample → /projectnb/cs585/projects/craft/samples_stage2/iter_0062000.png
it  62050/150000 | 2.67 it/s | λ_dis=0.800 | lr=6.8e-05 | mse=+0.1136 | ea_dists=+0.4665 | id=+0.4140 | gan_g=+7.9026 | total_gen=+6.9436 | d_real=+0.3084 | d_fake=+0.6522 | gnG=133.45 | gnD=48.32
it  62100/150000 | 3.09 it/s | λ_dis=0.800 | lr=6.8e-05 | mse=+0.1167 | ea_dists=+0.4710 | id=+0.4186 | gan_g=+6.7726 | total_gen=+6.0476 | d_real=+0.2368 | d_fake=+0.7658 | gnG=181.71 | gnD=36.52
it  62150/150000 | 3.07 it/s | λ_dis=0.800 | lr=6.8e-05 | mse=+0.1211 | ea_dists=+0.4726 | id=+0.4281 | gan_g=+6.5841 | total_gen=+5.9039 | d_real=+0.1818 | d_fake=+0.6865 | gnG=167.00 | gnD=31.14
it  62200/150000 | 3.12 it/s | λ_dis=0.800 | lr=6.7e-05 | mse=+0.1162 | ea_dists=+0.4638 | id=+0.4127 | gan_g=+6.4498 | total_gen=+5.7810 | d_real=+0.4290 | d_fake=+0.5332 | gnG=143.61 | gnD=39.94
it  62250/150000 | 3.08 it/s | λ_dis=0.800 | lr=6.7e-05 | mse=+0.1177 | ea_dists=+0.4705 | id=+0.4061 | gan_g=+5.7543 | total_gen=+5.2323 | d_real=+0.2374 | d_fake=+0.5739 | gnG=129.46 | gnD=30.85
it  62300/150000 | 3.13 it/s | λ_dis=0.800 | lr=6.7e-05 | mse=+0.1313 | ea_dists=+0.4773 | id=+0.4044 | gan_g=+6.4753 | total_gen=+5.8292 | d_real=+0.2038 | d_fake=+0.4697 | gnG=162.60 | gnD=39.37
it  62350/150000 | 3.09 it/s | λ_dis=0.800 | lr=6.7e-05 | mse=+0.1234 | ea_dists=+0.4756 | id=+0.4117 | gan_g=+7.0753 | total_gen=+6.3004 | d_real=+0.1501 | d_fake=+0.5545 | gnG=121.53 | gnD=39.20
it  62400/150000 | 3.10 it/s | λ_dis=0.800 | lr=6.7e-05 | mse=+0.1289 | ea_dists=+0.4754 | id=+0.4123 | gan_g=+7.0989 | total_gen=+6.3246 | d_real=+0.2020 | d_fake=+0.5928 | gnG=119.34 | gnD=32.13
it  62450/150000 | 3.08 it/s | λ_dis=0.800 | lr=6.7e-05 | mse=+0.1192 | ea_dists=+0.4710 | id=+0.4226 | gan_g=+6.9998 | total_gen=+6.2323 | d_real=+0.0438 | d_fake=+0.6266 | gnG=178.65 | gnD=21.95
it  62500/150000 | 3.14 it/s | λ_dis=0.800 | lr=6.7e-05 | mse=+0.1210 | ea_dists=+0.4634 | id=+0.4006 | gan_g=+8.0783 | total_gen=+7.0870 | d_real=+0.0860 | d_fake=+0.4802 | gnG=140.99 | gnD=30.39
it  62550/150000 | 3.13 it/s | λ_dis=0.800 | lr=6.7e-05 | mse=+0.1186 | ea_dists=+0.4728 | id=+0.3955 | gan_g=+7.6388 | total_gen=+6.7420 | d_real=+0.0730 | d_fake=+0.6534 | gnG=145.00 | gnD=19.17
it  62600/150000 | 3.10 it/s | λ_dis=0.800 | lr=6.7e-05 | mse=+0.1062 | ea_dists=+0.4555 | id=+0.4141 | gan_g=+7.5675 | total_gen=+6.6571 | d_real=+0.1853 | d_fake=+0.4003 | gnG=167.22 | gnD=47.35
it  62650/150000 | 3.08 it/s | λ_dis=0.800 | lr=6.7e-05 | mse=+0.1255 | ea_dists=+0.4645 | id=+0.4094 | gan_g=+7.6022 | total_gen=+6.7126 | d_real=+0.2394 | d_fake=+0.6001 | gnG=262.77 | gnD=33.75
it  62700/150000 | 3.12 it/s | λ_dis=0.800 | lr=6.7e-05 | mse=+0.1272 | ea_dists=+0.4657 | id=+0.4062 | gan_g=+8.1601 | total_gen=+7.1615 | d_real=+0.1713 | d_fake=+0.4165 | gnG=167.13 | gnD=14.95
it  62750/150000 | 3.13 it/s | λ_dis=0.800 | lr=6.7e-05 | mse=+0.1186 | ea_dists=+0.4606 | id=+0.4066 | gan_g=+7.1121 | total_gen=+6.3096 | d_real=+0.3042 | d_fake=+0.8896 | gnG=192.72 | gnD=44.65
it  62800/150000 | 3.09 it/s | λ_dis=0.800 | lr=6.7e-05 | mse=+0.1177 | ea_dists=+0.4703 | id=+0.4043 | gan_g=+7.0741 | total_gen=+6.2878 | d_real=+0.1458 | d_fake=+0.6189 | gnG=166.40 | gnD=29.83
it  62850/150000 | 3.09 it/s | λ_dis=0.800 | lr=6.7e-05 | mse=+0.1255 | ea_dists=+0.4612 | id=+0.3992 | gan_g=+6.9091 | total_gen=+6.1539 | d_real=+0.1696 | d_fake=+0.6285 | gnG=129.27 | gnD=34.11
it  62900/150000 | 3.09 it/s | λ_dis=0.800 | lr=6.7e-05 | mse=+0.1288 | ea_dists=+0.4732 | id=+0.3722 | gan_g=+7.6258 | total_gen=+6.7398 | d_real=+0.1365 | d_fake=+0.4569 | gnG=134.77 | gnD=28.40
it  62950/150000 | 3.09 it/s | λ_dis=0.800 | lr=6.7e-05 | mse=+0.1235 | ea_dists=+0.4735 | id=+0.4197 | gan_g=+7.8062 | total_gen=+6.8839 | d_real=+0.2168 | d_fake=+0.5164 | gnG=179.07 | gnD=33.54
it  63000/150000 | 3.05 it/s | λ_dis=0.800 | lr=6.7e-05 | mse=+0.1161 | ea_dists=+0.4669 | id=+0.4055 | gan_g=+7.5363 | total_gen=+6.6526 | d_real=+0.0362 | d_fake=+0.6818 | gnG=143.84 | gnD=27.28
it  63050/150000 | 3.07 it/s | λ_dis=0.800 | lr=6.7e-05 | mse=+0.1123 | ea_dists=+0.4658 | id=+0.3732 | gan_g=+7.6227 | total_gen=+6.7136 | d_real=+0.4299 | d_fake=+0.3943 | gnG=231.24 | gnD=72.73
it  63100/150000 | 3.07 it/s | λ_dis=0.800 | lr=6.7e-05 | mse=+0.1339 | ea_dists=+0.4835 | id=+0.3962 | gan_g=+5.7771 | total_gen=+5.2787 | d_real=+0.3292 | d_fake=+0.7247 | gnG=75.63 | gnD=25.99
it  63150/150000 | 3.15 it/s | λ_dis=0.800 | lr=6.7e-05 | mse=+0.1129 | ea_dists=+0.4754 | id=+0.4158 | gan_g=+5.1102 | total_gen=+4.7180 | d_real=+0.2297 | d_fake=+0.6235 | gnG=105.42 | gnD=31.11
it  63200/150000 | 3.08 it/s | λ_dis=0.800 | lr=6.7e-05 | mse=+0.1081 | ea_dists=+0.4730 | id=+0.3930 | gan_g=+6.2175 | total_gen=+5.5944 | d_real=+0.3270 | d_fake=+0.4540 | gnG=130.05 | gnD=32.02
it  63250/150000 | 3.11 it/s | λ_dis=0.800 | lr=6.6e-05 | mse=+0.1172 | ea_dists=+0.4747 | id=+0.4158 | gan_g=+6.2620 | total_gen=+5.6431 | d_real=+0.1023 | d_fake=+0.7063 | gnG=160.46 | gnD=23.71
it  63300/150000 | 3.04 it/s | λ_dis=0.800 | lr=6.6e-05 | mse=+0.1102 | ea_dists=+0.4707 | id=+0.4069 | gan_g=+6.6735 | total_gen=+5.9604 | d_real=+0.2399 | d_fake=+0.4907 | gnG=152.92 | gnD=29.15
it  63350/150000 | 3.10 it/s | λ_dis=0.800 | lr=6.6e-05 | mse=+0.1116 | ea_dists=+0.4643 | id=+0.4122 | gan_g=+5.9128 | total_gen=+5.3474 | d_real=+0.3203 | d_fake=+0.7867 | gnG=181.30 | gnD=41.69
it  63400/150000 | 3.06 it/s | λ_dis=0.800 | lr=6.6e-05 | mse=+0.1172 | ea_dists=+0.4724 | id=+0.4270 | gan_g=+7.0145 | total_gen=+6.2439 | d_real=+0.2065 | d_fake=+0.5230 | gnG=63.78 | gnD=40.75
it  63450/150000 | 3.13 it/s | λ_dis=0.800 | lr=6.6e-05 | mse=+0.1183 | ea_dists=+0.4550 | id=+0.4287 | gan_g=+6.6082 | total_gen=+5.9027 | d_real=+0.1931 | d_fake=+0.6103 | gnG=113.13 | gnD=25.93
it  63500/150000 | 3.07 it/s | λ_dis=0.800 | lr=6.6e-05 | mse=+0.1212 | ea_dists=+0.4705 | id=+0.4286 | gan_g=+7.3743 | total_gen=+6.5340 | d_real=+0.3301 | d_fake=+0.4591 | gnG=88.57 | gnD=28.63
it  63550/150000 | 3.10 it/s | λ_dis=0.800 | lr=6.6e-05 | mse=+0.1226 | ea_dists=+0.4745 | id=+0.3883 | gan_g=+6.9640 | total_gen=+6.2072 | d_real=+0.2149 | d_fake=+0.4433 | gnG=97.00 | gnD=40.07
it  63600/150000 | 3.07 it/s | λ_dis=0.800 | lr=6.6e-05 | mse=+0.1151 | ea_dists=+0.4603 | id=+0.4171 | gan_g=+6.3578 | total_gen=+5.7033 | d_real=+0.1988 | d_fake=+0.6894 | gnG=172.13 | gnD=34.25
it  63650/150000 | 3.10 it/s | λ_dis=0.800 | lr=6.6e-05 | mse=+0.1337 | ea_dists=+0.4768 | id=+0.4312 | gan_g=+6.7655 | total_gen=+6.0660 | d_real=+0.1025 | d_fake=+0.4599 | gnG=142.70 | gnD=29.40
it  63700/150000 | 3.04 it/s | λ_dis=0.800 | lr=6.6e-05 | mse=+0.1211 | ea_dists=+0.4595 | id=+0.3955 | gan_g=+6.9192 | total_gen=+6.1555 | d_real=+0.1720 | d_fake=+0.5131 | gnG=137.20 | gnD=35.33
it  63750/150000 | 3.08 it/s | λ_dis=0.800 | lr=6.6e-05 | mse=+0.1224 | ea_dists=+0.4690 | id=+0.3798 | gan_g=+8.0311 | total_gen=+7.0543 | d_real=+0.0464 | d_fake=+0.4241 | gnG=59.94 | gnD=18.65
it  63800/150000 | 3.06 it/s | λ_dis=0.800 | lr=6.6e-05 | mse=+0.1272 | ea_dists=+0.4628 | id=+0.3977 | gan_g=+7.7796 | total_gen=+6.8535 | d_real=+0.6506 | d_fake=+0.5260 | gnG=104.19 | gnD=48.26
it  63850/150000 | 3.06 it/s | λ_dis=0.800 | lr=6.6e-05 | mse=+0.1422 | ea_dists=+0.4634 | id=+0.4265 | gan_g=+7.3113 | total_gen=+6.4973 | d_real=+0.2546 | d_fake=+0.7077 | gnG=177.24 | gnD=41.84
it  63900/150000 | 3.05 it/s | λ_dis=0.800 | lr=6.6e-05 | mse=+0.1315 | ea_dists=+0.4643 | id=+0.3919 | gan_g=+6.9742 | total_gen=+6.2143 | d_real=+0.2279 | d_fake=+0.5465 | gnG=189.22 | gnD=30.52
it  63950/150000 | 3.08 it/s | λ_dis=0.800 | lr=6.6e-05 | mse=+0.1302 | ea_dists=+0.4778 | id=+0.4098 | gan_g=+7.0543 | total_gen=+6.2924 | d_real=+0.3351 | d_fake=+0.5664 | gnG=154.72 | gnD=40.83
it  64000/150000 | 3.07 it/s | λ_dis=0.800 | lr=6.6e-05 | mse=+0.1211 | ea_dists=+0.4648 | id=+0.3891 | gan_g=+6.9348 | total_gen=+6.1728 | d_real=+0.1955 | d_fake=+0.5428 | gnG=167.95 | gnD=40.55
  [iter 64000] saved sample → /projectnb/cs585/projects/craft/samples_stage2/iter_0064000.png
it  64050/150000 | 2.74 it/s | λ_dis=0.800 | lr=6.6e-05 | mse=+0.1112 | ea_dists=+0.4579 | id=+0.3819 | gan_g=+6.8894 | total_gen=+6.1189 | d_real=+0.1490 | d_fake=+0.6617 | gnG=141.62 | gnD=39.62
it  64100/150000 | 3.11 it/s | λ_dis=0.800 | lr=6.6e-05 | mse=+0.1207 | ea_dists=+0.4689 | id=+0.4200 | gan_g=+7.3888 | total_gen=+6.5426 | d_real=+0.2833 | d_fake=+0.4418 | gnG=138.03 | gnD=24.38
it  64150/150000 | 3.10 it/s | λ_dis=0.800 | lr=6.6e-05 | mse=+0.1244 | ea_dists=+0.4668 | id=+0.3823 | gan_g=+7.1059 | total_gen=+6.3141 | d_real=+0.2426 | d_fake=+0.5979 | gnG=171.26 | gnD=17.23
it  64200/150000 | 3.04 it/s | λ_dis=0.800 | lr=6.6e-05 | mse=+0.1271 | ea_dists=+0.4699 | id=+0.4151 | gan_g=+6.7712 | total_gen=+6.0555 | d_real=+0.1403 | d_fake=+0.5794 | gnG=137.27 | gnD=18.45
it  64250/150000 | 3.14 it/s | λ_dis=0.800 | lr=6.6e-05 | mse=+0.1327 | ea_dists=+0.4762 | id=+0.4369 | gan_g=+7.2246 | total_gen=+6.4323 | d_real=+0.1828 | d_fake=+0.6554 | gnG=120.78 | gnD=20.57
it  64300/150000 | 3.09 it/s | λ_dis=0.800 | lr=6.6e-05 | mse=+0.1262 | ea_dists=+0.4685 | id=+0.4069 | gan_g=+7.5529 | total_gen=+6.6777 | d_real=+0.1662 | d_fake=+0.4633 | gnG=135.94 | gnD=27.61
it  64350/150000 | 3.12 it/s | λ_dis=0.800 | lr=6.5e-05 | mse=+0.1163 | ea_dists=+0.4618 | id=+0.3959 | gan_g=+7.3683 | total_gen=+6.5124 | d_real=+0.1849 | d_fake=+0.4313 | gnG=245.23 | gnD=32.09
it  64400/150000 | 3.07 it/s | λ_dis=0.800 | lr=6.5e-05 | mse=+0.1224 | ea_dists=+0.4659 | id=+0.4034 | gan_g=+7.7333 | total_gen=+6.8152 | d_real=+0.2417 | d_fake=+0.4880 | gnG=111.97 | gnD=35.21
it  64450/150000 | 3.10 it/s | λ_dis=0.800 | lr=6.5e-05 | mse=+0.1263 | ea_dists=+0.4693 | id=+0.4101 | gan_g=+6.9214 | total_gen=+6.1737 | d_real=+0.2608 | d_fake=+0.5661 | gnG=152.43 | gnD=38.39
it  64500/150000 | 3.07 it/s | λ_dis=0.800 | lr=6.5e-05 | mse=+0.1293 | ea_dists=+0.4696 | id=+0.3862 | gan_g=+7.4187 | total_gen=+6.5724 | d_real=+0.2480 | d_fake=+0.5251 | gnG=69.14 | gnD=22.24
it  64550/150000 | 3.15 it/s | λ_dis=0.800 | lr=6.5e-05 | mse=+0.1198 | ea_dists=+0.4648 | id=+0.4124 | gan_g=+6.8023 | total_gen=+6.0678 | d_real=+0.2833 | d_fake=+0.5170 | gnG=204.87 | gnD=45.94
it  64600/150000 | 3.09 it/s | λ_dis=0.800 | lr=6.5e-05 | mse=+0.1136 | ea_dists=+0.4557 | id=+0.3940 | gan_g=+7.1980 | total_gen=+6.3671 | d_real=+0.1190 | d_fake=+0.6843 | gnG=131.95 | gnD=34.61
it  64650/150000 | 3.15 it/s | λ_dis=0.800 | lr=6.5e-05 | mse=+0.1234 | ea_dists=+0.4617 | id=+0.4071 | gan_g=+7.5252 | total_gen=+6.6460 | d_real=+0.2059 | d_fake=+0.4695 | gnG=196.93 | gnD=43.90
it  64700/150000 | 3.10 it/s | λ_dis=0.800 | lr=6.5e-05 | mse=+0.1274 | ea_dists=+0.4714 | id=+0.3932 | gan_g=+7.5004 | total_gen=+6.6384 | d_real=+0.0709 | d_fake=+0.6649 | gnG=157.49 | gnD=40.31
it  64750/150000 | 3.14 it/s | λ_dis=0.800 | lr=6.5e-05 | mse=+0.1350 | ea_dists=+0.4690 | id=+0.4101 | gan_g=+7.4033 | total_gen=+6.5677 | d_real=+0.2491 | d_fake=+0.5231 | gnG=169.53 | gnD=41.19
it  64800/150000 | 3.11 it/s | λ_dis=0.800 | lr=6.5e-05 | mse=+0.1308 | ea_dists=+0.4608 | id=+0.4140 | gan_g=+7.3448 | total_gen=+6.5088 | d_real=+0.1227 | d_fake=+0.6484 | gnG=112.20 | gnD=33.28
it  64850/150000 | 3.11 it/s | λ_dis=0.800 | lr=6.5e-05 | mse=+0.1326 | ea_dists=+0.4598 | id=+0.4129 | gan_g=+7.5215 | total_gen=+6.6509 | d_real=+0.1714 | d_fake=+0.5594 | gnG=146.05 | gnD=44.61
it  64900/150000 | 3.10 it/s | λ_dis=0.800 | lr=6.5e-05 | mse=+0.1308 | ea_dists=+0.4731 | id=+0.4251 | gan_g=+7.5457 | total_gen=+6.6829 | d_real=+0.1451 | d_fake=+0.5558 | gnG=190.37 | gnD=42.18
it  64950/150000 | 3.14 it/s | λ_dis=0.800 | lr=6.5e-05 | mse=+0.1173 | ea_dists=+0.4688 | id=+0.3831 | gan_g=+7.3675 | total_gen=+6.5184 | d_real=+0.1540 | d_fake=+0.6351 | gnG=195.37 | gnD=36.00
it  65000/150000 | 3.10 it/s | λ_dis=0.800 | lr=6.5e-05 | mse=+0.1144 | ea_dists=+0.4605 | id=+0.3707 | gan_g=+8.0056 | total_gen=+7.0165 | d_real=+0.1971 | d_fake=+0.5830 | gnG=112.93 | gnD=47.81
  [iter 65000] saved ckpt → /projectnb/cs585/projects/craft/checkpoints_stage2/iter_0065000.pt
it  65050/150000 | 3.09 it/s | λ_dis=0.800 | lr=6.5e-05 | mse=+0.1055 | ea_dists=+0.4588 | id=+0.3836 | gan_g=+6.7563 | total_gen=+6.0077 | d_real=+0.2493 | d_fake=+0.7037 | gnG=205.98 | gnD=45.39
it  65100/150000 | 3.11 it/s | λ_dis=0.800 | lr=6.5e-05 | mse=+0.1226 | ea_dists=+0.4621 | id=+0.3980 | gan_g=+7.2838 | total_gen=+6.4515 | d_real=+0.1140 | d_fake=+0.6129 | gnG=145.78 | gnD=43.41
it  65150/150000 | 3.15 it/s | λ_dis=0.800 | lr=6.5e-05 | mse=+0.1182 | ea_dists=+0.4661 | id=+0.4079 | gan_g=+6.4254 | total_gen=+5.7655 | d_real=+0.2300 | d_fake=+0.5766 | gnG=138.57 | gnD=47.69
it  65200/150000 | 3.06 it/s | λ_dis=0.800 | lr=6.5e-05 | mse=+0.1129 | ea_dists=+0.4626 | id=+0.3899 | gan_g=+7.0072 | total_gen=+6.2202 | d_real=+0.3525 | d_fake=+0.7564 | gnG=184.10 | gnD=44.58
it  65250/150000 | 3.14 it/s | λ_dis=0.800 | lr=6.5e-05 | mse=+0.1224 | ea_dists=+0.4661 | id=+0.4118 | gan_g=+6.7863 | total_gen=+6.0587 | d_real=+0.2937 | d_fake=+0.3970 | gnG=108.34 | gnD=38.16
it  65300/150000 | 3.09 it/s | λ_dis=0.800 | lr=6.5e-05 | mse=+0.1156 | ea_dists=+0.4659 | id=+0.3943 | gan_g=+6.9657 | total_gen=+6.1934 | d_real=+0.0644 | d_fake=+0.6984 | gnG=127.56 | gnD=22.02
it  65350/150000 | 3.13 it/s | λ_dis=0.800 | lr=6.5e-05 | mse=+0.1096 | ea_dists=+0.4691 | id=+0.4137 | gan_g=+7.6069 | total_gen=+6.7056 | d_real=+0.2011 | d_fake=+0.3971 | gnG=223.32 | gnD=27.70
it  65400/150000 | 3.09 it/s | λ_dis=0.800 | lr=6.5e-05 | mse=+0.1151 | ea_dists=+0.4664 | id=+0.3777 | gan_g=+7.7187 | total_gen=+6.7942 | d_real=+0.2020 | d_fake=+0.6311 | gnG=185.41 | gnD=39.50
it  65450/150000 | 3.11 it/s | λ_dis=0.800 | lr=6.4e-05 | mse=+0.1090 | ea_dists=+0.4606 | id=+0.4080 | gan_g=+6.5657 | total_gen=+5.8629 | d_real=+0.2295 | d_fake=+0.7888 | gnG=143.00 | gnD=41.75
it  65500/150000 | 3.04 it/s | λ_dis=0.800 | lr=6.4e-05 | mse=+0.1097 | ea_dists=+0.4699 | id=+0.4135 | gan_g=+6.7221 | total_gen=+5.9986 | d_real=+0.2130 | d_fake=+0.7510 | gnG=278.82 | gnD=34.76
it  65550/150000 | 3.10 it/s | λ_dis=0.800 | lr=6.4e-05 | mse=+0.1067 | ea_dists=+0.4701 | id=+0.3801 | gan_g=+6.7284 | total_gen=+5.9975 | d_real=+0.3368 | d_fake=+0.5017 | gnG=123.61 | gnD=47.98
it  65600/150000 | 3.04 it/s | λ_dis=0.800 | lr=6.4e-05 | mse=+0.1127 | ea_dists=+0.4638 | id=+0.3808 | gan_g=+6.3119 | total_gen=+5.6641 | d_real=+0.1426 | d_fake=+0.6212 | gnG=128.62 | gnD=27.35
it  65650/150000 | 3.09 it/s | λ_dis=0.800 | lr=6.4e-05 | mse=+0.1160 | ea_dists=+0.4696 | id=+0.3897 | gan_g=+7.1138 | total_gen=+6.3156 | d_real=+0.1972 | d_fake=+0.5051 | gnG=137.79 | gnD=37.91
it  65700/150000 | 3.05 it/s | λ_dis=0.800 | lr=6.4e-05 | mse=+0.1284 | ea_dists=+0.4797 | id=+0.4140 | gan_g=+7.0563 | total_gen=+6.2946 | d_real=+0.2802 | d_fake=+0.6186 | gnG=93.87 | gnD=38.90
it  65750/150000 | 3.09 it/s | λ_dis=0.800 | lr=6.4e-05 | mse=+0.1334 | ea_dists=+0.4781 | id=+0.4086 | gan_g=+7.7422 | total_gen=+6.8461 | d_real=+0.1226 | d_fake=+0.4462 | gnG=122.68 | gnD=41.72
it  65800/150000 | 3.10 it/s | λ_dis=0.800 | lr=6.4e-05 | mse=+0.1258 | ea_dists=+0.4596 | id=+0.4038 | gan_g=+7.1352 | total_gen=+6.3339 | d_real=+0.2000 | d_fake=+0.6765 | gnG=172.74 | gnD=31.65
it  65850/150000 | 3.15 it/s | λ_dis=0.800 | lr=6.4e-05 | mse=+0.1181 | ea_dists=+0.4627 | id=+0.3883 | gan_g=+7.1680 | total_gen=+6.3540 | d_real=+0.1222 | d_fake=+0.7857 | gnG=182.95 | gnD=51.21
it  65900/150000 | 3.06 it/s | λ_dis=0.800 | lr=6.4e-05 | mse=+0.1096 | ea_dists=+0.4600 | id=+0.3983 | gan_g=+6.7561 | total_gen=+6.0143 | d_real=+0.1787 | d_fake=+0.7009 | gnG=183.20 | gnD=38.56
it  65950/150000 | 3.14 it/s | λ_dis=0.800 | lr=6.4e-05 | mse=+0.1175 | ea_dists=+0.4590 | id=+0.3951 | gan_g=+7.0970 | total_gen=+6.2936 | d_real=+0.1015 | d_fake=+0.6622 | gnG=107.24 | gnD=16.79
it  66000/150000 | 3.04 it/s | λ_dis=0.800 | lr=6.4e-05 | mse=+0.1208 | ea_dists=+0.4628 | id=+0.4267 | gan_g=+6.7705 | total_gen=+6.0428 | d_real=+0.2859 | d_fake=+0.7716 | gnG=65.92 | gnD=39.53
  [iter 66000] saved sample → /projectnb/cs585/projects/craft/samples_stage2/iter_0066000.png
it  66050/150000 | 2.71 it/s | λ_dis=0.800 | lr=6.4e-05 | mse=+0.1120 | ea_dists=+0.4558 | id=+0.3696 | gan_g=+6.7506 | total_gen=+6.0053 | d_real=+0.2504 | d_fake=+0.5293 | gnG=123.09 | gnD=42.58
it  66100/150000 | 3.05 it/s | λ_dis=0.800 | lr=6.4e-05 | mse=+0.1099 | ea_dists=+0.4577 | id=+0.3559 | gan_g=+7.2724 | total_gen=+6.4211 | d_real=+0.3473 | d_fake=+0.6680 | gnG=170.65 | gnD=42.63
it  66150/150000 | 3.05 it/s | λ_dis=0.800 | lr=6.4e-05 | mse=+0.1120 | ea_dists=+0.4683 | id=+0.3868 | gan_g=+6.6073 | total_gen=+5.9049 | d_real=+0.2339 | d_fake=+0.5411 | gnG=176.77 | gnD=33.98
it  66200/150000 | 3.06 it/s | λ_dis=0.800 | lr=6.4e-05 | mse=+0.1242 | ea_dists=+0.4688 | id=+0.3932 | gan_g=+6.7394 | total_gen=+6.0239 | d_real=+0.2835 | d_fake=+0.5832 | gnG=164.94 | gnD=36.41
it  66250/150000 | 3.09 it/s | λ_dis=0.800 | lr=6.4e-05 | mse=+0.1257 | ea_dists=+0.4741 | id=+0.3789 | gan_g=+7.5643 | total_gen=+6.6892 | d_real=+0.0719 | d_fake=+0.3557 | gnG=131.69 | gnD=21.13
it  66300/150000 | 3.04 it/s | λ_dis=0.800 | lr=6.4e-05 | mse=+0.1253 | ea_dists=+0.4711 | id=+0.4200 | gan_g=+7.1299 | total_gen=+6.3423 | d_real=+0.2750 | d_fake=+0.6447 | gnG=127.82 | gnD=49.28
it  66350/150000 | 3.10 it/s | λ_dis=0.800 | lr=6.4e-05 | mse=+0.1269 | ea_dists=+0.4745 | id=+0.3936 | gan_g=+7.2976 | total_gen=+6.4788 | d_real=+0.3234 | d_fake=+0.6464 | gnG=147.05 | gnD=40.76
it  66400/150000 | 3.06 it/s | λ_dis=0.800 | lr=6.4e-05 | mse=+0.1439 | ea_dists=+0.4843 | id=+0.4241 | gan_g=+6.9508 | total_gen=+6.2312 | d_real=+0.1472 | d_fake=+0.3529 | gnG=143.42 | gnD=26.86
it  66450/150000 | 3.09 it/s | λ_dis=0.800 | lr=6.4e-05 | mse=+0.1269 | ea_dists=+0.4845 | id=+0.3928 | gan_g=+6.8998 | total_gen=+6.1705 | d_real=+0.3034 | d_fake=+0.7507 | gnG=144.97 | gnD=43.50
it  66500/150000 | 3.08 it/s | λ_dis=0.800 | lr=6.3e-05 | mse=+0.1072 | ea_dists=+0.4582 | id=+0.3778 | gan_g=+5.9473 | total_gen=+5.3610 | d_real=+0.3589 | d_fake=+0.9359 | gnG=190.99 | gnD=53.88
it  66550/150000 | 3.04 it/s | λ_dis=0.800 | lr=6.3e-05 | mse=+0.1107 | ea_dists=+0.4691 | id=+0.3893 | gan_g=+7.1576 | total_gen=+6.3448 | d_real=+0.1011 | d_fake=+0.5113 | gnG=96.65 | gnD=20.73
it  66600/150000 | 3.05 it/s | λ_dis=0.800 | lr=6.3e-05 | mse=+0.1133 | ea_dists=+0.4650 | id=+0.3921 | gan_g=+7.0253 | total_gen=+6.2376 | d_real=+0.1790 | d_fake=+0.5875 | gnG=163.50 | gnD=27.82
it  66650/150000 | 3.09 it/s | λ_dis=0.800 | lr=6.3e-05 | mse=+0.1081 | ea_dists=+0.4621 | id=+0.3794 | gan_g=+7.6673 | total_gen=+6.7420 | d_real=+0.1348 | d_fake=+0.4059 | gnG=173.35 | gnD=23.33
it  66700/150000 | 3.13 it/s | λ_dis=0.800 | lr=6.3e-05 | mse=+0.1123 | ea_dists=+0.4662 | id=+0.3840 | gan_g=+7.3264 | total_gen=+6.4780 | d_real=+0.1788 | d_fake=+0.6764 | gnG=98.45 | gnD=42.26
it  66750/150000 | 3.09 it/s | λ_dis=0.800 | lr=6.3e-05 | mse=+0.1091 | ea_dists=+0.4627 | id=+0.3960 | gan_g=+7.5093 | total_gen=+6.6189 | d_real=+0.3161 | d_fake=+0.5975 | gnG=141.33 | gnD=49.36
it  66800/150000 | 3.11 it/s | λ_dis=0.800 | lr=6.3e-05 | mse=+0.1161 | ea_dists=+0.4633 | id=+0.3809 | gan_g=+6.9247 | total_gen=+6.1572 | d_real=+0.1406 | d_fake=+0.6569 | gnG=106.51 | gnD=36.66
it  66850/150000 | 3.09 it/s | λ_dis=0.800 | lr=6.3e-05 | mse=+0.1302 | ea_dists=+0.4684 | id=+0.3761 | gan_g=+6.6388 | total_gen=+5.9473 | d_real=+0.2769 | d_fake=+0.5499 | gnG=163.46 | gnD=37.51
it  66900/150000 | 3.13 it/s | λ_dis=0.800 | lr=6.3e-05 | mse=+0.1298 | ea_dists=+0.4743 | id=+0.4188 | gan_g=+6.9058 | total_gen=+6.1706 | d_real=+0.2831 | d_fake=+0.5554 | gnG=130.82 | gnD=50.26
it  66950/150000 | 3.07 it/s | λ_dis=0.800 | lr=6.3e-05 | mse=+0.1245 | ea_dists=+0.4651 | id=+0.3838 | gan_g=+7.3232 | total_gen=+6.4866 | d_real=+0.2225 | d_fake=+0.4151 | gnG=176.29 | gnD=25.56
it  67000/150000 | 3.09 it/s | λ_dis=0.800 | lr=6.3e-05 | mse=+0.1247 | ea_dists=+0.4671 | id=+0.3961 | gan_g=+6.8167 | total_gen=+6.0848 | d_real=+0.2779 | d_fake=+0.5352 | gnG=119.01 | gnD=33.25
it  67050/150000 | 3.04 it/s | λ_dis=0.800 | lr=6.3e-05 | mse=+0.1213 | ea_dists=+0.4639 | id=+0.3858 | gan_g=+7.1732 | total_gen=+6.3622 | d_real=+0.1646 | d_fake=+0.5618 | gnG=149.93 | gnD=34.30
it  67100/150000 | 3.09 it/s | λ_dis=0.800 | lr=6.3e-05 | mse=+0.1355 | ea_dists=+0.4682 | id=+0.3940 | gan_g=+6.9833 | total_gen=+6.2298 | d_real=+0.3319 | d_fake=+0.4855 | gnG=168.59 | gnD=41.08
it  67150/150000 | 3.06 it/s | λ_dis=0.800 | lr=6.3e-05 | mse=+0.1327 | ea_dists=+0.4669 | id=+0.4181 | gan_g=+7.1837 | total_gen=+6.3883 | d_real=+0.2737 | d_fake=+0.5931 | gnG=138.13 | gnD=36.60
it  67200/150000 | 3.05 it/s | λ_dis=0.800 | lr=6.3e-05 | mse=+0.1456 | ea_dists=+0.4689 | id=+0.4172 | gan_g=+6.1496 | total_gen=+5.5759 | d_real=+0.3000 | d_fake=+0.4555 | gnG=192.21 | gnD=43.90
it  67250/150000 | 3.08 it/s | λ_dis=0.800 | lr=6.3e-05 | mse=+0.1254 | ea_dists=+0.4695 | id=+0.3919 | gan_g=+7.0552 | total_gen=+6.2783 | d_real=+0.2416 | d_fake=+0.6244 | gnG=140.22 | gnD=33.94
it  67300/150000 | 3.13 it/s | λ_dis=0.800 | lr=6.3e-05 | mse=+0.1258 | ea_dists=+0.4697 | id=+0.3989 | gan_g=+7.2279 | total_gen=+6.4177 | d_real=+0.3539 | d_fake=+0.5746 | gnG=167.58 | gnD=51.27
it  67350/150000 | 3.06 it/s | λ_dis=0.800 | lr=6.3e-05 | mse=+0.1247 | ea_dists=+0.4687 | id=+0.3815 | gan_g=+6.3546 | total_gen=+5.7152 | d_real=+0.3302 | d_fake=+0.4750 | gnG=121.03 | gnD=31.79
it  67400/150000 | 3.14 it/s | λ_dis=0.800 | lr=6.3e-05 | mse=+0.1189 | ea_dists=+0.4703 | id=+0.4140 | gan_g=+6.2944 | total_gen=+5.6661 | d_real=+0.3344 | d_fake=+0.5359 | gnG=204.85 | gnD=49.92
it  67450/150000 | 3.09 it/s | λ_dis=0.800 | lr=6.3e-05 | mse=+0.1350 | ea_dists=+0.4655 | id=+0.4157 | gan_g=+6.4711 | total_gen=+5.8190 | d_real=+0.3738 | d_fake=+0.5268 | gnG=210.20 | gnD=39.15
it  67500/150000 | 3.14 it/s | λ_dis=0.800 | lr=6.3e-05 | mse=+0.1427 | ea_dists=+0.4779 | id=+0.4183 | gan_g=+7.6662 | total_gen=+6.7954 | d_real=+0.2855 | d_fake=+0.5652 | gnG=78.85 | gnD=42.33
it  67550/150000 | 3.09 it/s | λ_dis=0.800 | lr=6.3e-05 | mse=+0.1285 | ea_dists=+0.4694 | id=+0.4227 | gan_g=+7.0990 | total_gen=+6.3195 | d_real=+0.1534 | d_fake=+0.4566 | gnG=207.48 | gnD=31.07
it  67600/150000 | 3.13 it/s | λ_dis=0.800 | lr=6.2e-05 | mse=+0.1245 | ea_dists=+0.4653 | id=+0.4098 | gan_g=+7.5177 | total_gen=+6.6449 | d_real=+0.1325 | d_fake=+0.5860 | gnG=239.23 | gnD=19.93
it  67650/150000 | 3.10 it/s | λ_dis=0.800 | lr=6.2e-05 | mse=+0.1427 | ea_dists=+0.4778 | id=+0.4237 | gan_g=+7.3485 | total_gen=+6.5417 | d_real=+0.2922 | d_fake=+0.6104 | gnG=154.84 | gnD=39.98
it  67700/150000 | 3.13 it/s | λ_dis=0.800 | lr=6.2e-05 | mse=+0.1296 | ea_dists=+0.4733 | id=+0.4236 | gan_g=+7.6128 | total_gen=+6.7355 | d_real=+0.1740 | d_fake=+0.7016 | gnG=138.12 | gnD=30.77
it  67750/150000 | 3.05 it/s | λ_dis=0.800 | lr=6.2e-05 | mse=+0.1356 | ea_dists=+0.4704 | id=+0.3859 | gan_g=+7.5803 | total_gen=+6.7088 | d_real=+0.2638 | d_fake=+0.4895 | gnG=228.69 | gnD=46.24
it  67800/150000 | 3.08 it/s | λ_dis=0.800 | lr=6.2e-05 | mse=+0.1366 | ea_dists=+0.4753 | id=+0.4066 | gan_g=+7.0026 | total_gen=+6.2546 | d_real=+0.1628 | d_fake=+0.7231 | gnG=175.03 | gnD=34.98
it  67850/150000 | 3.09 it/s | λ_dis=0.800 | lr=6.2e-05 | mse=+0.1266 | ea_dists=+0.4658 | id=+0.4091 | gan_g=+7.0462 | total_gen=+6.2702 | d_real=+0.3908 | d_fake=+0.4702 | gnG=160.93 | gnD=33.29
it  67900/150000 | 3.10 it/s | λ_dis=0.800 | lr=6.2e-05 | mse=+0.1322 | ea_dists=+0.4723 | id=+0.4082 | gan_g=+6.6878 | total_gen=+5.9956 | d_real=+0.2585 | d_fake=+0.7545 | gnG=140.46 | gnD=27.18
it  67950/150000 | 3.05 it/s | λ_dis=0.800 | lr=6.2e-05 | mse=+0.1366 | ea_dists=+0.4618 | id=+0.4359 | gan_g=+6.8197 | total_gen=+6.0977 | d_real=+0.2332 | d_fake=+0.4543 | gnG=130.93 | gnD=29.95
it  68000/150000 | 3.10 it/s | λ_dis=0.800 | lr=6.2e-05 | mse=+0.1309 | ea_dists=+0.4741 | id=+0.4158 | gan_g=+7.1651 | total_gen=+6.3786 | d_real=+0.0694 | d_fake=+0.5694 | gnG=66.73 | gnD=46.33
  [iter 68000] saved sample → /projectnb/cs585/projects/craft/samples_stage2/iter_0068000.png
it  68050/150000 | 2.68 it/s | λ_dis=0.800 | lr=6.2e-05 | mse=+0.1299 | ea_dists=+0.4609 | id=+0.4247 | gan_g=+7.4476 | total_gen=+6.5913 | d_real=+0.1757 | d_fake=+0.6772 | gnG=151.16 | gnD=41.81
it  68100/150000 | 3.07 it/s | λ_dis=0.800 | lr=6.2e-05 | mse=+0.1327 | ea_dists=+0.4646 | id=+0.4074 | gan_g=+7.4781 | total_gen=+6.6205 | d_real=+0.1724 | d_fake=+0.7883 | gnG=142.86 | gnD=48.46
it  68150/150000 | 3.05 it/s | λ_dis=0.800 | lr=6.2e-05 | mse=+0.1375 | ea_dists=+0.4753 | id=+0.4256 | gan_g=+7.8718 | total_gen=+6.9528 | d_real=+0.0950 | d_fake=+0.4519 | gnG=196.17 | gnD=39.80
it  68200/150000 | 3.08 it/s | λ_dis=0.800 | lr=6.2e-05 | mse=+0.1371 | ea_dists=+0.4850 | id=+0.4371 | gan_g=+7.9662 | total_gen=+7.0388 | d_real=+0.1477 | d_fake=+0.4229 | gnG=106.84 | gnD=21.71
it  68250/150000 | 3.09 it/s | λ_dis=0.800 | lr=6.2e-05 | mse=+0.1436 | ea_dists=+0.4708 | id=+0.4172 | gan_g=+7.7310 | total_gen=+6.8409 | d_real=+0.2769 | d_fake=+0.6032 | gnG=131.62 | gnD=35.23
it  68300/150000 | 3.14 it/s | λ_dis=0.800 | lr=6.2e-05 | mse=+0.1223 | ea_dists=+0.4652 | id=+0.4136 | gan_g=+6.9082 | total_gen=+6.1555 | d_real=+0.1328 | d_fake=+0.7510 | gnG=152.53 | gnD=28.93
it  68350/150000 | 3.06 it/s | λ_dis=0.800 | lr=6.2e-05 | mse=+0.1285 | ea_dists=+0.4637 | id=+0.4499 | gan_g=+6.8957 | total_gen=+6.1537 | d_real=+0.1635 | d_fake=+0.5484 | gnG=227.79 | gnD=32.96
it  68400/150000 | 3.11 it/s | λ_dis=0.800 | lr=6.2e-05 | mse=+0.1297 | ea_dists=+0.4628 | id=+0.4401 | gan_g=+6.8842 | total_gen=+6.1439 | d_real=+0.2301 | d_fake=+0.6326 | gnG=245.88 | gnD=57.63
it  68450/150000 | 3.03 it/s | λ_dis=0.800 | lr=6.2e-05 | mse=+0.1234 | ea_dists=+0.4704 | id=+0.4062 | gan_g=+7.1993 | total_gen=+6.3939 | d_real=+0.2765 | d_fake=+0.5779 | gnG=93.58 | gnD=38.22
it  68500/150000 | 3.11 it/s | λ_dis=0.800 | lr=6.2e-05 | mse=+0.1375 | ea_dists=+0.4729 | id=+0.4276 | gan_g=+7.0490 | total_gen=+6.2923 | d_real=+0.0538 | d_fake=+0.4528 | gnG=150.20 | gnD=29.35
it  68550/150000 | 3.05 it/s | λ_dis=0.800 | lr=6.2e-05 | mse=+0.1368 | ea_dists=+0.4819 | id=+0.4240 | gan_g=+7.0357 | total_gen=+6.2897 | d_real=+0.4395 | d_fake=+0.5469 | gnG=150.31 | gnD=53.58
it  68600/150000 | 3.09 it/s | λ_dis=0.800 | lr=6.2e-05 | mse=+0.1219 | ea_dists=+0.4682 | id=+0.3984 | gan_g=+6.4484 | total_gen=+5.7887 | d_real=+0.1361 | d_fake=+0.6182 | gnG=83.06 | gnD=30.37
it  68650/150000 | 3.09 it/s | λ_dis=0.800 | lr=6.1e-05 | mse=+0.1291 | ea_dists=+0.4744 | id=+0.4326 | gan_g=+6.2746 | total_gen=+5.6664 | d_real=+0.1748 | d_fake=+0.5644 | gnG=99.10 | gnD=30.53
it  68700/150000 | 3.13 it/s | λ_dis=0.800 | lr=6.1e-05 | mse=+0.1289 | ea_dists=+0.4756 | id=+0.3964 | gan_g=+7.3468 | total_gen=+6.5215 | d_real=+0.2395 | d_fake=+0.6195 | gnG=156.12 | gnD=38.73
it  68750/150000 | 2.99 it/s | λ_dis=0.800 | lr=6.1e-05 | mse=+0.1337 | ea_dists=+0.4736 | id=+0.4181 | gan_g=+6.5111 | total_gen=+5.8579 | d_real=+0.1923 | d_fake=+0.7238 | gnG=185.18 | gnD=59.70
it  68800/150000 | 3.06 it/s | λ_dis=0.800 | lr=6.1e-05 | mse=+0.1235 | ea_dists=+0.4659 | id=+0.4169 | gan_g=+6.7947 | total_gen=+6.0668 | d_real=+0.1701 | d_fake=+0.6718 | gnG=189.75 | gnD=28.53
it  68850/150000 | 3.05 it/s | λ_dis=0.800 | lr=6.1e-05 | mse=+0.1456 | ea_dists=+0.4700 | id=+0.4174 | gan_g=+6.3607 | total_gen=+5.7459 | d_real=+0.3560 | d_fake=+0.6084 | gnG=122.05 | gnD=33.36
it  68900/150000 | 3.10 it/s | λ_dis=0.800 | lr=6.1e-05 | mse=+0.1310 | ea_dists=+0.4653 | id=+0.4179 | gan_g=+6.7154 | total_gen=+6.0105 | d_real=+0.2597 | d_fake=+0.5301 | gnG=280.94 | gnD=44.29
it  68950/150000 | 3.06 it/s | λ_dis=0.800 | lr=6.1e-05 | mse=+0.1407 | ea_dists=+0.4688 | id=+0.4283 | gan_g=+6.9805 | total_gen=+6.2367 | d_real=+0.2722 | d_fake=+0.5678 | gnG=227.34 | gnD=47.16
it  69000/150000 | 3.12 it/s | λ_dis=0.800 | lr=6.1e-05 | mse=+0.1489 | ea_dists=+0.4796 | id=+0.4228 | gan_g=+7.0381 | total_gen=+6.3012 | d_real=+0.1150 | d_fake=+0.4696 | gnG=95.74 | gnD=35.19
it  69050/150000 | 3.09 it/s | λ_dis=0.800 | lr=6.1e-05 | mse=+0.1259 | ea_dists=+0.4729 | id=+0.4111 | gan_g=+7.2782 | total_gen=+6.4624 | d_real=+0.1846 | d_fake=+0.5545 | gnG=111.03 | gnD=33.59
it  69100/150000 | 3.10 it/s | λ_dis=0.800 | lr=6.1e-05 | mse=+0.1214 | ea_dists=+0.4815 | id=+0.4347 | gan_g=+6.5830 | total_gen=+5.9127 | d_real=+0.2338 | d_fake=+0.5806 | gnG=180.47 | gnD=30.87
it  69150/150000 | 3.04 it/s | λ_dis=0.800 | lr=6.1e-05 | mse=+0.1158 | ea_dists=+0.4739 | id=+0.4472 | gan_g=+6.5848 | total_gen=+5.9023 | d_real=+0.2416 | d_fake=+0.5319 | gnG=219.86 | gnD=24.96
it  69200/150000 | 3.09 it/s | λ_dis=0.800 | lr=6.1e-05 | mse=+0.1275 | ea_dists=+0.4786 | id=+0.4367 | gan_g=+6.9661 | total_gen=+6.2226 | d_real=+0.0915 | d_fake=+0.4835 | gnG=179.82 | gnD=18.84
it  69250/150000 | 3.06 it/s | λ_dis=0.800 | lr=6.1e-05 | mse=+0.1330 | ea_dists=+0.4791 | id=+0.4262 | gan_g=+6.6497 | total_gen=+5.9745 | d_real=+0.1828 | d_fake=+0.6588 | gnG=133.85 | gnD=24.01
it  69300/150000 | 3.10 it/s | λ_dis=0.800 | lr=6.1e-05 | mse=+0.1297 | ea_dists=+0.4722 | id=+0.4266 | gan_g=+7.2184 | total_gen=+6.4193 | d_real=+0.1123 | d_fake=+0.6064 | gnG=181.28 | gnD=29.02
it  69350/150000 | 3.05 it/s | λ_dis=0.800 | lr=6.1e-05 | mse=+0.1239 | ea_dists=+0.4657 | id=+0.4353 | gan_g=+7.4576 | total_gen=+6.5992 | d_real=+0.1314 | d_fake=+0.6090 | gnG=259.59 | gnD=20.59
it  69400/150000 | 3.08 it/s | λ_dis=0.800 | lr=6.1e-05 | mse=+0.1323 | ea_dists=+0.4864 | id=+0.4444 | gan_g=+7.5687 | total_gen=+6.7181 | d_real=+0.1825 | d_fake=+0.5093 | gnG=180.21 | gnD=23.81
it  69450/150000 | 3.05 it/s | λ_dis=0.800 | lr=6.1e-05 | mse=+0.1431 | ea_dists=+0.4806 | id=+0.4302 | gan_g=+6.9934 | total_gen=+6.2614 | d_real=+0.1915 | d_fake=+0.6543 | gnG=138.65 | gnD=31.87
it  69500/150000 | 3.10 it/s | λ_dis=0.800 | lr=6.1e-05 | mse=+0.1370 | ea_dists=+0.4801 | id=+0.4329 | gan_g=+6.4188 | total_gen=+5.7954 | d_real=+0.2228 | d_fake=+0.6980 | gnG=112.01 | gnD=28.28
it  69550/150000 | 3.04 it/s | λ_dis=0.800 | lr=6.1e-05 | mse=+0.1417 | ea_dists=+0.4826 | id=+0.4410 | gan_g=+6.8633 | total_gen=+6.1591 | d_real=+0.2660 | d_fake=+0.4479 | gnG=227.98 | gnD=34.98
it  69600/150000 | 3.10 it/s | λ_dis=0.800 | lr=6.1e-05 | mse=+0.1310 | ea_dists=+0.4790 | id=+0.4207 | gan_g=+6.8376 | total_gen=+6.1222 | d_real=+0.1531 | d_fake=+0.5896 | gnG=102.66 | gnD=31.24
it  69650/150000 | 3.05 it/s | λ_dis=0.800 | lr=6.1e-05 | mse=+0.1283 | ea_dists=+0.4749 | id=+0.4449 | gan_g=+7.2850 | total_gen=+6.4757 | d_real=+0.3290 | d_fake=+0.5593 | gnG=137.73 | gnD=27.21
it  69700/150000 | 3.07 it/s | λ_dis=0.800 | lr=6.0e-05 | mse=+0.1129 | ea_dists=+0.4675 | id=+0.4343 | gan_g=+7.1652 | total_gen=+6.3560 | d_real=+0.1030 | d_fake=+0.5892 | gnG=233.66 | gnD=23.72
it  69750/150000 | 3.05 it/s | λ_dis=0.800 | lr=6.0e-05 | mse=+0.1285 | ea_dists=+0.4778 | id=+0.4368 | gan_g=+7.4906 | total_gen=+6.6424 | d_real=+0.2544 | d_fake=+0.5005 | gnG=110.43 | gnD=38.38
it  69800/150000 | 3.08 it/s | λ_dis=0.800 | lr=6.0e-05 | mse=+0.1258 | ea_dists=+0.4809 | id=+0.4301 | gan_g=+6.7464 | total_gen=+6.0468 | d_real=+0.2517 | d_fake=+0.5642 | gnG=183.43 | gnD=30.76
it  69850/150000 | 3.07 it/s | λ_dis=0.800 | lr=6.0e-05 | mse=+0.1312 | ea_dists=+0.4727 | id=+0.4191 | gan_g=+6.8202 | total_gen=+6.1020 | d_real=+0.1471 | d_fake=+0.5586 | gnG=121.20 | gnD=29.11
it  69900/150000 | 3.14 it/s | λ_dis=0.800 | lr=6.0e-05 | mse=+0.1303 | ea_dists=+0.4714 | id=+0.4480 | gan_g=+6.4639 | total_gen=+5.8176 | d_real=+0.3170 | d_fake=+0.6716 | gnG=148.60 | gnD=63.37
it  69950/150000 | 3.01 it/s | λ_dis=0.800 | lr=6.0e-05 | mse=+0.1255 | ea_dists=+0.4648 | id=+0.4018 | gan_g=+6.1475 | total_gen=+5.5485 | d_real=+0.2316 | d_fake=+0.5494 | gnG=129.57 | gnD=37.64
it  70000/150000 | 3.14 it/s | λ_dis=0.800 | lr=6.0e-05 | mse=+0.1417 | ea_dists=+0.4773 | id=+0.4393 | gan_g=+6.3012 | total_gen=+5.7039 | d_real=+0.4233 | d_fake=+0.5808 | gnG=98.51 | gnD=48.13
  [iter 70000] saved sample → /projectnb/cs585/projects/craft/samples_stage2/iter_0070000.png
  [iter 70000] saved ckpt → /projectnb/cs585/projects/craft/checkpoints_stage2/iter_0070000.pt
it  70050/150000 | 2.59 it/s | λ_dis=0.800 | lr=6.0e-05 | mse=+0.1180 | ea_dists=+0.4714 | id=+0.3891 | gan_g=+6.3728 | total_gen=+5.7265 | d_real=+0.1529 | d_fake=+0.5381 | gnG=123.30 | gnD=39.32
it  70100/150000 | 3.10 it/s | λ_dis=0.800 | lr=6.0e-05 | mse=+0.1349 | ea_dists=+0.4644 | id=+0.4075 | gan_g=+6.9756 | total_gen=+6.2206 | d_real=+0.2952 | d_fake=+0.4214 | gnG=102.77 | gnD=20.56
it  70150/150000 | 2.98 it/s | λ_dis=0.800 | lr=6.0e-05 | mse=+0.1340 | ea_dists=+0.4683 | id=+0.4419 | gan_g=+7.0299 | total_gen=+6.2705 | d_real=+0.1585 | d_fake=+0.5058 | gnG=171.95 | gnD=31.23
it  70200/150000 | 3.08 it/s | λ_dis=0.800 | lr=6.0e-05 | mse=+0.1270 | ea_dists=+0.4600 | id=+0.4225 | gan_g=+6.9389 | total_gen=+6.1804 | d_real=+0.2436 | d_fake=+0.6076 | gnG=259.63 | gnD=24.67
it  70250/150000 | 3.04 it/s | λ_dis=0.800 | lr=6.0e-05 | mse=+0.1331 | ea_dists=+0.4672 | id=+0.4312 | gan_g=+6.5645 | total_gen=+5.8950 | d_real=+0.2178 | d_fake=+0.9171 | gnG=147.13 | gnD=47.88
it  70300/150000 | 3.00 it/s | λ_dis=0.800 | lr=6.0e-05 | mse=+0.1317 | ea_dists=+0.4741 | id=+0.4497 | gan_g=+6.2570 | total_gen=+5.6563 | d_real=+0.3042 | d_fake=+0.6926 | gnG=186.25 | gnD=49.57
it  70350/150000 | 3.06 it/s | λ_dis=0.800 | lr=6.0e-05 | mse=+0.1316 | ea_dists=+0.4835 | id=+0.4222 | gan_g=+6.7285 | total_gen=+6.0401 | d_real=+0.1672 | d_fake=+0.5810 | gnG=160.93 | gnD=24.28
it  70400/150000 | 3.13 it/s | λ_dis=0.800 | lr=6.0e-05 | mse=+0.1446 | ea_dists=+0.4861 | id=+0.4234 | gan_g=+7.5640 | total_gen=+6.7242 | d_real=+0.1888 | d_fake=+0.4849 | gnG=202.40 | gnD=26.75
it  70450/150000 | 3.06 it/s | λ_dis=0.800 | lr=6.0e-05 | mse=+0.1331 | ea_dists=+0.4808 | id=+0.4325 | gan_g=+7.5328 | total_gen=+6.6834 | d_real=+0.2098 | d_fake=+0.5396 | gnG=105.97 | gnD=26.68
it  70500/150000 | 3.13 it/s | λ_dis=0.800 | lr=6.0e-05 | mse=+0.1255 | ea_dists=+0.4763 | id=+0.4279 | gan_g=+7.3586 | total_gen=+6.5315 | d_real=+0.1633 | d_fake=+0.5061 | gnG=179.23 | gnD=35.46
it  70550/150000 | 3.07 it/s | λ_dis=0.800 | lr=6.0e-05 | mse=+0.1176 | ea_dists=+0.4708 | id=+0.4149 | gan_g=+6.5740 | total_gen=+5.8890 | d_real=+0.2819 | d_fake=+0.6661 | gnG=171.05 | gnD=58.13
it  70600/150000 | 3.06 it/s | λ_dis=0.800 | lr=6.0e-05 | mse=+0.1361 | ea_dists=+0.4798 | id=+0.4208 | gan_g=+7.3977 | total_gen=+6.5761 | d_real=+0.1602 | d_fake=+0.5894 | gnG=147.84 | gnD=31.65
it  70650/150000 | 3.04 it/s | λ_dis=0.800 | lr=6.0e-05 | mse=+0.1216 | ea_dists=+0.4697 | id=+0.4459 | gan_g=+7.1634 | total_gen=+6.3666 | d_real=+0.2348 | d_fake=+0.7005 | gnG=124.01 | gnD=44.02
it  70700/150000 | 3.11 it/s | λ_dis=0.800 | lr=6.0e-05 | mse=+0.1223 | ea_dists=+0.4680 | id=+0.4431 | gan_g=+7.1633 | total_gen=+6.3653 | d_real=+0.2021 | d_fake=+0.5323 | gnG=142.35 | gnD=34.71
it  70750/150000 | 3.11 it/s | λ_dis=0.800 | lr=6.0e-05 | mse=+0.1253 | ea_dists=+0.4722 | id=+0.4142 | gan_g=+7.6980 | total_gen=+6.7974 | d_real=+0.0905 | d_fake=+0.4977 | gnG=144.57 | gnD=16.18
it  70800/150000 | 3.05 it/s | λ_dis=0.800 | lr=5.9e-05 | mse=+0.1162 | ea_dists=+0.4664 | id=+0.4312 | gan_g=+6.8836 | total_gen=+6.1326 | d_real=+0.4406 | d_fake=+0.4076 | gnG=188.10 | gnD=50.52
it  70850/150000 | 3.08 it/s | λ_dis=0.800 | lr=5.9e-05 | mse=+0.1269 | ea_dists=+0.4714 | id=+0.4236 | gan_g=+7.1308 | total_gen=+6.3453 | d_real=+0.2680 | d_fake=+0.6730 | gnG=112.99 | gnD=49.04
it  70900/150000 | 3.06 it/s | λ_dis=0.800 | lr=5.9e-05 | mse=+0.1142 | ea_dists=+0.4674 | id=+0.4191 | gan_g=+6.5119 | total_gen=+5.8330 | d_real=+0.2090 | d_fake=+0.5095 | gnG=201.74 | gnD=29.25
it  70950/150000 | 3.10 it/s | λ_dis=0.800 | lr=5.9e-05 | mse=+0.1268 | ea_dists=+0.4802 | id=+0.3965 | gan_g=+7.0317 | total_gen=+6.2719 | d_real=+0.1930 | d_fake=+0.4094 | gnG=148.25 | gnD=36.91
it  71000/150000 | 3.10 it/s | λ_dis=0.800 | lr=5.9e-05 | mse=+0.1181 | ea_dists=+0.4712 | id=+0.4422 | gan_g=+7.0354 | total_gen=+6.2618 | d_real=+0.1556 | d_fake=+0.6270 | gnG=132.91 | gnD=37.26
it  71050/150000 | 3.13 it/s | λ_dis=0.800 | lr=5.9e-05 | mse=+0.1286 | ea_dists=+0.4782 | id=+0.4186 | gan_g=+7.4703 | total_gen=+6.6249 | d_real=+0.1669 | d_fake=+0.6882 | gnG=128.71 | gnD=25.45
it  71100/150000 | 3.04 it/s | λ_dis=0.800 | lr=5.9e-05 | mse=+0.1170 | ea_dists=+0.4718 | id=+0.3966 | gan_g=+7.1214 | total_gen=+6.3256 | d_real=+0.2031 | d_fake=+0.5948 | gnG=140.49 | gnD=36.46
it  71150/150000 | 3.11 it/s | λ_dis=0.800 | lr=5.9e-05 | mse=+0.1332 | ea_dists=+0.4777 | id=+0.4325 | gan_g=+7.1658 | total_gen=+6.3868 | d_real=+0.2274 | d_fake=+0.5283 | gnG=102.60 | gnD=48.32
it  71200/150000 | 3.08 it/s | λ_dis=0.800 | lr=5.9e-05 | mse=+0.1290 | ea_dists=+0.4680 | id=+0.4217 | gan_g=+6.9436 | total_gen=+6.1941 | d_real=+0.3950 | d_fake=+0.7192 | gnG=210.60 | gnD=47.81
it  71250/150000 | 3.09 it/s | λ_dis=0.800 | lr=5.9e-05 | mse=+0.1208 | ea_dists=+0.4735 | id=+0.4196 | gan_g=+6.1869 | total_gen=+5.5857 | d_real=+0.4157 | d_fake=+0.3700 | gnG=136.14 | gnD=56.81
it  71300/150000 | 3.08 it/s | λ_dis=0.800 | lr=5.9e-05 | mse=+0.1197 | ea_dists=+0.4650 | id=+0.4324 | gan_g=+5.6151 | total_gen=+5.1200 | d_real=+0.2790 | d_fake=+0.5454 | gnG=90.04 | gnD=25.79
it  71350/150000 | 3.14 it/s | λ_dis=0.800 | lr=5.9e-05 | mse=+0.1273 | ea_dists=+0.4675 | id=+0.4158 | gan_g=+5.4621 | total_gen=+5.0060 | d_real=+0.1713 | d_fake=+0.5683 | gnG=272.77 | gnD=25.58
it  71400/150000 | 3.10 it/s | λ_dis=0.800 | lr=5.9e-05 | mse=+0.1333 | ea_dists=+0.4764 | id=+0.4052 | gan_g=+7.0767 | total_gen=+6.3115 | d_real=+0.1979 | d_fake=+0.3333 | gnG=141.61 | gnD=15.49
it  71450/150000 | 3.13 it/s | λ_dis=0.800 | lr=5.9e-05 | mse=+0.1460 | ea_dists=+0.4710 | id=+0.4326 | gan_g=+7.1566 | total_gen=+6.3855 | d_real=+0.1322 | d_fake=+0.6778 | gnG=79.71 | gnD=30.95
it  71500/150000 | 3.05 it/s | λ_dis=0.800 | lr=5.9e-05 | mse=+0.1233 | ea_dists=+0.4668 | id=+0.3898 | gan_g=+7.5305 | total_gen=+6.6535 | d_real=+0.2669 | d_fake=+0.6324 | gnG=213.65 | gnD=58.50
it  71550/150000 | 3.11 it/s | λ_dis=0.800 | lr=5.9e-05 | mse=+0.1265 | ea_dists=+0.4746 | id=+0.4186 | gan_g=+7.0605 | total_gen=+6.2914 | d_real=+0.3818 | d_fake=+0.6997 | gnG=214.84 | gnD=46.12
it  71600/150000 | 3.06 it/s | λ_dis=0.800 | lr=5.9e-05 | mse=+0.1287 | ea_dists=+0.4725 | id=+0.4159 | gan_g=+7.1281 | total_gen=+6.3453 | d_real=+0.0775 | d_fake=+0.5730 | gnG=88.08 | gnD=19.23
it  71650/150000 | 3.12 it/s | λ_dis=0.800 | lr=5.9e-05 | mse=+0.1277 | ea_dists=+0.4759 | id=+0.3993 | gan_g=+6.7516 | total_gen=+6.0448 | d_real=+0.2487 | d_fake=+0.5172 | gnG=184.93 | gnD=41.50
it  71700/150000 | 3.10 it/s | λ_dis=0.800 | lr=5.9e-05 | mse=+0.1226 | ea_dists=+0.4765 | id=+0.4191 | gan_g=+6.8637 | total_gen=+6.1320 | d_real=+0.2600 | d_fake=+0.4989 | gnG=168.43 | gnD=30.40
it  71750/150000 | 3.13 it/s | λ_dis=0.800 | lr=5.9e-05 | mse=+0.1170 | ea_dists=+0.4712 | id=+0.4302 | gan_g=+6.7422 | total_gen=+6.0250 | d_real=+0.1555 | d_fake=+0.7125 | gnG=169.58 | gnD=17.59
it  71800/150000 | 3.10 it/s | λ_dis=0.800 | lr=5.9e-05 | mse=+0.1169 | ea_dists=+0.4693 | id=+0.4291 | gan_g=+6.9702 | total_gen=+6.2052 | d_real=+0.2517 | d_fake=+0.5852 | gnG=168.54 | gnD=24.46
it  71850/150000 | 3.10 it/s | λ_dis=0.800 | lr=5.8e-05 | mse=+0.1122 | ea_dists=+0.4703 | id=+0.4142 | gan_g=+6.5598 | total_gen=+5.8718 | d_real=+0.3357 | d_fake=+0.4876 | gnG=239.07 | gnD=51.36
it  71900/150000 | 3.10 it/s | λ_dis=0.800 | lr=5.8e-05 | mse=+0.1259 | ea_dists=+0.4717 | id=+0.4173 | gan_g=+7.2431 | total_gen=+6.4338 | d_real=+0.2168 | d_fake=+0.5086 | gnG=172.78 | gnD=35.37
it  71950/150000 | 3.15 it/s | λ_dis=0.800 | lr=5.8e-05 | mse=+0.1263 | ea_dists=+0.4794 | id=+0.4125 | gan_g=+6.6378 | total_gen=+5.9572 | d_real=+0.2055 | d_fake=+0.4557 | gnG=221.57 | gnD=19.83
it  72000/150000 | 3.06 it/s | λ_dis=0.800 | lr=5.8e-05 | mse=+0.1278 | ea_dists=+0.4802 | id=+0.4117 | gan_g=+6.7821 | total_gen=+6.0748 | d_real=+0.1683 | d_fake=+0.6265 | gnG=165.02 | gnD=25.72
  [iter 72000] saved sample → /projectnb/cs585/projects/craft/samples_stage2/iter_0072000.png
it  72050/150000 | 2.71 it/s | λ_dis=0.800 | lr=5.8e-05 | mse=+0.1210 | ea_dists=+0.4730 | id=+0.4334 | gan_g=+6.6361 | total_gen=+5.9462 | d_real=+0.4494 | d_fake=+0.7077 | gnG=146.59 | gnD=42.40
it  72100/150000 | 3.08 it/s | λ_dis=0.800 | lr=5.8e-05 | mse=+0.1283 | ea_dists=+0.4765 | id=+0.4364 | gan_g=+7.0287 | total_gen=+6.2714 | d_real=+0.1023 | d_fake=+0.4262 | gnG=74.75 | gnD=17.57
it  72150/150000 | 3.11 it/s | λ_dis=0.800 | lr=5.8e-05 | mse=+0.1059 | ea_dists=+0.4645 | id=+0.3986 | gan_g=+6.6301 | total_gen=+5.9143 | d_real=+0.3129 | d_fake=+0.7231 | gnG=132.92 | gnD=32.18
it  72200/150000 | 3.10 it/s | λ_dis=0.800 | lr=5.8e-05 | mse=+0.1100 | ea_dists=+0.4585 | id=+0.4125 | gan_g=+7.2588 | total_gen=+6.4168 | d_real=+0.1756 | d_fake=+0.6285 | gnG=169.30 | gnD=48.26
it  72250/150000 | 3.12 it/s | λ_dis=0.800 | lr=5.8e-05 | mse=+0.1145 | ea_dists=+0.4683 | id=+0.4272 | gan_g=+7.0306 | total_gen=+6.2500 | d_real=+0.2465 | d_fake=+0.5913 | gnG=368.71 | gnD=33.49
it  72300/150000 | 3.08 it/s | λ_dis=0.800 | lr=5.8e-05 | mse=+0.1276 | ea_dists=+0.4704 | id=+0.4537 | gan_g=+7.0934 | total_gen=+6.3182 | d_real=+0.2341 | d_fake=+0.7422 | gnG=150.76 | gnD=43.53
it  72350/150000 | 3.10 it/s | λ_dis=0.800 | lr=5.8e-05 | mse=+0.1380 | ea_dists=+0.4695 | id=+0.4316 | gan_g=+6.6745 | total_gen=+5.9902 | d_real=+0.2603 | d_fake=+0.5880 | gnG=421.47 | gnD=33.71
it  72400/150000 | 3.03 it/s | λ_dis=0.800 | lr=5.8e-05 | mse=+0.1388 | ea_dists=+0.4879 | id=+0.4641 | gan_g=+6.6591 | total_gen=+6.0004 | d_real=+0.2290 | d_fake=+0.4692 | gnG=194.40 | gnD=24.96
it  72450/150000 | 3.10 it/s | λ_dis=0.800 | lr=5.8e-05 | mse=+0.1321 | ea_dists=+0.4744 | id=+0.4354 | gan_g=+6.8263 | total_gen=+6.1111 | d_real=+0.2989 | d_fake=+0.4172 | gnG=227.01 | gnD=49.64
it  72500/150000 | 3.05 it/s | λ_dis=0.800 | lr=5.8e-05 | mse=+0.1268 | ea_dists=+0.4876 | id=+0.4296 | gan_g=+7.0240 | total_gen=+6.2766 | d_real=+0.4135 | d_fake=+0.4082 | gnG=175.20 | gnD=30.30
it  72550/150000 | 3.14 it/s | λ_dis=0.800 | lr=5.8e-05 | mse=+0.1148 | ea_dists=+0.4574 | id=+0.4173 | gan_g=+5.2704 | total_gen=+4.8302 | d_real=+0.4120 | d_fake=+0.6595 | gnG=140.25 | gnD=54.89
it  72600/150000 | 3.06 it/s | λ_dis=0.800 | lr=5.8e-05 | mse=+0.1400 | ea_dists=+0.4748 | id=+0.4337 | gan_g=+7.0634 | total_gen=+6.3089 | d_real=+0.1373 | d_fake=+0.4896 | gnG=101.16 | gnD=21.25
it  72650/150000 | 3.07 it/s | λ_dis=0.800 | lr=5.8e-05 | mse=+0.1236 | ea_dists=+0.4791 | id=+0.4114 | gan_g=+6.8469 | total_gen=+6.1213 | d_real=+0.2298 | d_fake=+0.6444 | gnG=106.28 | gnD=40.45
it  72700/150000 | 3.06 it/s | λ_dis=0.800 | lr=5.8e-05 | mse=+0.1260 | ea_dists=+0.4749 | id=+0.4075 | gan_g=+6.6282 | total_gen=+5.9443 | d_real=+0.3144 | d_fake=+0.5530 | gnG=145.11 | gnD=32.60
it  72750/150000 | 3.10 it/s | λ_dis=0.800 | lr=5.8e-05 | mse=+0.1320 | ea_dists=+0.4824 | id=+0.4297 | gan_g=+6.9594 | total_gen=+6.2248 | d_real=+0.3398 | d_fake=+0.5291 | gnG=202.22 | gnD=52.47
it  72800/150000 | 3.08 it/s | λ_dis=0.800 | lr=5.8e-05 | mse=+0.1168 | ea_dists=+0.4719 | id=+0.4346 | gan_g=+6.7745 | total_gen=+6.0517 | d_real=+0.4363 | d_fake=+0.5713 | gnG=196.40 | gnD=45.91
it  72850/150000 | 3.12 it/s | λ_dis=0.800 | lr=5.8e-05 | mse=+0.1262 | ea_dists=+0.4687 | id=+0.3890 | gan_g=+6.9776 | total_gen=+6.2159 | d_real=+0.2010 | d_fake=+0.4743 | gnG=172.19 | gnD=31.11
it  72900/150000 | 3.06 it/s | λ_dis=0.800 | lr=5.7e-05 | mse=+0.1261 | ea_dists=+0.4647 | id=+0.4118 | gan_g=+7.1122 | total_gen=+6.3218 | d_real=+0.2382 | d_fake=+0.7147 | gnG=182.05 | gnD=37.80
it  72950/150000 | 3.07 it/s | λ_dis=0.800 | lr=5.7e-05 | mse=+0.1340 | ea_dists=+0.4816 | id=+0.4033 | gan_g=+7.7577 | total_gen=+6.8621 | d_real=+0.1842 | d_fake=+0.5272 | gnG=144.66 | gnD=33.59
it  73000/150000 | 3.05 it/s | λ_dis=0.800 | lr=5.7e-05 | mse=+0.1359 | ea_dists=+0.4728 | id=+0.4285 | gan_g=+7.3593 | total_gen=+6.5390 | d_real=+0.1636 | d_fake=+0.5600 | gnG=161.49 | gnD=38.53
it  73050/150000 | 3.07 it/s | λ_dis=0.800 | lr=5.7e-05 | mse=+0.1253 | ea_dists=+0.4710 | id=+0.4035 | gan_g=+6.5582 | total_gen=+5.8832 | d_real=+0.2452 | d_fake=+0.5552 | gnG=228.59 | gnD=33.21
it  73100/150000 | 3.04 it/s | λ_dis=0.800 | lr=5.7e-05 | mse=+0.1067 | ea_dists=+0.4640 | id=+0.4329 | gan_g=+6.2674 | total_gen=+5.6279 | d_real=+0.4610 | d_fake=+0.5999 | gnG=167.51 | gnD=55.36
it  73150/150000 | 3.10 it/s | λ_dis=0.800 | lr=5.7e-05 | mse=+0.1160 | ea_dists=+0.4693 | id=+0.4203 | gan_g=+6.2239 | total_gen=+5.6065 | d_real=+0.4319 | d_fake=+0.4802 | gnG=120.47 | gnD=52.56
it  73200/150000 | 3.02 it/s | λ_dis=0.800 | lr=5.7e-05 | mse=+0.1313 | ea_dists=+0.4810 | id=+0.4319 | gan_g=+6.8932 | total_gen=+6.1701 | d_real=+0.2722 | d_fake=+0.3684 | gnG=176.90 | gnD=29.42
it  73250/150000 | 3.13 it/s | λ_dis=0.800 | lr=5.7e-05 | mse=+0.1284 | ea_dists=+0.4683 | id=+0.4277 | gan_g=+6.6207 | total_gen=+5.9361 | d_real=+0.2017 | d_fake=+0.4904 | gnG=210.16 | gnD=38.47
it  73300/150000 | 3.09 it/s | λ_dis=0.800 | lr=5.7e-05 | mse=+0.1186 | ea_dists=+0.4781 | id=+0.4124 | gan_g=+7.2296 | total_gen=+6.4216 | d_real=+0.3494 | d_fake=+0.6488 | gnG=137.78 | gnD=45.58
it  73350/150000 | 3.13 it/s | λ_dis=0.800 | lr=5.7e-05 | mse=+0.1208 | ea_dists=+0.4778 | id=+0.4123 | gan_g=+7.2945 | total_gen=+6.4755 | d_real=+0.2110 | d_fake=+0.5943 | gnG=119.56 | gnD=25.89
it  73400/150000 | 3.09 it/s | λ_dis=0.800 | lr=5.7e-05 | mse=+0.1224 | ea_dists=+0.4757 | id=+0.3826 | gan_g=+7.2784 | total_gen=+6.4591 | d_real=+0.1480 | d_fake=+0.4133 | gnG=146.24 | gnD=19.14
it  73450/150000 | 3.11 it/s | λ_dis=0.800 | lr=5.7e-05 | mse=+0.1247 | ea_dists=+0.4782 | id=+0.4239 | gan_g=+7.2471 | total_gen=+6.4430 | d_real=+0.2325 | d_fake=+0.6443 | gnG=154.71 | gnD=48.23
it  73500/150000 | 3.06 it/s | λ_dis=0.800 | lr=5.7e-05 | mse=+0.1208 | ea_dists=+0.4721 | id=+0.3983 | gan_g=+7.1333 | total_gen=+6.3394 | d_real=+0.1236 | d_fake=+0.7699 | gnG=189.55 | gnD=31.03
it  73550/150000 | 3.14 it/s | λ_dis=0.800 | lr=5.7e-05 | mse=+0.1218 | ea_dists=+0.4662 | id=+0.4451 | gan_g=+6.6586 | total_gen=+5.9594 | d_real=+0.3811 | d_fake=+0.6570 | gnG=178.21 | gnD=69.77
it  73600/150000 | 3.04 it/s | λ_dis=0.800 | lr=5.7e-05 | mse=+0.1258 | ea_dists=+0.4732 | id=+0.4427 | gan_g=+7.1931 | total_gen=+6.3977 | d_real=+0.2600 | d_fake=+0.4728 | gnG=230.14 | gnD=24.14
it  73650/150000 | 3.10 it/s | λ_dis=0.800 | lr=5.7e-05 | mse=+0.1223 | ea_dists=+0.4727 | id=+0.4226 | gan_g=+7.0834 | total_gen=+6.3040 | d_real=+0.2321 | d_fake=+0.4528 | gnG=249.80 | gnD=33.69
it  73700/150000 | 3.06 it/s | λ_dis=0.800 | lr=5.7e-05 | mse=+0.1232 | ea_dists=+0.4797 | id=+0.4387 | gan_g=+7.1968 | total_gen=+6.4042 | d_real=+0.2979 | d_fake=+0.6079 | gnG=234.36 | gnD=36.16
it  73750/150000 | 3.07 it/s | λ_dis=0.800 | lr=5.7e-05 | mse=+0.1050 | ea_dists=+0.4692 | id=+0.4225 | gan_g=+7.1478 | total_gen=+6.3348 | d_real=+0.2285 | d_fake=+0.5876 | gnG=201.37 | gnD=23.81
it  73800/150000 | 3.06 it/s | λ_dis=0.800 | lr=5.7e-05 | mse=+0.1190 | ea_dists=+0.4745 | id=+0.4007 | gan_g=+8.0443 | total_gen=+7.0690 | d_real=+0.1027 | d_fake=+0.5345 | gnG=50.69 | gnD=18.05
it  73850/150000 | 3.11 it/s | λ_dis=0.800 | lr=5.7e-05 | mse=+0.1284 | ea_dists=+0.4763 | id=+0.4294 | gan_g=+8.1373 | total_gen=+7.1575 | d_real=+0.2128 | d_fake=+0.4932 | gnG=157.57 | gnD=22.38
it  73900/150000 | 3.03 it/s | λ_dis=0.800 | lr=5.7e-05 | mse=+0.1110 | ea_dists=+0.4665 | id=+0.4084 | gan_g=+7.3826 | total_gen=+6.5244 | d_real=+0.2973 | d_fake=+0.6441 | gnG=132.08 | gnD=30.46
it  73950/150000 | 3.11 it/s | λ_dis=0.800 | lr=5.6e-05 | mse=+0.1219 | ea_dists=+0.4725 | id=+0.4131 | gan_g=+7.3959 | total_gen=+6.5525 | d_real=+0.0609 | d_fake=+0.4941 | gnG=120.69 | gnD=21.84
it  74000/150000 | 3.10 it/s | λ_dis=0.800 | lr=5.6e-05 | mse=+0.1206 | ea_dists=+0.4649 | id=+0.4152 | gan_g=+7.5237 | total_gen=+6.6460 | d_real=+0.1380 | d_fake=+0.6217 | gnG=144.87 | gnD=32.07
  [iter 74000] saved sample → /projectnb/cs585/projects/craft/samples_stage2/iter_0074000.png
it  74050/150000 | 2.74 it/s | λ_dis=0.800 | lr=5.6e-05 | mse=+0.1151 | ea_dists=+0.4732 | id=+0.4024 | gan_g=+8.1551 | total_gen=+7.1527 | d_real=+0.3002 | d_fake=+0.4020 | gnG=143.00 | gnD=25.85
it  74100/150000 | 3.11 it/s | λ_dis=0.800 | lr=5.6e-05 | mse=+0.1225 | ea_dists=+0.4758 | id=+0.4033 | gan_g=+7.5935 | total_gen=+6.7134 | d_real=+0.0973 | d_fake=+0.7073 | gnG=203.01 | gnD=46.02
it  74150/150000 | 3.07 it/s | λ_dis=0.800 | lr=5.6e-05 | mse=+0.1104 | ea_dists=+0.4664 | id=+0.4199 | gan_g=+7.3223 | total_gen=+6.4767 | d_real=+0.2440 | d_fake=+0.5457 | gnG=201.29 | gnD=64.41
it  74200/150000 | 3.11 it/s | λ_dis=0.800 | lr=5.6e-05 | mse=+0.1216 | ea_dists=+0.4745 | id=+0.4294 | gan_g=+7.8721 | total_gen=+6.9367 | d_real=+0.1976 | d_fake=+0.5882 | gnG=165.23 | gnD=27.80
it  74250/150000 | 3.15 it/s | λ_dis=0.800 | lr=5.6e-05 | mse=+0.1263 | ea_dists=+0.4712 | id=+0.4430 | gan_g=+7.3354 | total_gen=+6.5101 | d_real=+0.1051 | d_fake=+0.7546 | gnG=206.86 | gnD=41.86
it  74300/150000 | 3.13 it/s | λ_dis=0.800 | lr=5.6e-05 | mse=+0.1107 | ea_dists=+0.4652 | id=+0.4264 | gan_g=+6.8633 | total_gen=+6.1093 | d_real=+0.1637 | d_fake=+0.6634 | gnG=168.85 | gnD=55.99
it  74350/150000 | 3.07 it/s | λ_dis=0.800 | lr=5.6e-05 | mse=+0.1176 | ea_dists=+0.4720 | id=+0.4016 | gan_g=+5.4534 | total_gen=+4.9925 | d_real=+0.2764 | d_fake=+0.6878 | gnG=173.70 | gnD=44.76
it  74400/150000 | 3.12 it/s | λ_dis=0.800 | lr=5.6e-05 | mse=+0.1235 | ea_dists=+0.4682 | id=+0.3952 | gan_g=+6.4551 | total_gen=+5.7953 | d_real=+0.2055 | d_fake=+0.6155 | gnG=179.41 | gnD=36.15
it  74450/150000 | 3.07 it/s | λ_dis=0.800 | lr=5.6e-05 | mse=+0.1215 | ea_dists=+0.4709 | id=+0.3992 | gan_g=+6.6941 | total_gen=+5.9876 | d_real=+0.1726 | d_fake=+0.7797 | gnG=181.34 | gnD=38.86
it  74500/150000 | 3.10 it/s | λ_dis=0.800 | lr=5.6e-05 | mse=+0.1072 | ea_dists=+0.4708 | id=+0.3901 | gan_g=+6.3777 | total_gen=+5.7192 | d_real=+0.2341 | d_fake=+0.4735 | gnG=114.09 | gnD=45.81
it  74550/150000 | 3.04 it/s | λ_dis=0.800 | lr=5.6e-05 | mse=+0.1158 | ea_dists=+0.4744 | id=+0.3877 | gan_g=+7.2958 | total_gen=+6.4657 | d_real=+0.3477 | d_fake=+0.5427 | gnG=72.81 | gnD=42.12
it  74600/150000 | 3.13 it/s | λ_dis=0.800 | lr=5.6e-05 | mse=+0.1120 | ea_dists=+0.4634 | id=+0.4036 | gan_g=+6.6493 | total_gen=+5.9353 | d_real=+0.2213 | d_fake=+0.6987 | gnG=108.78 | gnD=45.03
it  74650/150000 | 3.05 it/s | λ_dis=0.800 | lr=5.6e-05 | mse=+0.1115 | ea_dists=+0.4608 | id=+0.3877 | gan_g=+6.4251 | total_gen=+5.7512 | d_real=+0.1914 | d_fake=+0.6865 | gnG=154.16 | gnD=33.51
it  74700/150000 | 3.10 it/s | λ_dis=0.800 | lr=5.6e-05 | mse=+0.1140 | ea_dists=+0.4692 | id=+0.4149 | gan_g=+6.9191 | total_gen=+6.1600 | d_real=+0.2810 | d_fake=+0.3989 | gnG=170.01 | gnD=27.21
it  74750/150000 | 3.06 it/s | λ_dis=0.800 | lr=5.6e-05 | mse=+0.1122 | ea_dists=+0.4667 | id=+0.3582 | gan_g=+6.9952 | total_gen=+6.2109 | d_real=+0.1272 | d_fake=+0.6159 | gnG=110.57 | gnD=25.06
it  74800/150000 | 3.09 it/s | λ_dis=0.800 | lr=5.6e-05 | mse=+0.1162 | ea_dists=+0.4715 | id=+0.4100 | gan_g=+6.6738 | total_gen=+5.9677 | d_real=+0.3252 | d_fake=+0.6019 | gnG=130.12 | gnD=26.46
it  74850/150000 | 3.03 it/s | λ_dis=0.800 | lr=5.6e-05 | mse=+0.1173 | ea_dists=+0.4656 | id=+0.4095 | gan_g=+7.2521 | total_gen=+6.4255 | d_real=+0.2724 | d_fake=+0.5957 | gnG=106.42 | gnD=31.61
it  74900/150000 | 3.13 it/s | λ_dis=0.800 | lr=5.6e-05 | mse=+0.1152 | ea_dists=+0.4679 | id=+0.3957 | gan_g=+7.4494 | total_gen=+6.5822 | d_real=+0.1601 | d_fake=+0.6067 | gnG=169.24 | gnD=34.29
it  74950/150000 | 3.08 it/s | λ_dis=0.800 | lr=5.6e-05 | mse=+0.1104 | ea_dists=+0.4661 | id=+0.3714 | gan_g=+7.3017 | total_gen=+6.4549 | d_real=+0.1248 | d_fake=+0.8733 | gnG=128.52 | gnD=40.83
it  75000/150000 | 3.12 it/s | λ_dis=0.800 | lr=5.5e-05 | mse=+0.1175 | ea_dists=+0.4718 | id=+0.4041 | gan_g=+7.6428 | total_gen=+6.7439 | d_real=+0.2341 | d_fake=+0.4242 | gnG=169.71 | gnD=39.01
  [iter 75000] saved ckpt → /projectnb/cs585/projects/craft/checkpoints_stage2/iter_0075000.pt
it  75050/150000 | 3.01 it/s | λ_dis=0.800 | lr=5.5e-05 | mse=+0.1230 | ea_dists=+0.4657 | id=+0.3904 | gan_g=+7.0303 | total_gen=+6.2519 | d_real=+0.2053 | d_fake=+0.5492 | gnG=144.75 | gnD=31.66
it  75100/150000 | 3.08 it/s | λ_dis=0.800 | lr=5.5e-05 | mse=+0.1279 | ea_dists=+0.4666 | id=+0.4074 | gan_g=+7.6571 | total_gen=+6.7610 | d_real=+0.0577 | d_fake=+0.7757 | gnG=225.35 | gnD=23.06
it  75150/150000 | 3.09 it/s | λ_dis=0.800 | lr=5.5e-05 | mse=+0.1180 | ea_dists=+0.4598 | id=+0.4001 | gan_g=+7.1080 | total_gen=+6.3043 | d_real=+0.2564 | d_fake=+0.6959 | gnG=220.04 | gnD=35.85
it  75200/150000 | 3.08 it/s | λ_dis=0.800 | lr=5.5e-05 | mse=+0.1117 | ea_dists=+0.4638 | id=+0.3899 | gan_g=+6.4911 | total_gen=+5.8074 | d_real=+0.4187 | d_fake=+0.6954 | gnG=180.39 | gnD=67.97
it  75250/150000 | 3.04 it/s | λ_dis=0.800 | lr=5.5e-05 | mse=+0.1018 | ea_dists=+0.4556 | id=+0.3820 | gan_g=+6.3546 | total_gen=+5.6793 | d_real=+0.3548 | d_fake=+0.6315 | gnG=152.34 | gnD=27.31
it  75300/150000 | 3.12 it/s | λ_dis=0.800 | lr=5.5e-05 | mse=+0.1059 | ea_dists=+0.4656 | id=+0.4473 | gan_g=+6.8499 | total_gen=+6.0962 | d_real=+0.2121 | d_fake=+0.5263 | gnG=125.08 | gnD=29.70
it  75350/150000 | 3.03 it/s | λ_dis=0.800 | lr=5.5e-05 | mse=+0.1295 | ea_dists=+0.4712 | id=+0.3989 | gan_g=+6.9799 | total_gen=+6.2245 | d_real=+0.1216 | d_fake=+0.5391 | gnG=123.06 | gnD=29.17
it  75400/150000 | 3.14 it/s | λ_dis=0.800 | lr=5.5e-05 | mse=+0.1118 | ea_dists=+0.4668 | id=+0.4239 | gan_g=+6.6158 | total_gen=+5.9136 | d_real=+0.1871 | d_fake=+0.6763 | gnG=248.30 | gnD=56.37
it  75450/150000 | 3.09 it/s | λ_dis=0.800 | lr=5.5e-05 | mse=+0.1102 | ea_dists=+0.4658 | id=+0.4233 | gan_g=+6.3147 | total_gen=+5.6701 | d_real=+0.3436 | d_fake=+0.7233 | gnG=187.00 | gnD=45.87
it  75500/150000 | 3.11 it/s | λ_dis=0.800 | lr=5.5e-05 | mse=+0.1117 | ea_dists=+0.4588 | id=+0.3976 | gan_g=+6.4584 | total_gen=+5.7770 | d_real=+0.5087 | d_fake=+0.6336 | gnG=138.46 | gnD=55.70
it  75550/150000 | 3.09 it/s | λ_dis=0.800 | lr=5.5e-05 | mse=+0.1196 | ea_dists=+0.4710 | id=+0.4096 | gan_g=+5.9335 | total_gen=+5.3783 | d_real=+0.2119 | d_fake=+0.7819 | gnG=202.95 | gnD=26.03
it  75600/150000 | 3.13 it/s | λ_dis=0.800 | lr=5.5e-05 | mse=+0.1159 | ea_dists=+0.4582 | id=+0.4120 | gan_g=+6.2434 | total_gen=+5.6100 | d_real=+0.1590 | d_fake=+0.6750 | gnG=180.20 | gnD=26.07
it  75650/150000 | 3.09 it/s | λ_dis=0.800 | lr=5.5e-05 | mse=+0.1196 | ea_dists=+0.4701 | id=+0.3900 | gan_g=+5.9762 | total_gen=+5.4097 | d_real=+0.2843 | d_fake=+0.7018 | gnG=156.48 | gnD=37.86
it  75700/150000 | 3.13 it/s | λ_dis=0.800 | lr=5.5e-05 | mse=+0.1185 | ea_dists=+0.4629 | id=+0.3838 | gan_g=+6.7582 | total_gen=+6.0264 | d_real=+0.1404 | d_fake=+0.5435 | gnG=178.18 | gnD=36.89
it  75750/150000 | 3.10 it/s | λ_dis=0.800 | lr=5.5e-05 | mse=+0.1056 | ea_dists=+0.4667 | id=+0.4019 | gan_g=+6.4926 | total_gen=+5.8066 | d_real=+0.3402 | d_fake=+0.5897 | gnG=167.47 | gnD=49.59
it  75800/150000 | 3.15 it/s | λ_dis=0.800 | lr=5.5e-05 | mse=+0.1086 | ea_dists=+0.4575 | id=+0.4195 | gan_g=+6.6036 | total_gen=+5.8910 | d_real=+0.3329 | d_fake=+0.6658 | gnG=186.57 | gnD=35.20
it  75850/150000 | 3.10 it/s | λ_dis=0.800 | lr=5.5e-05 | mse=+0.1261 | ea_dists=+0.4709 | id=+0.4289 | gan_g=+7.1298 | total_gen=+6.3437 | d_real=+0.3274 | d_fake=+0.6282 | gnG=146.30 | gnD=37.71
it  75900/150000 | 3.14 it/s | λ_dis=0.800 | lr=5.5e-05 | mse=+0.1165 | ea_dists=+0.4807 | id=+0.4074 | gan_g=+6.9611 | total_gen=+6.2068 | d_real=+0.3170 | d_fake=+0.5262 | gnG=129.69 | gnD=18.91
it  75950/150000 | 3.10 it/s | λ_dis=0.800 | lr=5.5e-05 | mse=+0.1200 | ea_dists=+0.4771 | id=+0.4151 | gan_g=+6.9203 | total_gen=+6.1749 | d_real=+0.1875 | d_fake=+0.5887 | gnG=136.62 | gnD=37.38
it  76000/150000 | 3.14 it/s | λ_dis=0.800 | lr=5.5e-05 | mse=+0.1274 | ea_dists=+0.4743 | id=+0.4160 | gan_g=+7.7255 | total_gen=+6.8236 | d_real=+0.3187 | d_fake=+0.3717 | gnG=129.30 | gnD=30.90
  [iter 76000] saved sample → /projectnb/cs585/projects/craft/samples_stage2/iter_0076000.png
it  76050/150000 | 2.68 it/s | λ_dis=0.800 | lr=5.4e-05 | mse=+0.1264 | ea_dists=+0.4809 | id=+0.4070 | gan_g=+6.5383 | total_gen=+5.8785 | d_real=+0.3417 | d_fake=+0.7776 | gnG=146.72 | gnD=43.23
it  76100/150000 | 3.10 it/s | λ_dis=0.800 | lr=5.4e-05 | mse=+0.1203 | ea_dists=+0.4773 | id=+0.4291 | gan_g=+6.6362 | total_gen=+5.9495 | d_real=+0.2717 | d_fake=+0.5888 | gnG=168.11 | gnD=42.22
it  76150/150000 | 3.05 it/s | λ_dis=0.800 | lr=5.4e-05 | mse=+0.1249 | ea_dists=+0.4763 | id=+0.4072 | gan_g=+6.8134 | total_gen=+6.0926 | d_real=+0.2780 | d_fake=+0.5985 | gnG=177.55 | gnD=36.64
it  76200/150000 | 3.14 it/s | λ_dis=0.800 | lr=5.4e-05 | mse=+0.1350 | ea_dists=+0.4873 | id=+0.4267 | gan_g=+6.4064 | total_gen=+5.7901 | d_real=+0.2189 | d_fake=+0.5487 | gnG=125.95 | gnD=46.40
it  76250/150000 | 3.08 it/s | λ_dis=0.800 | lr=5.4e-05 | mse=+0.1270 | ea_dists=+0.4806 | id=+0.4274 | gan_g=+6.4503 | total_gen=+5.8105 | d_real=+0.1859 | d_fake=+0.7740 | gnG=180.44 | gnD=45.27
it  76300/150000 | 3.14 it/s | λ_dis=0.800 | lr=5.4e-05 | mse=+0.1269 | ea_dists=+0.4787 | id=+0.4390 | gan_g=+6.5309 | total_gen=+5.8742 | d_real=+0.1985 | d_fake=+0.6129 | gnG=188.98 | gnD=42.46
it  76350/150000 | 3.05 it/s | λ_dis=0.800 | lr=5.4e-05 | mse=+0.1163 | ea_dists=+0.4807 | id=+0.4236 | gan_g=+7.2343 | total_gen=+6.4268 | d_real=+0.2618 | d_fake=+0.5063 | gnG=104.01 | gnD=44.62
it  76400/150000 | 3.10 it/s | λ_dis=0.800 | lr=5.4e-05 | mse=+0.1234 | ea_dists=+0.4770 | id=+0.4208 | gan_g=+7.4284 | total_gen=+6.5853 | d_real=+0.2402 | d_fake=+0.4412 | gnG=166.34 | gnD=32.56
it  76450/150000 | 3.06 it/s | λ_dis=0.800 | lr=5.4e-05 | mse=+0.1173 | ea_dists=+0.4766 | id=+0.4053 | gan_g=+7.2574 | total_gen=+6.4403 | d_real=+0.2353 | d_fake=+0.5698 | gnG=126.88 | gnD=34.90
it  76500/150000 | 3.14 it/s | λ_dis=0.800 | lr=5.4e-05 | mse=+0.1178 | ea_dists=+0.4701 | id=+0.4321 | gan_g=+6.5104 | total_gen=+5.8394 | d_real=+0.3719 | d_fake=+0.6495 | gnG=244.89 | gnD=49.37
it  76550/150000 | 3.09 it/s | λ_dis=0.800 | lr=5.4e-05 | mse=+0.1135 | ea_dists=+0.4809 | id=+0.4129 | gan_g=+6.8453 | total_gen=+6.1119 | d_real=+0.2533 | d_fake=+0.5383 | gnG=142.13 | gnD=41.86
it  76600/150000 | 3.10 it/s | λ_dis=0.800 | lr=5.4e-05 | mse=+0.1056 | ea_dists=+0.4638 | id=+0.3813 | gan_g=+5.7221 | total_gen=+5.1852 | d_real=+0.2696 | d_fake=+0.6147 | gnG=169.92 | gnD=22.42
it  76650/150000 | 3.07 it/s | λ_dis=0.800 | lr=5.4e-05 | mse=+0.1131 | ea_dists=+0.4757 | id=+0.4108 | gan_g=+6.2791 | total_gen=+5.6532 | d_real=+0.3341 | d_fake=+0.6888 | gnG=225.96 | gnD=32.16
it  76700/150000 | 3.10 it/s | λ_dis=0.800 | lr=5.4e-05 | mse=+0.1178 | ea_dists=+0.4690 | id=+0.4174 | gan_g=+6.6392 | total_gen=+5.9399 | d_real=+0.2148 | d_fake=+0.4431 | gnG=141.44 | gnD=37.31
it  76750/150000 | 3.06 it/s | λ_dis=0.800 | lr=5.4e-05 | mse=+0.1152 | ea_dists=+0.4696 | id=+0.4111 | gan_g=+6.3200 | total_gen=+5.6819 | d_real=+0.1746 | d_fake=+0.6243 | gnG=167.82 | gnD=20.55
it  76800/150000 | 3.10 it/s | λ_dis=0.800 | lr=5.4e-05 | mse=+0.1132 | ea_dists=+0.4674 | id=+0.4111 | gan_g=+6.9595 | total_gen=+6.1894 | d_real=+0.1689 | d_fake=+0.4851 | gnG=162.13 | gnD=39.23
it  76850/150000 | 3.06 it/s | λ_dis=0.800 | lr=5.4e-05 | mse=+0.1024 | ea_dists=+0.4631 | id=+0.3988 | gan_g=+7.4982 | total_gen=+6.6039 | d_real=+0.1279 | d_fake=+0.5198 | gnG=248.88 | gnD=29.20
it  76900/150000 | 3.11 it/s | λ_dis=0.800 | lr=5.4e-05 | mse=+0.1145 | ea_dists=+0.4746 | id=+0.3963 | gan_g=+7.7131 | total_gen=+6.7993 | d_real=+0.2356 | d_fake=+0.7243 | gnG=295.22 | gnD=61.89
it  76950/150000 | 3.06 it/s | λ_dis=0.800 | lr=5.4e-05 | mse=+0.1139 | ea_dists=+0.4673 | id=+0.4087 | gan_g=+6.3720 | total_gen=+5.7197 | d_real=+0.2279 | d_fake=+0.6987 | gnG=202.60 | gnD=25.66
it  77000/150000 | 3.07 it/s | λ_dis=0.800 | lr=5.4e-05 | mse=+0.1151 | ea_dists=+0.4669 | id=+0.4197 | gan_g=+7.3075 | total_gen=+6.4700 | d_real=+0.1582 | d_fake=+0.5253 | gnG=166.28 | gnD=33.20
it  77050/150000 | 3.09 it/s | λ_dis=0.800 | lr=5.4e-05 | mse=+0.1256 | ea_dists=+0.4797 | id=+0.4228 | gan_g=+7.2510 | total_gen=+6.4483 | d_real=+0.3241 | d_fake=+0.5641 | gnG=191.22 | gnD=54.39
it  77100/150000 | 3.09 it/s | λ_dis=0.800 | lr=5.3e-05 | mse=+0.1131 | ea_dists=+0.4713 | id=+0.4131 | gan_g=+7.4524 | total_gen=+6.5876 | d_real=+0.2080 | d_fake=+0.6650 | gnG=200.96 | gnD=27.53
it  77150/150000 | 3.03 it/s | λ_dis=0.800 | lr=5.3e-05 | mse=+0.1265 | ea_dists=+0.4791 | id=+0.4270 | gan_g=+7.6032 | total_gen=+6.7308 | d_real=+0.1564 | d_fake=+0.5012 | gnG=125.98 | gnD=27.27
it  77200/150000 | 3.14 it/s | λ_dis=0.800 | lr=5.3e-05 | mse=+0.1183 | ea_dists=+0.4661 | id=+0.3977 | gan_g=+6.4411 | total_gen=+5.7771 | d_real=+0.1824 | d_fake=+0.6784 | gnG=146.37 | gnD=49.84
it  77250/150000 | 3.07 it/s | λ_dis=0.800 | lr=5.3e-05 | mse=+0.1203 | ea_dists=+0.4712 | id=+0.3938 | gan_g=+7.2066 | total_gen=+6.3961 | d_real=+0.3425 | d_fake=+0.6452 | gnG=138.25 | gnD=50.79
it  77300/150000 | 3.09 it/s | λ_dis=0.800 | lr=5.3e-05 | mse=+0.1092 | ea_dists=+0.4693 | id=+0.3865 | gan_g=+6.7021 | total_gen=+5.9788 | d_real=+0.2143 | d_fake=+0.6321 | gnG=184.72 | gnD=28.03
it  77350/150000 | 3.04 it/s | λ_dis=0.800 | lr=5.3e-05 | mse=+0.1232 | ea_dists=+0.4778 | id=+0.4398 | gan_g=+7.3284 | total_gen=+6.5076 | d_real=+0.2129 | d_fake=+0.4401 | gnG=170.19 | gnD=26.07
it  77400/150000 | 3.06 it/s | λ_dis=0.800 | lr=5.3e-05 | mse=+0.1307 | ea_dists=+0.4826 | id=+0.4184 | gan_g=+6.5800 | total_gen=+5.9192 | d_real=+0.2857 | d_fake=+0.5717 | gnG=133.86 | gnD=59.96
it  77450/150000 | 3.05 it/s | λ_dis=0.800 | lr=5.3e-05 | mse=+0.1177 | ea_dists=+0.4637 | id=+0.4192 | gan_g=+6.3257 | total_gen=+5.6840 | d_real=+0.1703 | d_fake=+0.5156 | gnG=94.70 | gnD=28.84
it  77500/150000 | 3.10 it/s | λ_dis=0.800 | lr=5.3e-05 | mse=+0.1183 | ea_dists=+0.4680 | id=+0.4089 | gan_g=+6.5376 | total_gen=+5.8573 | d_real=+0.1839 | d_fake=+0.6204 | gnG=191.88 | gnD=27.02
it  77550/150000 | 3.08 it/s | λ_dis=0.800 | lr=5.3e-05 | mse=+0.1219 | ea_dists=+0.4750 | id=+0.4026 | gan_g=+7.6636 | total_gen=+6.7680 | d_real=+0.2236 | d_fake=+0.4076 | gnG=120.52 | gnD=36.31
it  77600/150000 | 3.13 it/s | λ_dis=0.800 | lr=5.3e-05 | mse=+0.1180 | ea_dists=+0.4671 | id=+0.4428 | gan_g=+7.0447 | total_gen=+6.2651 | d_real=+0.1118 | d_fake=+0.4714 | gnG=130.87 | gnD=21.47
it  77650/150000 | 3.09 it/s | λ_dis=0.800 | lr=5.3e-05 | mse=+0.1168 | ea_dists=+0.4682 | id=+0.3786 | gan_g=+7.6500 | total_gen=+6.7429 | d_real=+0.1085 | d_fake=+0.3577 | gnG=150.81 | gnD=26.72
it  77700/150000 | 3.07 it/s | λ_dis=0.800 | lr=5.3e-05 | mse=+0.1163 | ea_dists=+0.4528 | id=+0.4118 | gan_g=+6.8370 | total_gen=+6.0799 | d_real=+0.4084 | d_fake=+0.5928 | gnG=155.75 | gnD=46.55
it  77750/150000 | 3.09 it/s | λ_dis=0.800 | lr=5.3e-05 | mse=+0.1256 | ea_dists=+0.4688 | id=+0.4309 | gan_g=+6.6108 | total_gen=+5.9261 | d_real=+0.4393 | d_fake=+0.3994 | gnG=214.31 | gnD=47.34
it  77800/150000 | 3.12 it/s | λ_dis=0.800 | lr=5.3e-05 | mse=+0.1139 | ea_dists=+0.4729 | id=+0.4083 | gan_g=+6.3305 | total_gen=+5.6920 | d_real=+0.1243 | d_fake=+0.7500 | gnG=144.41 | gnD=39.49
it  77850/150000 | 3.13 it/s | λ_dis=0.800 | lr=5.3e-05 | mse=+0.1159 | ea_dists=+0.4684 | id=+0.3986 | gan_g=+6.5087 | total_gen=+5.8311 | d_real=+0.1982 | d_fake=+0.5456 | gnG=132.99 | gnD=51.72
it  77900/150000 | 3.07 it/s | λ_dis=0.800 | lr=5.3e-05 | mse=+0.1100 | ea_dists=+0.4787 | id=+0.3878 | gan_g=+6.9269 | total_gen=+6.1689 | d_real=+0.2180 | d_fake=+0.6071 | gnG=151.12 | gnD=51.49
it  77950/150000 | 3.06 it/s | λ_dis=0.800 | lr=5.3e-05 | mse=+0.1176 | ea_dists=+0.4650 | id=+0.3978 | gan_g=+7.2900 | total_gen=+6.4544 | d_real=+0.1468 | d_fake=+0.4779 | gnG=106.54 | gnD=36.98
it  78000/150000 | 3.05 it/s | λ_dis=0.800 | lr=5.3e-05 | mse=+0.1097 | ea_dists=+0.4658 | id=+0.4060 | gan_g=+7.1263 | total_gen=+6.3172 | d_real=+0.2193 | d_fake=+0.6457 | gnG=150.74 | gnD=39.83
  [iter 78000] saved sample → /projectnb/cs585/projects/craft/samples_stage2/iter_0078000.png
it  78050/150000 | 2.71 it/s | λ_dis=0.800 | lr=5.3e-05 | mse=+0.1262 | ea_dists=+0.4678 | id=+0.3916 | gan_g=+6.4559 | total_gen=+5.7978 | d_real=+0.1533 | d_fake=+0.7428 | gnG=176.60 | gnD=35.80
it  78100/150000 | 3.09 it/s | λ_dis=0.800 | lr=5.3e-05 | mse=+0.1213 | ea_dists=+0.4685 | id=+0.3793 | gan_g=+7.7513 | total_gen=+6.8288 | d_real=+0.1932 | d_fake=+0.6850 | gnG=173.84 | gnD=21.26
it  78150/150000 | 3.14 it/s | λ_dis=0.800 | lr=5.2e-05 | mse=+0.1171 | ea_dists=+0.4662 | id=+0.3956 | gan_g=+7.1857 | total_gen=+6.3713 | d_real=+0.2576 | d_fake=+0.5754 | gnG=234.01 | gnD=47.61
it  78200/150000 | 3.06 it/s | λ_dis=0.800 | lr=5.2e-05 | mse=+0.1204 | ea_dists=+0.4704 | id=+0.3951 | gan_g=+7.0059 | total_gen=+6.2350 | d_real=+0.2910 | d_fake=+0.5743 | gnG=139.47 | gnD=35.31
it  78250/150000 | 3.09 it/s | λ_dis=0.800 | lr=5.2e-05 | mse=+0.1292 | ea_dists=+0.4760 | id=+0.4110 | gan_g=+6.8739 | total_gen=+6.1454 | d_real=+0.1644 | d_fake=+0.5906 | gnG=146.12 | gnD=23.42
it  78300/150000 | 3.06 it/s | λ_dis=0.800 | lr=5.2e-05 | mse=+0.1174 | ea_dists=+0.4682 | id=+0.3999 | gan_g=+6.5957 | total_gen=+5.9022 | d_real=+0.1993 | d_fake=+0.6329 | gnG=148.08 | gnD=34.90
it  78350/150000 | 3.11 it/s | λ_dis=0.800 | lr=5.2e-05 | mse=+0.1223 | ea_dists=+0.4750 | id=+0.4103 | gan_g=+6.9175 | total_gen=+6.1724 | d_real=+0.3650 | d_fake=+0.4597 | gnG=252.84 | gnD=32.96
it  78400/150000 | 3.07 it/s | λ_dis=0.800 | lr=5.2e-05 | mse=+0.1317 | ea_dists=+0.4730 | id=+0.4221 | gan_g=+7.4569 | total_gen=+6.6125 | d_real=+0.1678 | d_fake=+0.5425 | gnG=147.19 | gnD=24.45
it  78450/150000 | 3.12 it/s | λ_dis=0.800 | lr=5.2e-05 | mse=+0.1236 | ea_dists=+0.4750 | id=+0.4193 | gan_g=+7.0374 | total_gen=+6.2704 | d_real=+0.2683 | d_fake=+0.4631 | gnG=135.09 | gnD=45.29
it  78500/150000 | 3.06 it/s | λ_dis=0.800 | lr=5.2e-05 | mse=+0.1213 | ea_dists=+0.4647 | id=+0.4221 | gan_g=+6.2575 | total_gen=+5.6342 | d_real=+0.2676 | d_fake=+0.5805 | gnG=146.26 | gnD=44.65
it  78550/150000 | 3.10 it/s | λ_dis=0.800 | lr=5.2e-05 | mse=+0.1190 | ea_dists=+0.4592 | id=+0.4003 | gan_g=+7.0779 | total_gen=+6.2805 | d_real=+0.2155 | d_fake=+0.6195 | gnG=276.71 | gnD=62.79
it  78600/150000 | 3.04 it/s | λ_dis=0.800 | lr=5.2e-05 | mse=+0.1176 | ea_dists=+0.4710 | id=+0.4191 | gan_g=+7.0498 | total_gen=+6.2704 | d_real=+0.2893 | d_fake=+0.7452 | gnG=173.75 | gnD=42.32
it  78650/150000 | 3.10 it/s | λ_dis=0.800 | lr=5.2e-05 | mse=+0.1097 | ea_dists=+0.4595 | id=+0.4121 | gan_g=+6.4292 | total_gen=+5.7538 | d_real=+0.1776 | d_fake=+0.7200 | gnG=141.51 | gnD=36.91
it  78700/150000 | 3.05 it/s | λ_dis=0.800 | lr=5.2e-05 | mse=+0.1056 | ea_dists=+0.4699 | id=+0.4186 | gan_g=+6.2350 | total_gen=+5.6054 | d_real=+0.3166 | d_fake=+0.6447 | gnG=229.15 | gnD=53.57
it  78750/150000 | 3.14 it/s | λ_dis=0.800 | lr=5.2e-05 | mse=+0.1175 | ea_dists=+0.4698 | id=+0.4409 | gan_g=+6.3359 | total_gen=+5.7001 | d_real=+0.2213 | d_fake=+0.7908 | gnG=243.28 | gnD=22.74
it  78800/150000 | 3.08 it/s | λ_dis=0.800 | lr=5.2e-05 | mse=+0.1209 | ea_dists=+0.4717 | id=+0.3977 | gan_g=+6.4295 | total_gen=+5.7760 | d_real=+0.2470 | d_fake=+0.6509 | gnG=140.88 | gnD=32.36
it  78850/150000 | 3.11 it/s | λ_dis=0.800 | lr=5.2e-05 | mse=+0.1171 | ea_dists=+0.4606 | id=+0.4154 | gan_g=+6.2236 | total_gen=+5.5981 | d_real=+0.2558 | d_fake=+0.6193 | gnG=247.31 | gnD=44.46
it  78900/150000 | 3.09 it/s | λ_dis=0.800 | lr=5.2e-05 | mse=+0.1277 | ea_dists=+0.4670 | id=+0.4270 | gan_g=+6.3524 | total_gen=+5.7194 | d_real=+0.2065 | d_fake=+0.4951 | gnG=208.48 | gnD=22.82
it  78950/150000 | 3.12 it/s | λ_dis=0.800 | lr=5.2e-05 | mse=+0.1262 | ea_dists=+0.4770 | id=+0.3997 | gan_g=+6.8795 | total_gen=+6.1468 | d_real=+0.2515 | d_fake=+0.5046 | gnG=223.59 | gnD=53.22
it  79000/150000 | 3.05 it/s | λ_dis=0.800 | lr=5.2e-05 | mse=+0.1119 | ea_dists=+0.4644 | id=+0.3991 | gan_g=+6.7594 | total_gen=+6.0238 | d_real=+0.2310 | d_fake=+0.8124 | gnG=127.60 | gnD=39.05
it  79050/150000 | 3.13 it/s | λ_dis=0.800 | lr=5.2e-05 | mse=+0.1121 | ea_dists=+0.4654 | id=+0.4285 | gan_g=+6.7482 | total_gen=+6.0189 | d_real=+0.1293 | d_fake=+0.6953 | gnG=174.68 | gnD=23.17
it  79100/150000 | 3.08 it/s | λ_dis=0.800 | lr=5.2e-05 | mse=+0.1239 | ea_dists=+0.4760 | id=+0.4049 | gan_g=+7.6574 | total_gen=+6.7664 | d_real=+0.1237 | d_fake=+0.5276 | gnG=178.72 | gnD=28.48
it  79150/150000 | 3.09 it/s | λ_dis=0.800 | lr=5.2e-05 | mse=+0.1191 | ea_dists=+0.4670 | id=+0.4273 | gan_g=+7.4828 | total_gen=+6.6151 | d_real=+0.2402 | d_fake=+0.4328 | gnG=166.74 | gnD=18.16
it  79200/150000 | 3.08 it/s | λ_dis=0.800 | lr=5.1e-05 | mse=+0.1163 | ea_dists=+0.4744 | id=+0.3989 | gan_g=+7.7454 | total_gen=+6.8269 | d_real=+0.2191 | d_fake=+0.6486 | gnG=98.78 | gnD=46.19
it  79250/150000 | 3.09 it/s | λ_dis=0.800 | lr=5.1e-05 | mse=+0.1110 | ea_dists=+0.4658 | id=+0.4145 | gan_g=+7.6728 | total_gen=+6.7565 | d_real=+0.1392 | d_fake=+0.5298 | gnG=159.31 | gnD=38.86
it  79300/150000 | 3.06 it/s | λ_dis=0.800 | lr=5.1e-05 | mse=+0.1168 | ea_dists=+0.4671 | id=+0.3940 | gan_g=+7.7864 | total_gen=+6.8523 | d_real=+0.2482 | d_fake=+0.5576 | gnG=162.46 | gnD=45.07
it  79350/150000 | 3.12 it/s | λ_dis=0.800 | lr=5.1e-05 | mse=+0.1078 | ea_dists=+0.4615 | id=+0.4146 | gan_g=+6.6559 | total_gen=+5.9355 | d_real=+0.2451 | d_fake=+0.7648 | gnG=189.90 | gnD=54.52
it  79400/150000 | 3.09 it/s | λ_dis=0.800 | lr=5.1e-05 | mse=+0.1239 | ea_dists=+0.4635 | id=+0.3940 | gan_g=+7.1487 | total_gen=+6.3458 | d_real=+0.2609 | d_fake=+0.5997 | gnG=165.08 | gnD=44.11
it  79450/150000 | 3.15 it/s | λ_dis=0.800 | lr=5.1e-05 | mse=+0.1129 | ea_dists=+0.4567 | id=+0.4017 | gan_g=+6.3166 | total_gen=+5.6630 | d_real=+0.0692 | d_fake=+0.4405 | gnG=171.20 | gnD=9.55
it  79500/150000 | 3.10 it/s | λ_dis=0.800 | lr=5.1e-05 | mse=+0.1135 | ea_dists=+0.4705 | id=+0.3885 | gan_g=+6.3766 | total_gen=+5.7242 | d_real=+0.2328 | d_fake=+0.6925 | gnG=172.83 | gnD=32.68
it  79550/150000 | 3.12 it/s | λ_dis=0.800 | lr=5.1e-05 | mse=+0.1144 | ea_dists=+0.4666 | id=+0.4254 | gan_g=+7.4188 | total_gen=+6.5585 | d_real=+0.4112 | d_fake=+0.5566 | gnG=193.27 | gnD=40.17
it  79600/150000 | 3.09 it/s | λ_dis=0.800 | lr=5.1e-05 | mse=+0.1124 | ea_dists=+0.4607 | id=+0.4365 | gan_g=+6.0773 | total_gen=+5.4787 | d_real=+0.3475 | d_fake=+0.7654 | gnG=110.37 | gnD=34.27
it  79650/150000 | 3.09 it/s | λ_dis=0.800 | lr=5.1e-05 | mse=+0.1173 | ea_dists=+0.4597 | id=+0.4088 | gan_g=+6.1889 | total_gen=+5.5691 | d_real=+0.1424 | d_fake=+0.5013 | gnG=161.50 | gnD=45.01
it  79700/150000 | 3.09 it/s | λ_dis=0.800 | lr=5.1e-05 | mse=+0.1052 | ea_dists=+0.4638 | id=+0.4089 | gan_g=+6.5533 | total_gen=+5.8525 | d_real=+0.1829 | d_fake=+0.5359 | gnG=169.52 | gnD=41.03
it  79750/150000 | 3.13 it/s | λ_dis=0.800 | lr=5.1e-05 | mse=+0.1182 | ea_dists=+0.4649 | id=+0.4169 | gan_g=+6.8219 | total_gen=+6.0823 | d_real=+0.3962 | d_fake=+0.4760 | gnG=189.93 | gnD=38.93
it  79800/150000 | 3.07 it/s | λ_dis=0.800 | lr=5.1e-05 | mse=+0.1221 | ea_dists=+0.4778 | id=+0.4140 | gan_g=+6.8383 | total_gen=+6.1119 | d_real=+0.2657 | d_fake=+0.6406 | gnG=140.23 | gnD=53.85
it  79850/150000 | 3.13 it/s | λ_dis=0.800 | lr=5.1e-05 | mse=+0.1196 | ea_dists=+0.4674 | id=+0.4312 | gan_g=+6.9587 | total_gen=+6.1971 | d_real=+0.1729 | d_fake=+0.5278 | gnG=136.17 | gnD=44.72
it  79900/150000 | 3.05 it/s | λ_dis=0.800 | lr=5.1e-05 | mse=+0.1281 | ea_dists=+0.4802 | id=+0.4213 | gan_g=+6.4606 | total_gen=+5.8189 | d_real=+0.2942 | d_fake=+0.6206 | gnG=143.84 | gnD=44.49
it  79950/150000 | 3.10 it/s | λ_dis=0.800 | lr=5.1e-05 | mse=+0.1262 | ea_dists=+0.4806 | id=+0.4052 | gan_g=+6.6296 | total_gen=+5.9510 | d_real=+0.3429 | d_fake=+0.6584 | gnG=170.29 | gnD=59.08
it  80000/150000 | 3.10 it/s | λ_dis=0.800 | lr=5.1e-05 | mse=+0.1044 | ea_dists=+0.4726 | id=+0.4214 | gan_g=+5.8515 | total_gen=+5.3004 | d_real=+0.1920 | d_fake=+0.6367 | gnG=209.36 | gnD=44.05
  [iter 80000] saved sample → /projectnb/cs585/projects/craft/samples_stage2/iter_0080000.png
  [iter 80000] saved ckpt → /projectnb/cs585/projects/craft/checkpoints_stage2/iter_0080000.pt
it  80050/150000 | 2.65 it/s | λ_dis=0.800 | lr=5.1e-05 | mse=+0.1149 | ea_dists=+0.4726 | id=+0.4206 | gan_g=+7.0994 | total_gen=+6.3091 | d_real=+0.2570 | d_fake=+0.6465 | gnG=159.06 | gnD=62.01
it  80100/150000 | 3.07 it/s | λ_dis=0.800 | lr=5.1e-05 | mse=+0.1222 | ea_dists=+0.4749 | id=+0.4048 | gan_g=+6.9743 | total_gen=+6.2171 | d_real=+0.2759 | d_fake=+0.5108 | gnG=167.37 | gnD=23.15
it  80150/150000 | 3.12 it/s | λ_dis=0.800 | lr=5.1e-05 | mse=+0.1233 | ea_dists=+0.4758 | id=+0.4232 | gan_g=+6.7831 | total_gen=+6.0679 | d_real=+0.2597 | d_fake=+0.5557 | gnG=131.12 | gnD=35.27
it  80200/150000 | 3.03 it/s | λ_dis=0.800 | lr=5.1e-05 | mse=+0.1413 | ea_dists=+0.4777 | id=+0.4381 | gan_g=+6.7234 | total_gen=+6.0415 | d_real=+0.3009 | d_fake=+0.4990 | gnG=181.24 | gnD=40.04
it  80250/150000 | 3.12 it/s | λ_dis=0.800 | lr=5.1e-05 | mse=+0.1190 | ea_dists=+0.4626 | id=+0.3998 | gan_g=+6.6637 | total_gen=+5.9526 | d_real=+0.2003 | d_fake=+0.6873 | gnG=193.81 | gnD=33.55
it  80300/150000 | 3.05 it/s | λ_dis=0.800 | lr=5.0e-05 | mse=+0.1223 | ea_dists=+0.4694 | id=+0.4311 | gan_g=+6.1399 | total_gen=+5.5467 | d_real=+0.4394 | d_fake=+0.4707 | gnG=126.73 | gnD=43.05
it  80350/150000 | 3.07 it/s | λ_dis=0.800 | lr=5.0e-05 | mse=+0.1379 | ea_dists=+0.4843 | id=+0.3987 | gan_g=+6.7116 | total_gen=+6.0314 | d_real=+0.2007 | d_fake=+0.4939 | gnG=84.99 | gnD=32.39
it  80400/150000 | 3.05 it/s | λ_dis=0.800 | lr=5.0e-05 | mse=+0.1092 | ea_dists=+0.4824 | id=+0.4030 | gan_g=+6.8055 | total_gen=+6.0763 | d_real=+0.1321 | d_fake=+0.4946 | gnG=137.73 | gnD=32.15
it  80450/150000 | 3.09 it/s | λ_dis=0.800 | lr=5.0e-05 | mse=+0.1073 | ea_dists=+0.4701 | id=+0.3977 | gan_g=+7.0826 | total_gen=+6.2832 | d_real=+0.2487 | d_fake=+0.7402 | gnG=138.69 | gnD=37.87
it  80500/150000 | 3.08 it/s | λ_dis=0.800 | lr=5.0e-05 | mse=+0.1153 | ea_dists=+0.4696 | id=+0.3957 | gan_g=+6.9143 | total_gen=+6.1559 | d_real=+0.1697 | d_fake=+0.5650 | gnG=196.14 | gnD=44.02
it  80550/150000 | 3.15 it/s | λ_dis=0.800 | lr=5.0e-05 | mse=+0.1066 | ea_dists=+0.4651 | id=+0.4153 | gan_g=+6.6066 | total_gen=+5.8985 | d_real=+0.2219 | d_fake=+0.5263 | gnG=220.08 | gnD=22.89
it  80600/150000 | 3.06 it/s | λ_dis=0.800 | lr=5.0e-05 | mse=+0.1117 | ea_dists=+0.4650 | id=+0.4072 | gan_g=+7.1426 | total_gen=+6.3315 | d_real=+0.2651 | d_fake=+0.4980 | gnG=237.59 | gnD=40.40
it  80650/150000 | 3.12 it/s | λ_dis=0.800 | lr=5.0e-05 | mse=+0.1219 | ea_dists=+0.4776 | id=+0.4219 | gan_g=+7.6588 | total_gen=+6.7686 | d_real=+0.1985 | d_fake=+0.5475 | gnG=133.92 | gnD=22.72
it  80700/150000 | 3.08 it/s | λ_dis=0.800 | lr=5.0e-05 | mse=+0.1157 | ea_dists=+0.4667 | id=+0.3731 | gan_g=+6.7483 | total_gen=+6.0183 | d_real=+0.3165 | d_fake=+0.7392 | gnG=144.89 | gnD=35.55
it  80750/150000 | 3.15 it/s | λ_dis=0.800 | lr=5.0e-05 | mse=+0.1146 | ea_dists=+0.4705 | id=+0.3928 | gan_g=+5.1649 | total_gen=+4.7563 | d_real=+0.4865 | d_fake=+0.8119 | gnG=191.42 | gnD=48.17
it  80800/150000 | 3.10 it/s | λ_dis=0.800 | lr=5.0e-05 | mse=+0.1262 | ea_dists=+0.4714 | id=+0.4121 | gan_g=+6.4747 | total_gen=+5.8186 | d_real=+0.1735 | d_fake=+0.4003 | gnG=139.58 | gnD=29.75
it  80850/150000 | 3.13 it/s | λ_dis=0.800 | lr=5.0e-05 | mse=+0.1189 | ea_dists=+0.4700 | id=+0.4007 | gan_g=+5.9690 | total_gen=+5.4042 | d_real=+0.2280 | d_fake=+0.6754 | gnG=123.36 | gnD=30.15
it  80900/150000 | 3.09 it/s | λ_dis=0.800 | lr=5.0e-05 | mse=+0.1237 | ea_dists=+0.4732 | id=+0.4158 | gan_g=+7.0100 | total_gen=+6.2465 | d_real=+0.1592 | d_fake=+0.5748 | gnG=189.84 | gnD=36.17
it  80950/150000 | 3.12 it/s | λ_dis=0.800 | lr=5.0e-05 | mse=+0.1264 | ea_dists=+0.4684 | id=+0.4256 | gan_g=+7.0477 | total_gen=+6.2755 | d_real=+0.3462 | d_fake=+0.5272 | gnG=169.98 | gnD=35.54
it  81000/150000 | 3.10 it/s | λ_dis=0.800 | lr=5.0e-05 | mse=+0.1096 | ea_dists=+0.4682 | id=+0.4014 | gan_g=+6.9788 | total_gen=+6.2009 | d_real=+0.1629 | d_fake=+0.5263 | gnG=163.17 | gnD=22.71
it  81050/150000 | 3.08 it/s | λ_dis=0.800 | lr=5.0e-05 | mse=+0.1239 | ea_dists=+0.4758 | id=+0.4244 | gan_g=+7.8465 | total_gen=+6.9194 | d_real=+0.3713 | d_fake=+0.3835 | gnG=182.79 | gnD=60.68
it  81100/150000 | 3.08 it/s | λ_dis=0.800 | lr=5.0e-05 | mse=+0.1095 | ea_dists=+0.4646 | id=+0.3949 | gan_g=+6.2822 | total_gen=+5.6393 | d_real=+0.2179 | d_fake=+0.6310 | gnG=147.34 | gnD=36.21
it  81150/150000 | 3.13 it/s | λ_dis=0.800 | lr=5.0e-05 | mse=+0.1110 | ea_dists=+0.4612 | id=+0.4015 | gan_g=+7.3449 | total_gen=+6.4883 | d_real=+0.3575 | d_fake=+0.6344 | gnG=188.31 | gnD=64.74
it  81200/150000 | 3.13 it/s | λ_dis=0.800 | lr=5.0e-05 | mse=+0.1055 | ea_dists=+0.4721 | id=+0.4111 | gan_g=+6.8744 | total_gen=+6.1183 | d_real=+0.1805 | d_fake=+0.4836 | gnG=266.28 | gnD=40.04
it  81250/150000 | 3.06 it/s | λ_dis=0.800 | lr=5.0e-05 | mse=+0.1181 | ea_dists=+0.4676 | id=+0.4040 | gan_g=+6.4410 | total_gen=+5.7789 | d_real=+0.4001 | d_fake=+0.6199 | gnG=165.97 | gnD=50.63
it  81300/150000 | 3.09 it/s | λ_dis=0.800 | lr=5.0e-05 | mse=+0.1302 | ea_dists=+0.4716 | id=+0.4159 | gan_g=+6.8531 | total_gen=+6.1258 | d_real=+0.1141 | d_fake=+0.6875 | gnG=189.05 | gnD=30.75
it  81350/150000 | 3.07 it/s | λ_dis=0.800 | lr=4.9e-05 | mse=+0.1251 | ea_dists=+0.4697 | id=+0.4251 | gan_g=+6.5216 | total_gen=+5.8546 | d_real=+0.1837 | d_fake=+0.5465 | gnG=171.50 | gnD=43.41
it  81400/150000 | 3.10 it/s | λ_dis=0.800 | lr=4.9e-05 | mse=+0.1092 | ea_dists=+0.4668 | id=+0.3963 | gan_g=+6.4244 | total_gen=+5.7551 | d_real=+0.2550 | d_fake=+0.8223 | gnG=160.33 | gnD=32.10
it  81450/150000 | 3.05 it/s | λ_dis=0.800 | lr=4.9e-05 | mse=+0.1061 | ea_dists=+0.4651 | id=+0.4087 | gan_g=+6.3555 | total_gen=+5.6965 | d_real=+0.2141 | d_fake=+0.6236 | gnG=181.10 | gnD=36.08
it  81500/150000 | 3.10 it/s | λ_dis=0.800 | lr=4.9e-05 | mse=+0.1051 | ea_dists=+0.4653 | id=+0.4239 | gan_g=+6.7122 | total_gen=+5.9826 | d_real=+0.2488 | d_fake=+0.4654 | gnG=177.88 | gnD=25.45
it  81550/150000 | 3.05 it/s | λ_dis=0.800 | lr=4.9e-05 | mse=+0.1284 | ea_dists=+0.4694 | id=+0.4130 | gan_g=+6.3187 | total_gen=+5.6940 | d_real=+0.4439 | d_fake=+0.5152 | gnG=108.59 | gnD=47.63
it  81600/150000 | 3.13 it/s | λ_dis=0.800 | lr=4.9e-05 | mse=+0.1267 | ea_dists=+0.4693 | id=+0.3912 | gan_g=+6.5970 | total_gen=+5.9127 | d_real=+0.1175 | d_fake=+0.5099 | gnG=151.37 | gnD=28.73
it  81650/150000 | 3.08 it/s | λ_dis=0.800 | lr=4.9e-05 | mse=+0.1121 | ea_dists=+0.4643 | id=+0.4178 | gan_g=+6.3319 | total_gen=+5.6837 | d_real=+0.2798 | d_fake=+0.5316 | gnG=141.52 | gnD=38.47
it  81700/150000 | 3.13 it/s | λ_dis=0.800 | lr=4.9e-05 | mse=+0.1207 | ea_dists=+0.4741 | id=+0.4193 | gan_g=+7.0146 | total_gen=+6.2484 | d_real=+0.2744 | d_fake=+0.6005 | gnG=140.66 | gnD=20.57
it  81750/150000 | 3.09 it/s | λ_dis=0.800 | lr=4.9e-05 | mse=+0.1160 | ea_dists=+0.4683 | id=+0.4226 | gan_g=+6.8377 | total_gen=+6.0967 | d_real=+0.0948 | d_fake=+0.7392 | gnG=115.68 | gnD=14.52
it  81800/150000 | 3.13 it/s | λ_dis=0.800 | lr=4.9e-05 | mse=+0.1234 | ea_dists=+0.4640 | id=+0.4226 | gan_g=+6.5511 | total_gen=+5.8706 | d_real=+0.1938 | d_fake=+0.6514 | gnG=174.08 | gnD=18.53
it  81850/150000 | 3.06 it/s | λ_dis=0.800 | lr=4.9e-05 | mse=+0.1284 | ea_dists=+0.4757 | id=+0.4051 | gan_g=+7.2877 | total_gen=+6.4747 | d_real=+0.2052 | d_fake=+0.4569 | gnG=141.39 | gnD=25.59
it  81900/150000 | 3.13 it/s | λ_dis=0.800 | lr=4.9e-05 | mse=+0.1182 | ea_dists=+0.4744 | id=+0.4264 | gan_g=+7.0581 | total_gen=+6.2817 | d_real=+0.0876 | d_fake=+0.5843 | gnG=122.97 | gnD=35.56
it  81950/150000 | 3.08 it/s | λ_dis=0.800 | lr=4.9e-05 | mse=+0.1183 | ea_dists=+0.4673 | id=+0.4037 | gan_g=+6.7200 | total_gen=+6.0019 | d_real=+0.1805 | d_fake=+0.7288 | gnG=212.23 | gnD=41.10
it  82000/150000 | 3.11 it/s | λ_dis=0.800 | lr=4.9e-05 | mse=+0.1240 | ea_dists=+0.4777 | id=+0.4404 | gan_g=+7.6151 | total_gen=+6.7378 | d_real=+0.0749 | d_fake=+0.4157 | gnG=236.01 | gnD=27.83
  [iter 82000] saved sample → /projectnb/cs585/projects/craft/samples_stage2/iter_0082000.png
it  82050/150000 | 2.65 it/s | λ_dis=0.800 | lr=4.9e-05 | mse=+0.1145 | ea_dists=+0.4663 | id=+0.4153 | gan_g=+7.7110 | total_gen=+6.7911 | d_real=+0.0820 | d_fake=+0.4921 | gnG=205.24 | gnD=19.44
it  82100/150000 | 3.10 it/s | λ_dis=0.800 | lr=4.9e-05 | mse=+0.1143 | ea_dists=+0.4662 | id=+0.4204 | gan_g=+7.9061 | total_gen=+6.9474 | d_real=+0.1539 | d_fake=+0.4296 | gnG=231.22 | gnD=26.40
it  82150/150000 | 3.06 it/s | λ_dis=0.800 | lr=4.9e-05 | mse=+0.1127 | ea_dists=+0.4683 | id=+0.4194 | gan_g=+7.3082 | total_gen=+6.4694 | d_real=+0.1631 | d_fake=+0.5424 | gnG=145.65 | gnD=35.76
it  82200/150000 | 3.12 it/s | λ_dis=0.800 | lr=4.9e-05 | mse=+0.1052 | ea_dists=+0.4642 | id=+0.4377 | gan_g=+7.3385 | total_gen=+6.4839 | d_real=+0.1495 | d_fake=+0.8099 | gnG=156.05 | gnD=40.74
it  82250/150000 | 3.08 it/s | λ_dis=0.800 | lr=4.9e-05 | mse=+0.1079 | ea_dists=+0.4627 | id=+0.4084 | gan_g=+7.2057 | total_gen=+6.3761 | d_real=+0.1529 | d_fake=+0.4347 | gnG=208.86 | gnD=38.21
it  82300/150000 | 3.11 it/s | λ_dis=0.800 | lr=4.9e-05 | mse=+0.1191 | ea_dists=+0.4710 | id=+0.4274 | gan_g=+7.8312 | total_gen=+6.8978 | d_real=+0.1259 | d_fake=+0.4899 | gnG=274.05 | gnD=27.27
it  82350/150000 | 3.05 it/s | λ_dis=0.800 | lr=4.9e-05 | mse=+0.1040 | ea_dists=+0.4594 | id=+0.4159 | gan_g=+7.3700 | total_gen=+6.5010 | d_real=+0.2742 | d_fake=+0.7476 | gnG=177.55 | gnD=47.16
it  82400/150000 | 3.11 it/s | λ_dis=0.800 | lr=4.8e-05 | mse=+0.1117 | ea_dists=+0.4669 | id=+0.4177 | gan_g=+7.2067 | total_gen=+6.3858 | d_real=+0.2082 | d_fake=+0.6005 | gnG=165.40 | gnD=52.61
it  82450/150000 | 3.09 it/s | λ_dis=0.800 | lr=4.8e-05 | mse=+0.1114 | ea_dists=+0.4709 | id=+0.4058 | gan_g=+7.5283 | total_gen=+6.6455 | d_real=+0.2321 | d_fake=+0.6921 | gnG=223.73 | gnD=43.84
it  82500/150000 | 3.13 it/s | λ_dis=0.800 | lr=4.8e-05 | mse=+0.0994 | ea_dists=+0.4662 | id=+0.4030 | gan_g=+7.4942 | total_gen=+6.6012 | d_real=+0.4221 | d_fake=+0.6206 | gnG=199.45 | gnD=46.74
it  82550/150000 | 3.08 it/s | λ_dis=0.800 | lr=4.8e-05 | mse=+0.1106 | ea_dists=+0.4582 | id=+0.4233 | gan_g=+7.3629 | total_gen=+6.5014 | d_real=+0.1723 | d_fake=+0.6661 | gnG=146.08 | gnD=34.14
it  82600/150000 | 3.15 it/s | λ_dis=0.800 | lr=4.8e-05 | mse=+0.1218 | ea_dists=+0.4625 | id=+0.4280 | gan_g=+7.0459 | total_gen=+6.2638 | d_real=+0.2499 | d_fake=+0.6417 | gnG=235.02 | gnD=40.19
it  82650/150000 | 3.10 it/s | λ_dis=0.800 | lr=4.8e-05 | mse=+0.1049 | ea_dists=+0.4598 | id=+0.4119 | gan_g=+6.9876 | total_gen=+6.1960 | d_real=+0.1310 | d_fake=+0.5557 | gnG=203.71 | gnD=31.67
it  82700/150000 | 3.15 it/s | λ_dis=0.800 | lr=4.8e-05 | mse=+0.1233 | ea_dists=+0.4702 | id=+0.4295 | gan_g=+7.1652 | total_gen=+6.3687 | d_real=+0.1696 | d_fake=+0.7235 | gnG=160.70 | gnD=45.08
it  82750/150000 | 3.05 it/s | λ_dis=0.800 | lr=4.8e-05 | mse=+0.1089 | ea_dists=+0.4657 | id=+0.4335 | gan_g=+7.1118 | total_gen=+6.3074 | d_real=+0.2918 | d_fake=+0.5069 | gnG=159.46 | gnD=47.06
it  82800/150000 | 3.10 it/s | λ_dis=0.800 | lr=4.8e-05 | mse=+0.1158 | ea_dists=+0.4599 | id=+0.4112 | gan_g=+6.8802 | total_gen=+6.1210 | d_real=+0.3381 | d_fake=+0.7471 | gnG=174.42 | gnD=52.33
it  82850/150000 | 3.05 it/s | λ_dis=0.800 | lr=4.8e-05 | mse=+0.1275 | ea_dists=+0.4721 | id=+0.4164 | gan_g=+6.9303 | total_gen=+6.1854 | d_real=+0.3342 | d_fake=+0.5846 | gnG=226.49 | gnD=43.20
it  82900/150000 | 3.11 it/s | λ_dis=0.800 | lr=4.8e-05 | mse=+0.1088 | ea_dists=+0.4638 | id=+0.4173 | gan_g=+6.8019 | total_gen=+6.0559 | d_real=+0.1354 | d_fake=+0.5390 | gnG=99.13 | gnD=42.01
it  82950/150000 | 3.05 it/s | λ_dis=0.800 | lr=4.8e-05 | mse=+0.1205 | ea_dists=+0.4628 | id=+0.3927 | gan_g=+7.3051 | total_gen=+6.4667 | d_real=+0.1576 | d_fake=+0.5514 | gnG=191.84 | gnD=41.56
it  83000/150000 | 3.10 it/s | λ_dis=0.800 | lr=4.8e-05 | mse=+0.1062 | ea_dists=+0.4564 | id=+0.3944 | gan_g=+6.9602 | total_gen=+6.1702 | d_real=+0.2735 | d_fake=+0.7291 | gnG=106.55 | gnD=36.34
it  83050/150000 | 3.10 it/s | λ_dis=0.800 | lr=4.8e-05 | mse=+0.1236 | ea_dists=+0.4681 | id=+0.4202 | gan_g=+6.9858 | total_gen=+6.2223 | d_real=+0.2660 | d_fake=+0.4317 | gnG=319.18 | gnD=31.75
it  83100/150000 | 3.12 it/s | λ_dis=0.800 | lr=4.8e-05 | mse=+0.1116 | ea_dists=+0.4687 | id=+0.4132 | gan_g=+6.5397 | total_gen=+5.8535 | d_real=+0.2049 | d_fake=+0.5861 | gnG=167.42 | gnD=71.35
it  83150/150000 | 3.07 it/s | λ_dis=0.800 | lr=4.8e-05 | mse=+0.1260 | ea_dists=+0.4709 | id=+0.4126 | gan_g=+7.1609 | total_gen=+6.3669 | d_real=+0.2816 | d_fake=+0.4010 | gnG=164.10 | gnD=30.78
it  83200/150000 | 3.09 it/s | λ_dis=0.800 | lr=4.8e-05 | mse=+0.1250 | ea_dists=+0.4649 | id=+0.3910 | gan_g=+7.3604 | total_gen=+6.5174 | d_real=+0.2052 | d_fake=+0.4900 | gnG=234.94 | gnD=36.42
it  83250/150000 | 3.07 it/s | λ_dis=0.800 | lr=4.8e-05 | mse=+0.1230 | ea_dists=+0.4698 | id=+0.4159 | gan_g=+6.6465 | total_gen=+5.9515 | d_real=+0.2415 | d_fake=+0.6882 | gnG=136.39 | gnD=52.29
it  83300/150000 | 3.16 it/s | λ_dis=0.800 | lr=4.8e-05 | mse=+0.1125 | ea_dists=+0.4603 | id=+0.3977 | gan_g=+6.2703 | total_gen=+5.6287 | d_real=+0.1994 | d_fake=+0.8539 | gnG=236.04 | gnD=44.16
it  83350/150000 | 3.09 it/s | λ_dis=0.800 | lr=4.8e-05 | mse=+0.1128 | ea_dists=+0.4590 | id=+0.4293 | gan_g=+6.9722 | total_gen=+6.1925 | d_real=+0.1772 | d_fake=+0.4332 | gnG=137.70 | gnD=35.82
it  83400/150000 | 3.09 it/s | λ_dis=0.800 | lr=4.8e-05 | mse=+0.1162 | ea_dists=+0.4597 | id=+0.3964 | gan_g=+7.7307 | total_gen=+6.8001 | d_real=+0.2792 | d_fake=+0.3717 | gnG=131.74 | gnD=45.52
it  83450/150000 | 3.06 it/s | λ_dis=0.800 | lr=4.7e-05 | mse=+0.1119 | ea_dists=+0.4580 | id=+0.4105 | gan_g=+6.6729 | total_gen=+5.9493 | d_real=+0.2531 | d_fake=+0.7719 | gnG=270.07 | gnD=21.02
it  83500/150000 | 3.09 it/s | λ_dis=0.800 | lr=4.7e-05 | mse=+0.1285 | ea_dists=+0.4730 | id=+0.4040 | gan_g=+6.6638 | total_gen=+5.9729 | d_real=+0.5517 | d_fake=+0.6689 | gnG=76.57 | gnD=45.74
it  83550/150000 | 3.08 it/s | λ_dis=0.800 | lr=4.7e-05 | mse=+0.1198 | ea_dists=+0.4665 | id=+0.3949 | gan_g=+6.0421 | total_gen=+5.4594 | d_real=+0.1594 | d_fake=+0.5556 | gnG=119.31 | gnD=28.84
it  83600/150000 | 3.12 it/s | λ_dis=0.800 | lr=4.7e-05 | mse=+0.1128 | ea_dists=+0.4663 | id=+0.4219 | gan_g=+5.9167 | total_gen=+5.3547 | d_real=+0.2862 | d_fake=+0.6156 | gnG=225.34 | gnD=39.11
it  83650/150000 | 3.07 it/s | λ_dis=0.800 | lr=4.7e-05 | mse=+0.1106 | ea_dists=+0.4675 | id=+0.4212 | gan_g=+6.4322 | total_gen=+5.7661 | d_real=+0.2337 | d_fake=+0.4607 | gnG=213.85 | gnD=48.97
it  83700/150000 | 3.13 it/s | λ_dis=0.800 | lr=4.7e-05 | mse=+0.1167 | ea_dists=+0.4658 | id=+0.4042 | gan_g=+6.6656 | total_gen=+5.9554 | d_real=+0.1391 | d_fake=+0.7436 | gnG=204.85 | gnD=38.47
it  83750/150000 | 3.06 it/s | λ_dis=0.800 | lr=4.7e-05 | mse=+0.1090 | ea_dists=+0.4633 | id=+0.3961 | gan_g=+7.1231 | total_gen=+6.3104 | d_real=+0.3012 | d_fake=+0.4142 | gnG=206.32 | gnD=52.29
it  83800/150000 | 3.05 it/s | λ_dis=0.800 | lr=4.7e-05 | mse=+0.1170 | ea_dists=+0.4694 | id=+0.4114 | gan_g=+6.2154 | total_gen=+5.5999 | d_real=+0.3798 | d_fake=+0.5853 | gnG=241.18 | gnD=66.72
it  83850/150000 | 3.04 it/s | λ_dis=0.800 | lr=4.7e-05 | mse=+0.1313 | ea_dists=+0.4765 | id=+0.4235 | gan_g=+6.2652 | total_gen=+5.6624 | d_real=+0.3408 | d_fake=+0.6583 | gnG=154.50 | gnD=53.27
it  83900/150000 | 3.08 it/s | λ_dis=0.800 | lr=4.7e-05 | mse=+0.1088 | ea_dists=+0.4668 | id=+0.4173 | gan_g=+5.8248 | total_gen=+5.2772 | d_real=+0.1605 | d_fake=+0.7513 | gnG=254.73 | gnD=37.19
it  83950/150000 | 3.11 it/s | λ_dis=0.800 | lr=4.7e-05 | mse=+0.1133 | ea_dists=+0.4676 | id=+0.4157 | gan_g=+6.5472 | total_gen=+5.8602 | d_real=+0.2272 | d_fake=+0.5350 | gnG=290.06 | gnD=29.78
it  84000/150000 | 3.16 it/s | λ_dis=0.800 | lr=4.7e-05 | mse=+0.1133 | ea_dists=+0.4691 | id=+0.4273 | gan_g=+6.6682 | total_gen=+5.9597 | d_real=+0.2371 | d_fake=+0.5047 | gnG=210.16 | gnD=58.51
  [iter 84000] saved sample → /projectnb/cs585/projects/craft/samples_stage2/iter_0084000.png
it  84050/150000 | 2.70 it/s | λ_dis=0.800 | lr=4.7e-05 | mse=+0.1207 | ea_dists=+0.4705 | id=+0.3996 | gan_g=+7.1492 | total_gen=+6.3505 | d_real=+0.1592 | d_fake=+0.4700 | gnG=163.74 | gnD=35.11
it  84100/150000 | 3.10 it/s | λ_dis=0.800 | lr=4.7e-05 | mse=+0.1261 | ea_dists=+0.4633 | id=+0.3842 | gan_g=+7.1352 | total_gen=+6.3360 | d_real=+0.2533 | d_fake=+0.5770 | gnG=150.00 | gnD=29.55
it  84150/150000 | 3.09 it/s | λ_dis=0.800 | lr=4.7e-05 | mse=+0.1124 | ea_dists=+0.4720 | id=+0.4073 | gan_g=+7.5641 | total_gen=+6.6764 | d_real=+0.2305 | d_fake=+0.5000 | gnG=122.99 | gnD=36.70
it  84200/150000 | 3.12 it/s | λ_dis=0.800 | lr=4.7e-05 | mse=+0.1097 | ea_dists=+0.4688 | id=+0.4126 | gan_g=+7.1137 | total_gen=+6.3107 | d_real=+0.2487 | d_fake=+0.5712 | gnG=254.03 | gnD=30.12
it  84250/150000 | 3.07 it/s | λ_dis=0.800 | lr=4.7e-05 | mse=+0.1165 | ea_dists=+0.4609 | id=+0.4044 | gan_g=+6.8065 | total_gen=+6.0631 | d_real=+0.1947 | d_fake=+0.6066 | gnG=206.96 | gnD=43.85
it  84300/150000 | 3.12 it/s | λ_dis=0.800 | lr=4.7e-05 | mse=+0.1194 | ea_dists=+0.4734 | id=+0.4365 | gan_g=+7.2520 | total_gen=+6.4381 | d_real=+0.3704 | d_fake=+0.5882 | gnG=192.92 | gnD=58.49
it  84350/150000 | 3.10 it/s | λ_dis=0.800 | lr=4.7e-05 | mse=+0.1262 | ea_dists=+0.4643 | id=+0.4162 | gan_g=+7.1508 | total_gen=+6.3527 | d_real=+0.1284 | d_fake=+0.5740 | gnG=137.73 | gnD=60.55
it  84400/150000 | 3.10 it/s | λ_dis=0.800 | lr=4.7e-05 | mse=+0.1056 | ea_dists=+0.4549 | id=+0.4275 | gan_g=+6.7618 | total_gen=+6.0126 | d_real=+0.3208 | d_fake=+0.8429 | gnG=115.21 | gnD=51.76
it  84450/150000 | 3.09 it/s | λ_dis=0.800 | lr=4.7e-05 | mse=+0.1081 | ea_dists=+0.4655 | id=+0.4016 | gan_g=+7.6022 | total_gen=+6.6956 | d_real=+0.1400 | d_fake=+0.5713 | gnG=276.81 | gnD=31.93
it  84500/150000 | 3.15 it/s | λ_dis=0.800 | lr=4.7e-05 | mse=+0.1008 | ea_dists=+0.4619 | id=+0.4044 | gan_g=+6.7798 | total_gen=+6.0270 | d_real=+0.2829 | d_fake=+0.4952 | gnG=189.44 | gnD=44.39
it  84550/150000 | 3.15 it/s | λ_dis=0.800 | lr=4.6e-05 | mse=+0.1355 | ea_dists=+0.4779 | id=+0.4033 | gan_g=+7.1303 | total_gen=+6.3580 | d_real=+0.1548 | d_fake=+0.5504 | gnG=147.42 | gnD=34.68
it  84600/150000 | 2.95 it/s | λ_dis=0.800 | lr=4.6e-05 | mse=+0.1199 | ea_dists=+0.4667 | id=+0.4173 | gan_g=+7.7442 | total_gen=+6.8237 | d_real=+0.2563 | d_fake=+0.4775 | gnG=128.48 | gnD=51.59
it  84650/150000 | 3.06 it/s | λ_dis=0.800 | lr=4.6e-05 | mse=+0.1180 | ea_dists=+0.4676 | id=+0.3964 | gan_g=+7.4589 | total_gen=+6.5923 | d_real=+0.1618 | d_fake=+0.8016 | gnG=176.66 | gnD=15.50
it  84700/150000 | 3.13 it/s | λ_dis=0.800 | lr=4.6e-05 | mse=+0.1071 | ea_dists=+0.4633 | id=+0.4345 | gan_g=+7.5733 | total_gen=+6.6724 | d_real=+0.3397 | d_fake=+0.6954 | gnG=137.39 | gnD=41.07
it  84750/150000 | 3.15 it/s | λ_dis=0.800 | lr=4.6e-05 | mse=+0.1245 | ea_dists=+0.4737 | id=+0.4268 | gan_g=+7.3431 | total_gen=+6.5153 | d_real=+0.2220 | d_fake=+0.6595 | gnG=182.54 | gnD=27.57
it  84800/150000 | 3.10 it/s | λ_dis=0.800 | lr=4.6e-05 | mse=+0.1112 | ea_dists=+0.4560 | id=+0.4171 | gan_g=+6.8430 | total_gen=+6.0833 | d_real=+0.1922 | d_fake=+0.7746 | gnG=161.40 | gnD=52.16
it  84850/150000 | 3.10 it/s | λ_dis=0.800 | lr=4.6e-05 | mse=+0.1159 | ea_dists=+0.4637 | id=+0.4198 | gan_g=+6.3876 | total_gen=+5.7316 | d_real=+0.2490 | d_fake=+0.6968 | gnG=160.81 | gnD=38.09
it  84900/150000 | 3.13 it/s | λ_dis=0.800 | lr=4.6e-05 | mse=+0.1232 | ea_dists=+0.4664 | id=+0.4184 | gan_g=+6.4512 | total_gen=+5.7923 | d_real=+0.3585 | d_fake=+0.6510 | gnG=191.78 | gnD=63.38
it  84950/150000 | 3.12 it/s | λ_dis=0.800 | lr=4.6e-05 | mse=+0.1154 | ea_dists=+0.4625 | id=+0.4064 | gan_g=+6.5340 | total_gen=+5.8457 | d_real=+0.0642 | d_fake=+0.5186 | gnG=235.65 | gnD=18.29
it  85000/150000 | 3.10 it/s | λ_dis=0.800 | lr=4.6e-05 | mse=+0.1183 | ea_dists=+0.4678 | id=+0.4135 | gan_g=+7.0330 | total_gen=+6.2538 | d_real=+0.2325 | d_fake=+0.5084 | gnG=255.92 | gnD=40.40
  [iter 85000] saved ckpt → /projectnb/cs585/projects/craft/checkpoints_stage2/iter_0085000.pt
it  85050/150000 | 3.05 it/s | λ_dis=0.800 | lr=4.6e-05 | mse=+0.1110 | ea_dists=+0.4634 | id=+0.3966 | gan_g=+6.9216 | total_gen=+6.1513 | d_real=+0.3845 | d_fake=+0.6652 | gnG=138.23 | gnD=56.74
it  85100/150000 | 3.08 it/s | λ_dis=0.800 | lr=4.6e-05 | mse=+0.1104 | ea_dists=+0.4606 | id=+0.3990 | gan_g=+7.0381 | total_gen=+6.2415 | d_real=+0.3659 | d_fake=+0.5536 | gnG=139.49 | gnD=40.11
it  85150/150000 | 3.14 it/s | λ_dis=0.800 | lr=4.6e-05 | mse=+0.1068 | ea_dists=+0.4623 | id=+0.3977 | gan_g=+6.8380 | total_gen=+6.0793 | d_real=+0.2016 | d_fake=+0.7403 | gnG=142.40 | gnD=41.72
it  85200/150000 | 3.07 it/s | λ_dis=0.800 | lr=4.6e-05 | mse=+0.1235 | ea_dists=+0.4714 | id=+0.4089 | gan_g=+7.0169 | total_gen=+6.2493 | d_real=+0.0476 | d_fake=+0.6759 | gnG=119.92 | gnD=15.77
it  85250/150000 | 3.11 it/s | λ_dis=0.800 | lr=4.6e-05 | mse=+0.1200 | ea_dists=+0.4706 | id=+0.4278 | gan_g=+5.7386 | total_gen=+5.2243 | d_real=+0.3846 | d_fake=+0.7290 | gnG=289.62 | gnD=60.06
it  85300/150000 | 3.18 it/s | λ_dis=0.800 | lr=4.6e-05 | mse=+0.1249 | ea_dists=+0.4624 | id=+0.3957 | gan_g=+6.2613 | total_gen=+5.6359 | d_real=+0.1147 | d_fake=+0.6361 | gnG=187.11 | gnD=35.14
it  85350/150000 | 3.18 it/s | λ_dis=0.800 | lr=4.6e-05 | mse=+0.1084 | ea_dists=+0.4557 | id=+0.3957 | gan_g=+6.1495 | total_gen=+5.5232 | d_real=+0.2635 | d_fake=+0.5359 | gnG=147.95 | gnD=33.16
it  85400/150000 | 3.11 it/s | λ_dis=0.800 | lr=4.6e-05 | mse=+0.1127 | ea_dists=+0.4612 | id=+0.4201 | gan_g=+6.3114 | total_gen=+5.6651 | d_real=+0.2507 | d_fake=+0.7239 | gnG=170.96 | gnD=52.74
it  85450/150000 | 3.13 it/s | λ_dis=0.800 | lr=4.6e-05 | mse=+0.1177 | ea_dists=+0.4664 | id=+0.3927 | gan_g=+6.6542 | total_gen=+5.9468 | d_real=+0.2761 | d_fake=+0.4590 | gnG=123.91 | gnD=44.39
it  85500/150000 | 3.06 it/s | λ_dis=0.800 | lr=4.6e-05 | mse=+0.1083 | ea_dists=+0.4637 | id=+0.3911 | gan_g=+5.9316 | total_gen=+5.3565 | d_real=+0.3085 | d_fake=+0.7396 | gnG=605.42 | gnD=47.42
it  85550/150000 | 3.15 it/s | λ_dis=0.800 | lr=4.6e-05 | mse=+0.1178 | ea_dists=+0.4790 | id=+0.4244 | gan_g=+6.1513 | total_gen=+5.5603 | d_real=+0.1903 | d_fake=+0.6596 | gnG=199.64 | gnD=40.03
it  85600/150000 | 3.07 it/s | λ_dis=0.800 | lr=4.5e-05 | mse=+0.1278 | ea_dists=+0.4752 | id=+0.4158 | gan_g=+6.7062 | total_gen=+6.0096 | d_real=+0.3684 | d_fake=+0.4724 | gnG=116.16 | gnD=47.79
it  85650/150000 | 3.17 it/s | λ_dis=0.800 | lr=4.5e-05 | mse=+0.1191 | ea_dists=+0.4720 | id=+0.4418 | gan_g=+6.5444 | total_gen=+5.8708 | d_real=+0.1455 | d_fake=+0.4948 | gnG=212.73 | gnD=35.66
it  85700/150000 | 3.12 it/s | λ_dis=0.800 | lr=4.5e-05 | mse=+0.1216 | ea_dists=+0.4666 | id=+0.4122 | gan_g=+6.8239 | total_gen=+6.0886 | d_real=+0.4006 | d_fake=+0.4760 | gnG=184.53 | gnD=64.96
it  85750/150000 | 3.17 it/s | λ_dis=0.800 | lr=4.5e-05 | mse=+0.1160 | ea_dists=+0.4674 | id=+0.4331 | gan_g=+5.9257 | total_gen=+5.3673 | d_real=+0.2554 | d_fake=+0.6505 | gnG=271.24 | gnD=37.29
it  85800/150000 | 3.12 it/s | λ_dis=0.800 | lr=4.5e-05 | mse=+0.1103 | ea_dists=+0.4618 | id=+0.3914 | gan_g=+5.9657 | total_gen=+5.3838 | d_real=+0.3559 | d_fake=+0.5457 | gnG=175.94 | gnD=60.67
it  85850/150000 | 3.11 it/s | λ_dis=0.800 | lr=4.5e-05 | mse=+0.1181 | ea_dists=+0.4741 | id=+0.4050 | gan_g=+6.6393 | total_gen=+5.9442 | d_real=+0.2219 | d_fake=+0.4330 | gnG=137.04 | gnD=44.64
it  85900/150000 | 3.11 it/s | λ_dis=0.800 | lr=4.5e-05 | mse=+0.1082 | ea_dists=+0.4600 | id=+0.4005 | gan_g=+5.6933 | total_gen=+5.1629 | d_real=+0.3668 | d_fake=+0.7223 | gnG=163.48 | gnD=54.28
it  85950/150000 | 3.13 it/s | λ_dis=0.800 | lr=4.5e-05 | mse=+0.1163 | ea_dists=+0.4665 | id=+0.3707 | gan_g=+6.4795 | total_gen=+5.8034 | d_real=+0.2241 | d_fake=+0.6853 | gnG=226.50 | gnD=48.40
it  86000/150000 | 3.10 it/s | λ_dis=0.800 | lr=4.5e-05 | mse=+0.1258 | ea_dists=+0.4793 | id=+0.4490 | gan_g=+6.8155 | total_gen=+6.1024 | d_real=+0.2124 | d_fake=+0.5851 | gnG=193.49 | gnD=61.09
  [iter 86000] saved sample → /projectnb/cs585/projects/craft/samples_stage2/iter_0086000.png
it  86050/150000 | 2.75 it/s | λ_dis=0.800 | lr=4.5e-05 | mse=+0.1182 | ea_dists=+0.4715 | id=+0.4433 | gan_g=+6.6450 | total_gen=+5.9501 | d_real=+0.1596 | d_fake=+0.8512 | gnG=188.27 | gnD=47.17
it  86100/150000 | 3.13 it/s | λ_dis=0.800 | lr=4.5e-05 | mse=+0.1244 | ea_dists=+0.4761 | id=+0.4127 | gan_g=+6.8770 | total_gen=+6.1435 | d_real=+0.2712 | d_fake=+0.7452 | gnG=147.16 | gnD=50.56
it  86150/150000 | 3.17 it/s | λ_dis=0.800 | lr=4.5e-05 | mse=+0.1041 | ea_dists=+0.4682 | id=+0.3713 | gan_g=+6.9416 | total_gen=+6.1628 | d_real=+0.1680 | d_fake=+0.4987 | gnG=159.47 | gnD=40.22
it  86200/150000 | 3.12 it/s | λ_dis=0.800 | lr=4.5e-05 | mse=+0.1145 | ea_dists=+0.4709 | id=+0.3769 | gan_g=+7.3902 | total_gen=+6.5352 | d_real=+0.2246 | d_fake=+0.6377 | gnG=136.75 | gnD=59.56
it  86250/150000 | 3.16 it/s | λ_dis=0.800 | lr=4.5e-05 | mse=+0.1107 | ea_dists=+0.4609 | id=+0.4041 | gan_g=+6.6049 | total_gen=+5.8960 | d_real=+0.1317 | d_fake=+0.8093 | gnG=201.05 | gnD=40.59
it  86300/150000 | 3.10 it/s | λ_dis=0.800 | lr=4.5e-05 | mse=+0.1078 | ea_dists=+0.4621 | id=+0.4094 | gan_g=+6.6287 | total_gen=+5.9138 | d_real=+0.2368 | d_fake=+0.5138 | gnG=185.15 | gnD=26.35
it  86350/150000 | 3.14 it/s | λ_dis=0.800 | lr=4.5e-05 | mse=+0.1108 | ea_dists=+0.4565 | id=+0.4084 | gan_g=+6.4591 | total_gen=+5.7755 | d_real=+0.0853 | d_fake=+0.6050 | gnG=248.72 | gnD=36.99
it  86400/150000 | 3.07 it/s | λ_dis=0.800 | lr=4.5e-05 | mse=+0.1178 | ea_dists=+0.4649 | id=+0.3908 | gan_g=+7.8600 | total_gen=+6.9098 | d_real=+0.0660 | d_fake=+0.5818 | gnG=125.71 | gnD=22.51
it  86450/150000 | 3.17 it/s | λ_dis=0.800 | lr=4.5e-05 | mse=+0.1202 | ea_dists=+0.4629 | id=+0.3996 | gan_g=+7.1267 | total_gen=+6.3244 | d_real=+0.1916 | d_fake=+0.5994 | gnG=121.31 | gnD=38.23
it  86500/150000 | 3.12 it/s | λ_dis=0.800 | lr=4.5e-05 | mse=+0.1159 | ea_dists=+0.4588 | id=+0.4132 | gan_g=+6.8901 | total_gen=+6.1281 | d_real=+0.3387 | d_fake=+0.4779 | gnG=149.19 | gnD=30.65
it  86550/150000 | 3.17 it/s | λ_dis=0.800 | lr=4.5e-05 | mse=+0.1020 | ea_dists=+0.4544 | id=+0.4060 | gan_g=+7.0395 | total_gen=+6.2286 | d_real=+0.3144 | d_fake=+0.5069 | gnG=155.49 | gnD=54.26
it  86600/150000 | 3.12 it/s | λ_dis=0.800 | lr=4.5e-05 | mse=+0.1180 | ea_dists=+0.4628 | id=+0.3850 | gan_g=+7.4756 | total_gen=+6.5997 | d_real=+0.4483 | d_fake=+0.6400 | gnG=114.49 | gnD=65.37
it  86650/150000 | 3.15 it/s | λ_dis=0.800 | lr=4.5e-05 | mse=+0.1081 | ea_dists=+0.4714 | id=+0.4140 | gan_g=+6.4106 | total_gen=+5.7494 | d_real=+0.3154 | d_fake=+0.7232 | gnG=215.43 | gnD=61.33
it  86700/150000 | 3.09 it/s | λ_dis=0.800 | lr=4.4e-05 | mse=+0.1110 | ea_dists=+0.4621 | id=+0.4061 | gan_g=+6.1843 | total_gen=+5.5611 | d_real=+0.3515 | d_fake=+0.6728 | gnG=198.94 | gnD=56.69
it  86750/150000 | 3.13 it/s | λ_dis=0.800 | lr=4.4e-05 | mse=+0.1280 | ea_dists=+0.4672 | id=+0.4092 | gan_g=+6.8979 | total_gen=+6.1545 | d_real=+0.2021 | d_fake=+0.5823 | gnG=181.64 | gnD=29.04
it  86800/150000 | 3.13 it/s | λ_dis=0.800 | lr=4.4e-05 | mse=+0.1053 | ea_dists=+0.4576 | id=+0.4163 | gan_g=+6.3990 | total_gen=+5.7237 | d_real=+0.2553 | d_fake=+0.5370 | gnG=265.31 | gnD=37.64
it  86850/150000 | 3.15 it/s | λ_dis=0.800 | lr=4.4e-05 | mse=+0.1429 | ea_dists=+0.4730 | id=+0.4173 | gan_g=+7.0555 | total_gen=+6.3020 | d_real=+0.3934 | d_fake=+0.5967 | gnG=111.06 | gnD=39.47
it  86900/150000 | 3.10 it/s | λ_dis=0.800 | lr=4.4e-05 | mse=+0.1152 | ea_dists=+0.4628 | id=+0.4006 | gan_g=+6.0612 | total_gen=+5.4670 | d_real=+0.2341 | d_fake=+0.7050 | gnG=116.15 | gnD=46.07
it  86950/150000 | 3.12 it/s | λ_dis=0.800 | lr=4.4e-05 | mse=+0.1051 | ea_dists=+0.4670 | id=+0.4224 | gan_g=+6.0997 | total_gen=+5.4941 | d_real=+0.2680 | d_fake=+0.6628 | gnG=164.28 | gnD=54.83
it  87000/150000 | 3.08 it/s | λ_dis=0.800 | lr=4.4e-05 | mse=+0.1144 | ea_dists=+0.4647 | id=+0.4323 | gan_g=+6.4926 | total_gen=+5.8164 | d_real=+0.2880 | d_fake=+0.5366 | gnG=176.42 | gnD=54.38
it  87050/150000 | 3.17 it/s | λ_dis=0.800 | lr=4.4e-05 | mse=+0.1119 | ea_dists=+0.4633 | id=+0.4094 | gan_g=+6.0250 | total_gen=+5.4360 | d_real=+0.5604 | d_fake=+0.4122 | gnG=186.45 | gnD=71.51
it  87100/150000 | 3.12 it/s | λ_dis=0.800 | lr=4.4e-05 | mse=+0.1050 | ea_dists=+0.4625 | id=+0.4257 | gan_g=+6.0145 | total_gen=+5.4217 | d_real=+0.3770 | d_fake=+0.4881 | gnG=186.54 | gnD=57.74
it  87150/150000 | 3.17 it/s | λ_dis=0.800 | lr=4.4e-05 | mse=+0.1368 | ea_dists=+0.4750 | id=+0.4480 | gan_g=+6.1793 | total_gen=+5.6001 | d_real=+0.4556 | d_fake=+0.4745 | gnG=123.91 | gnD=43.41
it  87200/150000 | 3.09 it/s | λ_dis=0.800 | lr=4.4e-05 | mse=+0.1240 | ea_dists=+0.4654 | id=+0.4072 | gan_g=+6.6232 | total_gen=+5.9286 | d_real=+0.2270 | d_fake=+0.5573 | gnG=75.85 | gnD=28.38
it  87250/150000 | 3.15 it/s | λ_dis=0.800 | lr=4.4e-05 | mse=+0.1115 | ea_dists=+0.4656 | id=+0.4268 | gan_g=+6.4508 | total_gen=+5.7805 | d_real=+0.1968 | d_fake=+0.5181 | gnG=184.13 | gnD=22.84
it  87300/150000 | 3.00 it/s | λ_dis=0.800 | lr=4.4e-05 | mse=+0.1207 | ea_dists=+0.4677 | id=+0.3967 | gan_g=+7.1744 | total_gen=+6.3676 | d_real=+0.1638 | d_fake=+0.4528 | gnG=223.05 | gnD=17.63
it  87350/150000 | 3.02 it/s | λ_dis=0.800 | lr=4.4e-05 | mse=+0.1117 | ea_dists=+0.4594 | id=+0.3951 | gan_g=+6.2994 | total_gen=+5.6502 | d_real=+0.3555 | d_fake=+0.7131 | gnG=163.87 | gnD=67.97
it  87400/150000 | 3.01 it/s | λ_dis=0.800 | lr=4.4e-05 | mse=+0.1202 | ea_dists=+0.4635 | id=+0.3911 | gan_g=+7.5126 | total_gen=+6.6329 | d_real=+0.2947 | d_fake=+0.5238 | gnG=176.38 | gnD=45.67
it  87450/150000 | 3.06 it/s | λ_dis=0.800 | lr=4.4e-05 | mse=+0.1117 | ea_dists=+0.4629 | id=+0.3842 | gan_g=+6.6345 | total_gen=+5.9207 | d_real=+0.4006 | d_fake=+0.6970 | gnG=125.46 | gnD=50.56
it  87500/150000 | 3.02 it/s | λ_dis=0.800 | lr=4.4e-05 | mse=+0.1043 | ea_dists=+0.4634 | id=+0.4093 | gan_g=+6.2185 | total_gen=+5.5835 | d_real=+0.1891 | d_fake=+0.6845 | gnG=210.43 | gnD=65.59
it  87550/150000 | 3.09 it/s | λ_dis=0.800 | lr=4.4e-05 | mse=+0.1277 | ea_dists=+0.4782 | id=+0.4239 | gan_g=+6.6400 | total_gen=+5.9603 | d_real=+0.2317 | d_fake=+0.6028 | gnG=200.38 | gnD=29.57
it  87600/150000 | 3.08 it/s | λ_dis=0.800 | lr=4.4e-05 | mse=+0.1147 | ea_dists=+0.4633 | id=+0.4247 | gan_g=+6.7419 | total_gen=+6.0140 | d_real=+0.1641 | d_fake=+0.6921 | gnG=204.01 | gnD=43.17
it  87650/150000 | 3.11 it/s | λ_dis=0.800 | lr=4.4e-05 | mse=+0.1263 | ea_dists=+0.4687 | id=+0.4068 | gan_g=+7.2089 | total_gen=+6.4029 | d_real=+0.2090 | d_fake=+0.6796 | gnG=155.11 | gnD=38.48
it  87700/150000 | 3.10 it/s | λ_dis=0.800 | lr=4.4e-05 | mse=+0.1052 | ea_dists=+0.4624 | id=+0.4313 | gan_g=+6.6046 | total_gen=+5.8945 | d_real=+0.2158 | d_fake=+0.8050 | gnG=133.45 | gnD=42.55
it  87750/150000 | 3.13 it/s | λ_dis=0.800 | lr=4.4e-05 | mse=+0.1125 | ea_dists=+0.4665 | id=+0.4119 | gan_g=+6.7582 | total_gen=+6.0267 | d_real=+0.1540 | d_fake=+0.7429 | gnG=183.94 | gnD=35.50
it  87800/150000 | 3.09 it/s | λ_dis=0.800 | lr=4.3e-05 | mse=+0.1122 | ea_dists=+0.4649 | id=+0.4024 | gan_g=+7.1712 | total_gen=+6.3543 | d_real=+0.1451 | d_fake=+0.6099 | gnG=104.38 | gnD=28.18
it  87850/150000 | 3.17 it/s | λ_dis=0.800 | lr=4.3e-05 | mse=+0.1150 | ea_dists=+0.4630 | id=+0.4181 | gan_g=+6.4452 | total_gen=+5.7759 | d_real=+0.1678 | d_fake=+0.7376 | gnG=152.17 | gnD=45.94
it  87900/150000 | 3.12 it/s | λ_dis=0.800 | lr=4.3e-05 | mse=+0.1290 | ea_dists=+0.4697 | id=+0.3999 | gan_g=+7.0188 | total_gen=+6.2537 | d_real=+0.2466 | d_fake=+0.5019 | gnG=239.31 | gnD=57.64
it  87950/150000 | 3.15 it/s | λ_dis=0.800 | lr=4.3e-05 | mse=+0.1218 | ea_dists=+0.4747 | id=+0.4328 | gan_g=+7.0176 | total_gen=+6.2538 | d_real=+0.3677 | d_fake=+0.4043 | gnG=130.91 | gnD=44.80
it  88000/150000 | 3.06 it/s | λ_dis=0.800 | lr=4.3e-05 | mse=+0.1252 | ea_dists=+0.4741 | id=+0.4310 | gan_g=+7.4167 | total_gen=+6.5758 | d_real=+0.2343 | d_fake=+0.3948 | gnG=177.11 | gnD=35.25
  [iter 88000] saved sample → /projectnb/cs585/projects/craft/samples_stage2/iter_0088000.png
it  88050/150000 | 2.74 it/s | λ_dis=0.800 | lr=4.3e-05 | mse=+0.1136 | ea_dists=+0.4593 | id=+0.4204 | gan_g=+6.1575 | total_gen=+5.5409 | d_real=+0.2712 | d_fake=+0.5501 | gnG=240.75 | gnD=35.11
it  88100/150000 | 3.09 it/s | λ_dis=0.800 | lr=4.3e-05 | mse=+0.1273 | ea_dists=+0.4769 | id=+0.4345 | gan_g=+7.2125 | total_gen=+6.4177 | d_real=+0.2501 | d_fake=+0.3626 | gnG=238.49 | gnD=29.95
it  88150/150000 | 3.14 it/s | λ_dis=0.800 | lr=4.3e-05 | mse=+0.1260 | ea_dists=+0.4603 | id=+0.4397 | gan_g=+7.3106 | total_gen=+6.4787 | d_real=+0.3219 | d_fake=+0.5144 | gnG=236.67 | gnD=36.52
it  88200/150000 | 3.11 it/s | λ_dis=0.800 | lr=4.3e-05 | mse=+0.1121 | ea_dists=+0.4610 | id=+0.4336 | gan_g=+6.3707 | total_gen=+5.7130 | d_real=+0.3829 | d_fake=+0.6778 | gnG=262.91 | gnD=60.96
it  88250/150000 | 3.13 it/s | λ_dis=0.800 | lr=4.3e-05 | mse=+0.1188 | ea_dists=+0.4655 | id=+0.4414 | gan_g=+7.2248 | total_gen=+6.4083 | d_real=+0.3826 | d_fake=+0.5067 | gnG=205.80 | gnD=57.81
it  88300/150000 | 3.08 it/s | λ_dis=0.800 | lr=4.3e-05 | mse=+0.1227 | ea_dists=+0.4675 | id=+0.4196 | gan_g=+6.7055 | total_gen=+5.9966 | d_real=+0.2578 | d_fake=+0.5138 | gnG=183.02 | gnD=30.27
it  88350/150000 | 3.15 it/s | λ_dis=0.800 | lr=4.3e-05 | mse=+0.1265 | ea_dists=+0.4689 | id=+0.4238 | gan_g=+6.6160 | total_gen=+5.9306 | d_real=+0.2483 | d_fake=+0.7495 | gnG=140.15 | gnD=45.88
it  88400/150000 | 3.11 it/s | λ_dis=0.800 | lr=4.3e-05 | mse=+0.1165 | ea_dists=+0.4579 | id=+0.3997 | gan_g=+6.8092 | total_gen=+6.0617 | d_real=+0.2375 | d_fake=+0.5117 | gnG=195.32 | gnD=48.84
it  88450/150000 | 3.15 it/s | λ_dis=0.800 | lr=4.3e-05 | mse=+0.1091 | ea_dists=+0.4642 | id=+0.4204 | gan_g=+6.7517 | total_gen=+6.0167 | d_real=+0.2418 | d_fake=+0.6179 | gnG=198.98 | gnD=49.21
it  88500/150000 | 3.02 it/s | λ_dis=0.800 | lr=4.3e-05 | mse=+0.1179 | ea_dists=+0.4601 | id=+0.4186 | gan_g=+6.8536 | total_gen=+6.1027 | d_real=+0.3037 | d_fake=+0.6295 | gnG=250.95 | gnD=39.37
it  88550/150000 | 2.94 it/s | λ_dis=0.800 | lr=4.3e-05 | mse=+0.1020 | ea_dists=+0.4567 | id=+0.4058 | gan_g=+6.3596 | total_gen=+5.6869 | d_real=+0.1312 | d_fake=+0.6361 | gnG=296.41 | gnD=38.60
it  88600/150000 | 3.08 it/s | λ_dis=0.800 | lr=4.3e-05 | mse=+0.1340 | ea_dists=+0.4717 | id=+0.4162 | gan_g=+7.7104 | total_gen=+6.8156 | d_real=+0.1960 | d_fake=+0.4813 | gnG=162.13 | gnD=36.59
it  88650/150000 | 3.18 it/s | λ_dis=0.800 | lr=4.3e-05 | mse=+0.1242 | ea_dists=+0.4687 | id=+0.4227 | gan_g=+6.7154 | total_gen=+6.0075 | d_real=+0.2305 | d_fake=+0.5014 | gnG=195.60 | gnD=30.57
it  88700/150000 | 3.17 it/s | λ_dis=0.800 | lr=4.3e-05 | mse=+0.1229 | ea_dists=+0.4731 | id=+0.4004 | gan_g=+7.8789 | total_gen=+6.9391 | d_real=+0.1622 | d_fake=+0.3794 | gnG=185.33 | gnD=43.82
it  88750/150000 | 3.12 it/s | λ_dis=0.800 | lr=4.3e-05 | mse=+0.1215 | ea_dists=+0.4686 | id=+0.4239 | gan_g=+6.7601 | total_gen=+6.0406 | d_real=+0.3862 | d_fake=+0.5066 | gnG=123.67 | gnD=42.43
it  88800/150000 | 3.15 it/s | λ_dis=0.800 | lr=4.3e-05 | mse=+0.1194 | ea_dists=+0.4682 | id=+0.4073 | gan_g=+7.2348 | total_gen=+6.4161 | d_real=+0.2840 | d_fake=+0.6299 | gnG=105.63 | gnD=59.66
it  88850/150000 | 3.11 it/s | λ_dis=0.800 | lr=4.3e-05 | mse=+0.1103 | ea_dists=+0.4570 | id=+0.3937 | gan_g=+6.7235 | total_gen=+5.9855 | d_real=+0.1943 | d_fake=+0.4556 | gnG=131.35 | gnD=28.07
it  88900/150000 | 3.12 it/s | λ_dis=0.800 | lr=4.2e-05 | mse=+0.1136 | ea_dists=+0.4672 | id=+0.4279 | gan_g=+7.3384 | total_gen=+6.4942 | d_real=+0.2280 | d_fake=+0.7270 | gnG=161.55 | gnD=40.71
it  88950/150000 | 3.14 it/s | λ_dis=0.800 | lr=4.2e-05 | mse=+0.1288 | ea_dists=+0.4629 | id=+0.4156 | gan_g=+7.2751 | total_gen=+6.4534 | d_real=+0.2563 | d_fake=+0.6072 | gnG=347.16 | gnD=41.01
it  89000/150000 | 3.14 it/s | λ_dis=0.800 | lr=4.2e-05 | mse=+0.1161 | ea_dists=+0.4565 | id=+0.3899 | gan_g=+7.0997 | total_gen=+6.2913 | d_real=+0.1886 | d_fake=+0.6835 | gnG=248.99 | gnD=56.85
it  89050/150000 | 3.10 it/s | λ_dis=0.800 | lr=4.2e-05 | mse=+0.1145 | ea_dists=+0.4702 | id=+0.3971 | gan_g=+7.2914 | total_gen=+6.4575 | d_real=+0.2036 | d_fake=+0.3519 | gnG=179.50 | gnD=30.43
it  89100/150000 | 3.15 it/s | λ_dis=0.800 | lr=4.2e-05 | mse=+0.1215 | ea_dists=+0.4606 | id=+0.3798 | gan_g=+7.3684 | total_gen=+6.5148 | d_real=+0.1856 | d_fake=+0.5427 | gnG=159.08 | gnD=37.94
it  89150/150000 | 3.09 it/s | λ_dis=0.800 | lr=4.2e-05 | mse=+0.1116 | ea_dists=+0.4586 | id=+0.4182 | gan_g=+6.7270 | total_gen=+5.9936 | d_real=+0.3590 | d_fake=+0.6672 | gnG=189.02 | gnD=61.07
it  89200/150000 | 3.12 it/s | λ_dis=0.800 | lr=4.2e-05 | mse=+0.1277 | ea_dists=+0.4738 | id=+0.4289 | gan_g=+6.5254 | total_gen=+5.8648 | d_real=+0.4885 | d_fake=+0.7930 | gnG=201.03 | gnD=62.26
it  89250/150000 | 3.09 it/s | λ_dis=0.800 | lr=4.2e-05 | mse=+0.1251 | ea_dists=+0.4630 | id=+0.3909 | gan_g=+6.0493 | total_gen=+5.4667 | d_real=+0.1557 | d_fake=+0.7368 | gnG=166.59 | gnD=53.25
it  89300/150000 | 3.13 it/s | λ_dis=0.800 | lr=4.2e-05 | mse=+0.1200 | ea_dists=+0.4656 | id=+0.4104 | gan_g=+6.7053 | total_gen=+5.9909 | d_real=+0.2708 | d_fake=+0.5651 | gnG=137.71 | gnD=41.59
it  89350/150000 | 3.11 it/s | λ_dis=0.800 | lr=4.2e-05 | mse=+0.1209 | ea_dists=+0.4759 | id=+0.4402 | gan_g=+6.7321 | total_gen=+6.0265 | d_real=+0.3205 | d_fake=+0.3772 | gnG=201.07 | gnD=33.97
it  89400/150000 | 3.17 it/s | λ_dis=0.800 | lr=4.2e-05 | mse=+0.1143 | ea_dists=+0.4668 | id=+0.4006 | gan_g=+6.6317 | total_gen=+5.9264 | d_real=+0.2707 | d_fake=+0.5163 | gnG=202.37 | gnD=53.72
it  89450/150000 | 3.12 it/s | λ_dis=0.800 | lr=4.2e-05 | mse=+0.1125 | ea_dists=+0.4630 | id=+0.4117 | gan_g=+6.5561 | total_gen=+5.8615 | d_real=+0.5151 | d_fake=+0.5836 | gnG=198.97 | gnD=34.28
it  89500/150000 | 3.17 it/s | λ_dis=0.800 | lr=4.2e-05 | mse=+0.1220 | ea_dists=+0.4665 | id=+0.4200 | gan_g=+6.4952 | total_gen=+5.8267 | d_real=+0.2552 | d_fake=+0.5584 | gnG=180.34 | gnD=43.01
it  89550/150000 | 3.13 it/s | λ_dis=0.800 | lr=4.2e-05 | mse=+0.1221 | ea_dists=+0.4644 | id=+0.4285 | gan_g=+6.2225 | total_gen=+5.6074 | d_real=+0.2340 | d_fake=+0.4779 | gnG=137.54 | gnD=23.52
it  89600/150000 | 3.17 it/s | λ_dis=0.800 | lr=4.2e-05 | mse=+0.1087 | ea_dists=+0.4649 | id=+0.4163 | gan_g=+6.2359 | total_gen=+5.6040 | d_real=+0.3448 | d_fake=+0.5435 | gnG=179.12 | gnD=50.21
it  89650/150000 | 3.13 it/s | λ_dis=0.800 | lr=4.2e-05 | mse=+0.1000 | ea_dists=+0.4612 | id=+0.4153 | gan_g=+5.9920 | total_gen=+5.3963 | d_real=+0.2978 | d_fake=+0.5545 | gnG=138.29 | gnD=37.67
it  89700/150000 | 3.14 it/s | λ_dis=0.800 | lr=4.2e-05 | mse=+0.1156 | ea_dists=+0.4665 | id=+0.4065 | gan_g=+5.9588 | total_gen=+5.3897 | d_real=+0.3231 | d_fake=+0.4901 | gnG=156.96 | gnD=41.76
it  89750/150000 | 3.11 it/s | λ_dis=0.800 | lr=4.2e-05 | mse=+0.1255 | ea_dists=+0.4697 | id=+0.4264 | gan_g=+5.9903 | total_gen=+5.4301 | d_real=+0.3043 | d_fake=+0.6049 | gnG=213.14 | gnD=43.27
it  89800/150000 | 3.16 it/s | λ_dis=0.800 | lr=4.2e-05 | mse=+0.1044 | ea_dists=+0.4587 | id=+0.3912 | gan_g=+5.4889 | total_gen=+4.9933 | d_real=+0.4473 | d_fake=+0.6188 | gnG=179.60 | gnD=49.26
it  89850/150000 | 3.13 it/s | λ_dis=0.800 | lr=4.2e-05 | mse=+0.1109 | ea_dists=+0.4616 | id=+0.4200 | gan_g=+6.7106 | total_gen=+5.9830 | d_real=+0.2848 | d_fake=+0.4948 | gnG=115.41 | gnD=52.68
it  89900/150000 | 3.17 it/s | λ_dis=0.800 | lr=4.2e-05 | mse=+0.1105 | ea_dists=+0.4593 | id=+0.3775 | gan_g=+6.6689 | total_gen=+5.9427 | d_real=+0.4016 | d_fake=+0.5444 | gnG=79.67 | gnD=30.45
it  89950/150000 | 3.13 it/s | λ_dis=0.800 | lr=4.2e-05 | mse=+0.0932 | ea_dists=+0.4565 | id=+0.4194 | gan_g=+6.7466 | total_gen=+5.9888 | d_real=+0.1820 | d_fake=+0.5485 | gnG=141.48 | gnD=32.08
it  90000/150000 | 3.14 it/s | λ_dis=0.800 | lr=4.1e-05 | mse=+0.1080 | ea_dists=+0.4560 | id=+0.4222 | gan_g=+6.5456 | total_gen=+5.8428 | d_real=+0.2287 | d_fake=+0.5940 | gnG=278.66 | gnD=54.32
  [iter 90000] saved sample → /projectnb/cs585/projects/craft/samples_stage2/iter_0090000.png
  [iter 90000] saved ckpt → /projectnb/cs585/projects/craft/checkpoints_stage2/iter_0090000.pt
it  90050/150000 | 2.69 it/s | λ_dis=0.800 | lr=4.1e-05 | mse=+0.1166 | ea_dists=+0.4663 | id=+0.4267 | gan_g=+6.4340 | total_gen=+5.7727 | d_real=+0.3405 | d_fake=+0.6328 | gnG=189.16 | gnD=57.74
it  90100/150000 | 3.15 it/s | λ_dis=0.800 | lr=4.1e-05 | mse=+0.1098 | ea_dists=+0.4604 | id=+0.3930 | gan_g=+7.0222 | total_gen=+6.2273 | d_real=+0.2236 | d_fake=+0.6243 | gnG=140.00 | gnD=20.23
it  90150/150000 | 3.14 it/s | λ_dis=0.800 | lr=4.1e-05 | mse=+0.1008 | ea_dists=+0.4618 | id=+0.3959 | gan_g=+6.6720 | total_gen=+5.9399 | d_real=+0.2323 | d_fake=+0.4600 | gnG=183.84 | gnD=37.28
it  90200/150000 | 3.18 it/s | λ_dis=0.800 | lr=4.1e-05 | mse=+0.1090 | ea_dists=+0.4527 | id=+0.4197 | gan_g=+6.7808 | total_gen=+6.0283 | d_real=+0.3223 | d_fake=+0.4700 | gnG=143.13 | gnD=51.74
it  90250/150000 | 3.11 it/s | λ_dis=0.800 | lr=4.1e-05 | mse=+0.1105 | ea_dists=+0.4544 | id=+0.3977 | gan_g=+6.4164 | total_gen=+5.7378 | d_real=+0.2081 | d_fake=+0.7000 | gnG=184.65 | gnD=69.04
it  90300/150000 | 3.13 it/s | λ_dis=0.800 | lr=4.1e-05 | mse=+0.0999 | ea_dists=+0.4492 | id=+0.4097 | gan_g=+6.4772 | total_gen=+5.7718 | d_real=+0.0948 | d_fake=+0.6379 | gnG=109.94 | gnD=34.30
it  90350/150000 | 3.07 it/s | λ_dis=0.800 | lr=4.1e-05 | mse=+0.0948 | ea_dists=+0.4459 | id=+0.3759 | gan_g=+5.9763 | total_gen=+5.3593 | d_real=+0.4855 | d_fake=+0.7912 | gnG=208.69 | gnD=61.30
it  90400/150000 | 3.12 it/s | λ_dis=0.800 | lr=4.1e-05 | mse=+0.1099 | ea_dists=+0.4625 | id=+0.4043 | gan_g=+6.7197 | total_gen=+5.9886 | d_real=+0.3038 | d_fake=+0.4793 | gnG=116.82 | gnD=56.24
it  90450/150000 | 3.09 it/s | λ_dis=0.800 | lr=4.1e-05 | mse=+0.1165 | ea_dists=+0.4702 | id=+0.4107 | gan_g=+6.3943 | total_gen=+5.7432 | d_real=+0.2112 | d_fake=+0.5265 | gnG=215.24 | gnD=27.14
it  90500/150000 | 3.11 it/s | λ_dis=0.800 | lr=4.1e-05 | mse=+0.1149 | ea_dists=+0.4583 | id=+0.3786 | gan_g=+6.6260 | total_gen=+5.9119 | d_real=+0.2891 | d_fake=+0.6447 | gnG=247.01 | gnD=28.62
it  90550/150000 | 3.10 it/s | λ_dis=0.800 | lr=4.1e-05 | mse=+0.1100 | ea_dists=+0.4686 | id=+0.4043 | gan_g=+6.0798 | total_gen=+5.4828 | d_real=+0.4399 | d_fake=+0.7182 | gnG=297.08 | gnD=73.68
it  90600/150000 | 3.14 it/s | λ_dis=0.800 | lr=4.1e-05 | mse=+0.1140 | ea_dists=+0.4615 | id=+0.4045 | gan_g=+6.6312 | total_gen=+5.9209 | d_real=+0.2091 | d_fake=+0.4944 | gnG=175.77 | gnD=40.03
it  90650/150000 | 3.11 it/s | λ_dis=0.800 | lr=4.1e-05 | mse=+0.1127 | ea_dists=+0.4602 | id=+0.4101 | gan_g=+6.3602 | total_gen=+5.7021 | d_real=+0.2764 | d_fake=+0.5631 | gnG=202.19 | gnD=31.77
it  90700/150000 | 3.17 it/s | λ_dis=0.800 | lr=4.1e-05 | mse=+0.1082 | ea_dists=+0.4597 | id=+0.3927 | gan_g=+7.0754 | total_gen=+6.2676 | d_real=+0.1453 | d_fake=+0.4538 | gnG=219.20 | gnD=32.75
it  90750/150000 | 3.12 it/s | λ_dis=0.800 | lr=4.1e-05 | mse=+0.0981 | ea_dists=+0.4654 | id=+0.3882 | gan_g=+6.7259 | total_gen=+5.9831 | d_real=+0.2037 | d_fake=+0.6573 | gnG=185.96 | gnD=66.49
it  90800/150000 | 3.17 it/s | λ_dis=0.800 | lr=4.1e-05 | mse=+0.1094 | ea_dists=+0.4573 | id=+0.4072 | gan_g=+7.5138 | total_gen=+6.6185 | d_real=+0.3868 | d_fake=+0.6304 | gnG=186.47 | gnD=57.89
it  90850/150000 | 3.12 it/s | λ_dis=0.800 | lr=4.1e-05 | mse=+0.1029 | ea_dists=+0.4604 | id=+0.3909 | gan_g=+7.1129 | total_gen=+6.2927 | d_real=+0.2916 | d_fake=+0.5967 | gnG=123.38 | gnD=66.72
it  90900/150000 | 3.17 it/s | λ_dis=0.800 | lr=4.1e-05 | mse=+0.0985 | ea_dists=+0.4597 | id=+0.3740 | gan_g=+7.4329 | total_gen=+6.5420 | d_real=+0.1203 | d_fake=+0.4965 | gnG=89.68 | gnD=38.07
it  90950/150000 | 3.14 it/s | λ_dis=0.800 | lr=4.1e-05 | mse=+0.0985 | ea_dists=+0.4520 | id=+0.3719 | gan_g=+6.6445 | total_gen=+5.9034 | d_real=+0.2186 | d_fake=+0.7989 | gnG=127.80 | gnD=47.30
it  91000/150000 | 3.16 it/s | λ_dis=0.800 | lr=4.1e-05 | mse=+0.1082 | ea_dists=+0.4622 | id=+0.3980 | gan_g=+6.8552 | total_gen=+6.0943 | d_real=+0.1410 | d_fake=+0.6795 | gnG=177.18 | gnD=36.82
it  91050/150000 | 3.11 it/s | λ_dis=0.800 | lr=4.1e-05 | mse=+0.1099 | ea_dists=+0.4686 | id=+0.4050 | gan_g=+7.8421 | total_gen=+6.8927 | d_real=+0.2352 | d_fake=+0.4748 | gnG=116.06 | gnD=47.47
it  91100/150000 | 3.13 it/s | λ_dis=0.800 | lr=4.0e-05 | mse=+0.1198 | ea_dists=+0.4612 | id=+0.4177 | gan_g=+7.3208 | total_gen=+6.4794 | d_real=+0.3591 | d_fake=+0.4247 | gnG=215.08 | gnD=31.04
it  91150/150000 | 3.09 it/s | λ_dis=0.800 | lr=4.0e-05 | mse=+0.1128 | ea_dists=+0.4637 | id=+0.3778 | gan_g=+6.9279 | total_gen=+6.1566 | d_real=+0.1960 | d_fake=+0.6328 | gnG=191.91 | gnD=58.38
it  91200/150000 | 3.14 it/s | λ_dis=0.800 | lr=4.0e-05 | mse=+0.1097 | ea_dists=+0.4601 | id=+0.3985 | gan_g=+6.9571 | total_gen=+6.1753 | d_real=+0.3818 | d_fake=+0.5110 | gnG=157.30 | gnD=44.08
it  91250/150000 | 3.09 it/s | λ_dis=0.800 | lr=4.0e-05 | mse=+0.1133 | ea_dists=+0.4623 | id=+0.3988 | gan_g=+6.6693 | total_gen=+5.9509 | d_real=+0.3174 | d_fake=+0.5985 | gnG=222.88 | gnD=64.40
it  91300/150000 | 3.15 it/s | λ_dis=0.800 | lr=4.0e-05 | mse=+0.0969 | ea_dists=+0.4546 | id=+0.3976 | gan_g=+5.9604 | total_gen=+5.3596 | d_real=+0.2630 | d_fake=+0.6584 | gnG=143.43 | gnD=48.00
it  91350/150000 | 3.13 it/s | λ_dis=0.800 | lr=4.0e-05 | mse=+0.1041 | ea_dists=+0.4652 | id=+0.4155 | gan_g=+6.6556 | total_gen=+5.9352 | d_real=+0.2108 | d_fake=+0.6962 | gnG=181.73 | gnD=58.04
it  91400/150000 | 3.16 it/s | λ_dis=0.800 | lr=4.0e-05 | mse=+0.1092 | ea_dists=+0.4680 | id=+0.4115 | gan_g=+6.5489 | total_gen=+5.8575 | d_real=+0.2102 | d_fake=+0.5864 | gnG=201.18 | gnD=45.80
it  91450/150000 | 3.11 it/s | λ_dis=0.800 | lr=4.0e-05 | mse=+0.1056 | ea_dists=+0.4554 | id=+0.3857 | gan_g=+7.2982 | total_gen=+6.4382 | d_real=+0.2168 | d_fake=+0.5858 | gnG=159.28 | gnD=36.95
it  91500/150000 | 3.15 it/s | λ_dis=0.800 | lr=4.0e-05 | mse=+0.1075 | ea_dists=+0.4641 | id=+0.4364 | gan_g=+7.0268 | total_gen=+6.2367 | d_real=+0.0645 | d_fake=+0.7242 | gnG=200.92 | gnD=33.18
it  91550/150000 | 3.08 it/s | λ_dis=0.800 | lr=4.0e-05 | mse=+0.1095 | ea_dists=+0.4666 | id=+0.3764 | gan_g=+6.7919 | total_gen=+6.0472 | d_real=+0.3198 | d_fake=+0.5724 | gnG=221.06 | gnD=49.02
it  91600/150000 | 3.14 it/s | λ_dis=0.800 | lr=4.0e-05 | mse=+0.1160 | ea_dists=+0.4645 | id=+0.3978 | gan_g=+7.1902 | total_gen=+6.3724 | d_real=+0.2750 | d_fake=+0.5385 | gnG=131.61 | gnD=65.61
it  91650/150000 | 3.08 it/s | λ_dis=0.800 | lr=4.0e-05 | mse=+0.1027 | ea_dists=+0.4575 | id=+0.3837 | gan_g=+6.8408 | total_gen=+6.0712 | d_real=+0.2691 | d_fake=+0.7168 | gnG=160.43 | gnD=49.96
it  91700/150000 | 3.13 it/s | λ_dis=0.800 | lr=4.0e-05 | mse=+0.1025 | ea_dists=+0.4483 | id=+0.3780 | gan_g=+6.8599 | total_gen=+6.0765 | d_real=+0.2474 | d_fake=+0.6166 | gnG=189.04 | gnD=20.38
it  91750/150000 | 3.11 it/s | λ_dis=0.800 | lr=4.0e-05 | mse=+0.1035 | ea_dists=+0.4641 | id=+0.3801 | gan_g=+7.4783 | total_gen=+6.5882 | d_real=+0.1073 | d_fake=+0.5705 | gnG=130.56 | gnD=17.23
it  91800/150000 | 3.15 it/s | λ_dis=0.800 | lr=4.0e-05 | mse=+0.1037 | ea_dists=+0.4663 | id=+0.3896 | gan_g=+6.8150 | total_gen=+6.0611 | d_real=+0.2036 | d_fake=+0.7933 | gnG=248.46 | gnD=44.74
it  91850/150000 | 3.08 it/s | λ_dis=0.800 | lr=4.0e-05 | mse=+0.1074 | ea_dists=+0.4645 | id=+0.4072 | gan_g=+6.8374 | total_gen=+6.0826 | d_real=+0.1806 | d_fake=+0.6854 | gnG=225.22 | gnD=37.68
it  91900/150000 | 3.15 it/s | λ_dis=0.800 | lr=4.0e-05 | mse=+0.1107 | ea_dists=+0.4597 | id=+0.3743 | gan_g=+7.5139 | total_gen=+6.6190 | d_real=+0.3466 | d_fake=+0.6137 | gnG=178.44 | gnD=77.39
it  91950/150000 | 3.09 it/s | λ_dis=0.800 | lr=4.0e-05 | mse=+0.1052 | ea_dists=+0.4553 | id=+0.4020 | gan_g=+7.1778 | total_gen=+6.3430 | d_real=+0.3885 | d_fake=+0.6185 | gnG=289.73 | gnD=44.78
it  92000/150000 | 3.16 it/s | λ_dis=0.800 | lr=4.0e-05 | mse=+0.1334 | ea_dists=+0.4722 | id=+0.4137 | gan_g=+5.8506 | total_gen=+5.3274 | d_real=+0.3805 | d_fake=+0.6934 | gnG=251.97 | gnD=54.18
  [iter 92000] saved sample → /projectnb/cs585/projects/craft/samples_stage2/iter_0092000.png
it  92050/150000 | 2.73 it/s | λ_dis=0.800 | lr=4.0e-05 | mse=+0.1181 | ea_dists=+0.4650 | id=+0.4105 | gan_g=+6.8906 | total_gen=+6.1367 | d_real=+0.2662 | d_fake=+0.5457 | gnG=143.34 | gnD=36.06
it  92100/150000 | 3.09 it/s | λ_dis=0.800 | lr=4.0e-05 | mse=+0.1084 | ea_dists=+0.4594 | id=+0.4131 | gan_g=+6.6204 | total_gen=+5.9054 | d_real=+0.2276 | d_fake=+0.6364 | gnG=186.99 | gnD=34.90
it  92150/150000 | 3.12 it/s | λ_dis=0.800 | lr=4.0e-05 | mse=+0.1226 | ea_dists=+0.4737 | id=+0.4310 | gan_g=+7.5259 | total_gen=+6.6601 | d_real=+0.3552 | d_fake=+0.3902 | gnG=138.32 | gnD=35.84
it  92200/150000 | 3.13 it/s | λ_dis=0.800 | lr=3.9e-05 | mse=+0.1143 | ea_dists=+0.4642 | id=+0.3929 | gan_g=+6.2856 | total_gen=+5.6463 | d_real=+0.2887 | d_fake=+0.5690 | gnG=211.41 | gnD=52.23
it  92250/150000 | 3.12 it/s | λ_dis=0.800 | lr=3.9e-05 | mse=+0.1150 | ea_dists=+0.4621 | id=+0.4016 | gan_g=+6.5648 | total_gen=+5.8691 | d_real=+0.4479 | d_fake=+0.6014 | gnG=183.15 | gnD=44.67
it  92300/150000 | 3.08 it/s | λ_dis=0.800 | lr=3.9e-05 | mse=+0.1074 | ea_dists=+0.4646 | id=+0.3984 | gan_g=+6.8454 | total_gen=+6.0882 | d_real=+0.3803 | d_fake=+0.5327 | gnG=188.89 | gnD=52.27
it  92350/150000 | 3.13 it/s | λ_dis=0.800 | lr=3.9e-05 | mse=+0.1093 | ea_dists=+0.4679 | id=+0.4218 | gan_g=+6.2190 | total_gen=+5.5945 | d_real=+0.1989 | d_fake=+0.7098 | gnG=251.17 | gnD=33.78
it  92400/150000 | 3.10 it/s | λ_dis=0.800 | lr=3.9e-05 | mse=+0.1141 | ea_dists=+0.4667 | id=+0.4432 | gan_g=+7.0973 | total_gen=+6.3029 | d_real=+0.1734 | d_fake=+0.4649 | gnG=103.53 | gnD=56.19
it  92450/150000 | 3.15 it/s | λ_dis=0.800 | lr=3.9e-05 | mse=+0.0970 | ea_dists=+0.4639 | id=+0.4052 | gan_g=+6.9478 | total_gen=+6.1597 | d_real=+0.3105 | d_fake=+0.4125 | gnG=181.54 | gnD=43.51
it  92500/150000 | 3.08 it/s | λ_dis=0.800 | lr=3.9e-05 | mse=+0.1090 | ea_dists=+0.4618 | id=+0.3799 | gan_g=+6.8044 | total_gen=+6.0523 | d_real=+0.3271 | d_fake=+0.5650 | gnG=145.59 | gnD=38.64
it  92550/150000 | 3.12 it/s | λ_dis=0.800 | lr=3.9e-05 | mse=+0.0962 | ea_dists=+0.4604 | id=+0.3693 | gan_g=+7.1358 | total_gen=+6.3021 | d_real=+0.2178 | d_fake=+0.6172 | gnG=292.56 | gnD=49.76
it  92600/150000 | 3.10 it/s | λ_dis=0.800 | lr=3.9e-05 | mse=+0.1088 | ea_dists=+0.4643 | id=+0.4080 | gan_g=+6.4621 | total_gen=+5.7836 | d_real=+0.4603 | d_fake=+0.7869 | gnG=175.88 | gnD=84.60
it  92650/150000 | 3.14 it/s | λ_dis=0.800 | lr=3.9e-05 | mse=+0.1085 | ea_dists=+0.4597 | id=+0.3979 | gan_g=+6.6389 | total_gen=+5.9191 | d_real=+0.2622 | d_fake=+0.6665 | gnG=118.23 | gnD=49.30
it  92700/150000 | 3.11 it/s | λ_dis=0.800 | lr=3.9e-05 | mse=+0.1032 | ea_dists=+0.4621 | id=+0.4104 | gan_g=+6.7193 | total_gen=+5.9818 | d_real=+0.2424 | d_fake=+0.5162 | gnG=153.50 | gnD=51.56
it  92750/150000 | 3.14 it/s | λ_dis=0.800 | lr=3.9e-05 | mse=+0.1078 | ea_dists=+0.4537 | id=+0.3891 | gan_g=+6.9494 | total_gen=+6.1600 | d_real=+0.1323 | d_fake=+0.5268 | gnG=164.69 | gnD=39.51
it  92800/150000 | 3.10 it/s | λ_dis=0.800 | lr=3.9e-05 | mse=+0.0930 | ea_dists=+0.4526 | id=+0.3855 | gan_g=+7.3603 | total_gen=+6.4724 | d_real=+0.2341 | d_fake=+0.5696 | gnG=150.65 | gnD=33.35
it  92850/150000 | 3.13 it/s | λ_dis=0.800 | lr=3.9e-05 | mse=+0.1068 | ea_dists=+0.4557 | id=+0.4020 | gan_g=+6.7654 | total_gen=+6.0150 | d_real=+0.2830 | d_fake=+0.4853 | gnG=211.84 | gnD=46.44
it  92900/150000 | 3.10 it/s | λ_dis=0.800 | lr=3.9e-05 | mse=+0.1030 | ea_dists=+0.4616 | id=+0.4310 | gan_g=+6.6756 | total_gen=+5.9483 | d_real=+0.3991 | d_fake=+0.5929 | gnG=163.69 | gnD=54.43
it  92950/150000 | 3.09 it/s | λ_dis=0.800 | lr=3.9e-05 | mse=+0.1065 | ea_dists=+0.4586 | id=+0.4105 | gan_g=+7.0564 | total_gen=+6.2512 | d_real=+0.2134 | d_fake=+0.5879 | gnG=102.35 | gnD=54.99
it  93000/150000 | 3.11 it/s | λ_dis=0.800 | lr=3.9e-05 | mse=+0.1004 | ea_dists=+0.4635 | id=+0.3991 | gan_g=+7.3014 | total_gen=+6.4450 | d_real=+0.1007 | d_fake=+0.4361 | gnG=101.35 | gnD=49.45
it  93050/150000 | 3.17 it/s | λ_dis=0.800 | lr=3.9e-05 | mse=+0.0925 | ea_dists=+0.4439 | id=+0.4010 | gan_g=+6.2177 | total_gen=+5.5507 | d_real=+0.2774 | d_fake=+0.7809 | gnG=185.95 | gnD=68.72
it  93100/150000 | 3.13 it/s | λ_dis=0.800 | lr=3.9e-05 | mse=+0.0942 | ea_dists=+0.4532 | id=+0.4233 | gan_g=+6.1686 | total_gen=+5.5246 | d_real=+0.3575 | d_fake=+0.5947 | gnG=265.34 | gnD=41.36
it  93150/150000 | 3.15 it/s | λ_dis=0.800 | lr=3.9e-05 | mse=+0.1044 | ea_dists=+0.4572 | id=+0.4356 | gan_g=+6.6115 | total_gen=+5.8945 | d_real=+0.3737 | d_fake=+0.5131 | gnG=229.02 | gnD=61.60
it  93200/150000 | 3.11 it/s | λ_dis=0.800 | lr=3.9e-05 | mse=+0.1101 | ea_dists=+0.4542 | id=+0.3999 | gan_g=+6.6628 | total_gen=+5.9346 | d_real=+0.1855 | d_fake=+0.5634 | gnG=197.46 | gnD=43.91
it  93250/150000 | 3.14 it/s | λ_dis=0.800 | lr=3.9e-05 | mse=+0.1115 | ea_dists=+0.4625 | id=+0.4109 | gan_g=+6.8102 | total_gen=+6.0632 | d_real=+0.3293 | d_fake=+0.7144 | gnG=196.82 | gnD=57.39
it  93300/150000 | 3.09 it/s | λ_dis=0.800 | lr=3.9e-05 | mse=+0.0997 | ea_dists=+0.4584 | id=+0.3793 | gan_g=+6.8425 | total_gen=+6.0701 | d_real=+0.0926 | d_fake=+0.5791 | gnG=224.71 | gnD=33.16
it  93350/150000 | 3.16 it/s | λ_dis=0.800 | lr=3.8e-05 | mse=+0.1001 | ea_dists=+0.4570 | id=+0.3984 | gan_g=+6.6222 | total_gen=+5.8946 | d_real=+0.2358 | d_fake=+0.5332 | gnG=150.35 | gnD=37.85
it  93400/150000 | 3.11 it/s | λ_dis=0.800 | lr=3.8e-05 | mse=+0.1019 | ea_dists=+0.4624 | id=+0.3881 | gan_g=+6.9294 | total_gen=+6.1466 | d_real=+0.1949 | d_fake=+0.5425 | gnG=202.93 | gnD=31.88
it  93450/150000 | 3.12 it/s | λ_dis=0.800 | lr=3.8e-05 | mse=+0.1120 | ea_dists=+0.4609 | id=+0.3847 | gan_g=+6.1063 | total_gen=+5.4964 | d_real=+0.2869 | d_fake=+0.6483 | gnG=293.58 | gnD=35.66
it  93500/150000 | 3.07 it/s | λ_dis=0.800 | lr=3.8e-05 | mse=+0.1115 | ea_dists=+0.4613 | id=+0.4034 | gan_g=+6.1029 | total_gen=+5.4954 | d_real=+0.2625 | d_fake=+0.5528 | gnG=132.76 | gnD=37.89
it  93550/150000 | 3.16 it/s | λ_dis=0.800 | lr=3.8e-05 | mse=+0.0997 | ea_dists=+0.4487 | id=+0.3702 | gan_g=+6.1445 | total_gen=+5.5009 | d_real=+0.3677 | d_fake=+0.6437 | gnG=109.03 | gnD=53.83
it  93600/150000 | 3.12 it/s | λ_dis=0.800 | lr=3.8e-05 | mse=+0.1066 | ea_dists=+0.4440 | id=+0.3817 | gan_g=+5.3937 | total_gen=+4.9037 | d_real=+0.3261 | d_fake=+0.4908 | gnG=175.53 | gnD=24.74
it  93650/150000 | 3.15 it/s | λ_dis=0.800 | lr=3.8e-05 | mse=+0.1096 | ea_dists=+0.4526 | id=+0.3783 | gan_g=+6.3569 | total_gen=+5.6856 | d_real=+0.1702 | d_fake=+0.5897 | gnG=120.23 | gnD=28.04
it  93700/150000 | 3.10 it/s | λ_dis=0.800 | lr=3.8e-05 | mse=+0.1050 | ea_dists=+0.4560 | id=+0.3851 | gan_g=+5.7667 | total_gen=+5.2129 | d_real=+0.2628 | d_fake=+0.4815 | gnG=106.53 | gnD=33.62
it  93750/150000 | 3.16 it/s | λ_dis=0.800 | lr=3.8e-05 | mse=+0.1109 | ea_dists=+0.4631 | id=+0.4079 | gan_g=+6.5398 | total_gen=+5.8467 | d_real=+0.3688 | d_fake=+0.3795 | gnG=92.21 | gnD=53.75
it  93800/150000 | 3.12 it/s | λ_dis=0.800 | lr=3.8e-05 | mse=+0.1066 | ea_dists=+0.4496 | id=+0.3954 | gan_g=+6.5257 | total_gen=+5.8163 | d_real=+0.2221 | d_fake=+0.4969 | gnG=143.89 | gnD=25.97
it  93850/150000 | 3.16 it/s | λ_dis=0.800 | lr=3.8e-05 | mse=+0.1030 | ea_dists=+0.4543 | id=+0.4121 | gan_g=+6.8388 | total_gen=+6.0696 | d_real=+0.1999 | d_fake=+0.5748 | gnG=241.23 | gnD=31.82
it  93900/150000 | 3.12 it/s | λ_dis=0.800 | lr=3.8e-05 | mse=+0.1025 | ea_dists=+0.4578 | id=+0.3879 | gan_g=+5.7971 | total_gen=+5.2367 | d_real=+0.3730 | d_fake=+0.6853 | gnG=136.06 | gnD=41.99
it  93950/150000 | 3.15 it/s | λ_dis=0.800 | lr=3.8e-05 | mse=+0.1007 | ea_dists=+0.4477 | id=+0.3963 | gan_g=+5.3634 | total_gen=+4.8788 | d_real=+0.4683 | d_fake=+0.5828 | gnG=250.32 | gnD=47.44
it  94000/150000 | 3.13 it/s | λ_dis=0.800 | lr=3.8e-05 | mse=+0.1128 | ea_dists=+0.4589 | id=+0.3816 | gan_g=+6.8129 | total_gen=+6.0602 | d_real=+0.1890 | d_fake=+0.5030 | gnG=116.14 | gnD=20.10
  [iter 94000] saved sample → /projectnb/cs585/projects/craft/samples_stage2/iter_0094000.png
it  94050/150000 | 2.74 it/s | λ_dis=0.800 | lr=3.8e-05 | mse=+0.1059 | ea_dists=+0.4575 | id=+0.3880 | gan_g=+7.0586 | total_gen=+6.2490 | d_real=+0.2421 | d_fake=+0.3890 | gnG=156.41 | gnD=33.55
it  94100/150000 | 3.09 it/s | λ_dis=0.800 | lr=3.8e-05 | mse=+0.1102 | ea_dists=+0.4587 | id=+0.4066 | gan_g=+6.5131 | total_gen=+5.8200 | d_real=+0.1669 | d_fake=+0.5185 | gnG=162.30 | gnD=33.01
it  94150/150000 | 3.13 it/s | λ_dis=0.800 | lr=3.8e-05 | mse=+0.1061 | ea_dists=+0.4544 | id=+0.4288 | gan_g=+6.4748 | total_gen=+5.7832 | d_real=+0.6658 | d_fake=+0.6199 | gnG=192.44 | gnD=72.84
it  94200/150000 | 3.09 it/s | λ_dis=0.800 | lr=3.8e-05 | mse=+0.1169 | ea_dists=+0.4635 | id=+0.4161 | gan_g=+6.6709 | total_gen=+5.9587 | d_real=+0.3384 | d_fake=+0.6976 | gnG=134.31 | gnD=45.56
it  94250/150000 | 3.12 it/s | λ_dis=0.800 | lr=3.8e-05 | mse=+0.1232 | ea_dists=+0.4621 | id=+0.4033 | gan_g=+5.8712 | total_gen=+5.3227 | d_real=+0.3361 | d_fake=+0.5622 | gnG=124.86 | gnD=57.80
it  94300/150000 | 3.08 it/s | λ_dis=0.800 | lr=3.8e-05 | mse=+0.1137 | ea_dists=+0.4580 | id=+0.4038 | gan_g=+6.1501 | total_gen=+5.5321 | d_real=+0.2577 | d_fake=+0.6209 | gnG=109.43 | gnD=40.94
it  94350/150000 | 3.12 it/s | λ_dis=0.800 | lr=3.8e-05 | mse=+0.1043 | ea_dists=+0.4595 | id=+0.4075 | gan_g=+6.1823 | total_gen=+5.5504 | d_real=+0.2677 | d_fake=+0.3706 | gnG=210.65 | gnD=24.24
it  94400/150000 | 3.11 it/s | λ_dis=0.800 | lr=3.8e-05 | mse=+0.1280 | ea_dists=+0.4655 | id=+0.4197 | gan_g=+5.9883 | total_gen=+5.4260 | d_real=+0.3152 | d_fake=+0.6574 | gnG=198.88 | gnD=39.70
it  94450/150000 | 3.16 it/s | λ_dis=0.800 | lr=3.7e-05 | mse=+0.1206 | ea_dists=+0.4740 | id=+0.4106 | gan_g=+6.1003 | total_gen=+5.5159 | d_real=+0.3373 | d_fake=+0.3950 | gnG=164.09 | gnD=41.49
it  94500/150000 | 3.11 it/s | λ_dis=0.800 | lr=3.7e-05 | mse=+0.1094 | ea_dists=+0.4635 | id=+0.4076 | gan_g=+6.8696 | total_gen=+6.1093 | d_real=+0.3910 | d_fake=+0.6238 | gnG=150.45 | gnD=40.16
it  94550/150000 | 3.16 it/s | λ_dis=0.800 | lr=3.7e-05 | mse=+0.1140 | ea_dists=+0.4594 | id=+0.4282 | gan_g=+6.6836 | total_gen=+5.9630 | d_real=+0.2824 | d_fake=+0.4769 | gnG=143.12 | gnD=59.69
it  94600/150000 | 3.09 it/s | λ_dis=0.800 | lr=3.7e-05 | mse=+0.1208 | ea_dists=+0.4659 | id=+0.3684 | gan_g=+6.8970 | total_gen=+6.1411 | d_real=+0.2454 | d_fake=+0.4880 | gnG=156.85 | gnD=44.62
it  94650/150000 | 3.14 it/s | λ_dis=0.800 | lr=3.7e-05 | mse=+0.1223 | ea_dists=+0.4759 | id=+0.4169 | gan_g=+6.8618 | total_gen=+6.1294 | d_real=+0.2337 | d_fake=+0.3595 | gnG=171.11 | gnD=54.13
it  94700/150000 | 3.08 it/s | λ_dis=0.800 | lr=3.7e-05 | mse=+0.1171 | ea_dists=+0.4669 | id=+0.3963 | gan_g=+6.6324 | total_gen=+5.9296 | d_real=+0.3503 | d_fake=+0.4791 | gnG=134.01 | gnD=74.21
it  94750/150000 | 3.13 it/s | λ_dis=0.800 | lr=3.7e-05 | mse=+0.1053 | ea_dists=+0.4640 | id=+0.4027 | gan_g=+5.9881 | total_gen=+5.4001 | d_real=+0.3650 | d_fake=+0.8175 | gnG=161.20 | gnD=57.38
it  94800/150000 | 3.12 it/s | λ_dis=0.800 | lr=3.7e-05 | mse=+0.1019 | ea_dists=+0.4596 | id=+0.3910 | gan_g=+5.6680 | total_gen=+5.1350 | d_real=+0.2460 | d_fake=+0.6686 | gnG=110.60 | gnD=37.29
it  94850/150000 | 3.13 it/s | λ_dis=0.800 | lr=3.7e-05 | mse=+0.0924 | ea_dists=+0.4567 | id=+0.3913 | gan_g=+6.4687 | total_gen=+5.7632 | d_real=+0.3579 | d_fake=+0.5638 | gnG=178.71 | gnD=80.61
it  94900/150000 | 3.10 it/s | λ_dis=0.800 | lr=3.7e-05 | mse=+0.1113 | ea_dists=+0.4579 | id=+0.4206 | gan_g=+6.5621 | total_gen=+5.8609 | d_real=+0.2280 | d_fake=+0.6473 | gnG=113.71 | gnD=38.29
it  94950/150000 | 3.13 it/s | λ_dis=0.800 | lr=3.7e-05 | mse=+0.1269 | ea_dists=+0.4655 | id=+0.4225 | gan_g=+6.6460 | total_gen=+5.9515 | d_real=+0.2708 | d_fake=+0.4611 | gnG=153.38 | gnD=32.82
it  95000/150000 | 3.07 it/s | λ_dis=0.800 | lr=3.7e-05 | mse=+0.1151 | ea_dists=+0.4629 | id=+0.4057 | gan_g=+7.3563 | total_gen=+6.5036 | d_real=+0.1177 | d_fake=+0.6598 | gnG=141.79 | gnD=25.07
  [iter 95000] saved ckpt → /projectnb/cs585/projects/craft/checkpoints_stage2/iter_0095000.pt
it  95050/150000 | 3.10 it/s | λ_dis=0.800 | lr=3.7e-05 | mse=+0.0973 | ea_dists=+0.4601 | id=+0.4023 | gan_g=+6.8792 | total_gen=+6.1010 | d_real=+0.3594 | d_fake=+0.7639 | gnG=143.06 | gnD=86.98
it  95100/150000 | 3.13 it/s | λ_dis=0.800 | lr=3.7e-05 | mse=+0.1170 | ea_dists=+0.4562 | id=+0.4023 | gan_g=+6.7266 | total_gen=+5.9946 | d_real=+0.3183 | d_fake=+0.5509 | gnG=145.19 | gnD=63.21
it  95150/150000 | 3.12 it/s | λ_dis=0.800 | lr=3.7e-05 | mse=+0.1077 | ea_dists=+0.4562 | id=+0.4037 | gan_g=+6.8925 | total_gen=+6.1182 | d_real=+0.3378 | d_fake=+0.5837 | gnG=243.92 | gnD=54.44
it  95200/150000 | 3.09 it/s | λ_dis=0.800 | lr=3.7e-05 | mse=+0.1250 | ea_dists=+0.4740 | id=+0.4140 | gan_g=+6.6938 | total_gen=+5.9956 | d_real=+0.2162 | d_fake=+0.7930 | gnG=169.56 | gnD=36.68
it  95250/150000 | 3.11 it/s | λ_dis=0.800 | lr=3.7e-05 | mse=+0.0997 | ea_dists=+0.4586 | id=+0.4204 | gan_g=+6.1456 | total_gen=+5.5168 | d_real=+0.3747 | d_fake=+0.6140 | gnG=191.09 | gnD=54.94
it  95300/150000 | 3.10 it/s | λ_dis=0.800 | lr=3.7e-05 | mse=+0.1206 | ea_dists=+0.4692 | id=+0.4424 | gan_g=+6.4920 | total_gen=+5.8276 | d_real=+0.2312 | d_fake=+0.6529 | gnG=162.56 | gnD=26.46
it  95350/150000 | 3.13 it/s | λ_dis=0.800 | lr=3.7e-05 | mse=+0.1093 | ea_dists=+0.4591 | id=+0.3800 | gan_g=+6.5621 | total_gen=+5.8561 | d_real=+0.1242 | d_fake=+0.5890 | gnG=172.22 | gnD=41.40
it  95400/150000 | 3.11 it/s | λ_dis=0.800 | lr=3.7e-05 | mse=+0.1015 | ea_dists=+0.4548 | id=+0.3937 | gan_g=+6.0238 | total_gen=+5.4147 | d_real=+0.4604 | d_fake=+0.5039 | gnG=169.78 | gnD=64.52
it  95450/150000 | 3.17 it/s | λ_dis=0.800 | lr=3.7e-05 | mse=+0.1087 | ea_dists=+0.4612 | id=+0.4111 | gan_g=+6.6345 | total_gen=+5.9187 | d_real=+0.2927 | d_fake=+0.6343 | gnG=177.85 | gnD=63.65
it  95500/150000 | 3.12 it/s | λ_dis=0.800 | lr=3.7e-05 | mse=+0.0985 | ea_dists=+0.4542 | id=+0.3862 | gan_g=+6.3713 | total_gen=+5.6884 | d_real=+0.2012 | d_fake=+0.6421 | gnG=108.14 | gnD=48.29
it  95550/150000 | 3.14 it/s | λ_dis=0.800 | lr=3.7e-05 | mse=+0.1174 | ea_dists=+0.4613 | id=+0.4083 | gan_g=+6.6152 | total_gen=+5.9117 | d_real=+0.1743 | d_fake=+0.5669 | gnG=145.19 | gnD=46.68
it  95600/150000 | 3.12 it/s | λ_dis=0.800 | lr=3.6e-05 | mse=+0.1065 | ea_dists=+0.4422 | id=+0.3735 | gan_g=+5.7464 | total_gen=+5.1832 | d_real=+0.4876 | d_fake=+0.5372 | gnG=226.42 | gnD=54.74
it  95650/150000 | 3.08 it/s | λ_dis=0.800 | lr=3.6e-05 | mse=+0.1064 | ea_dists=+0.4578 | id=+0.3924 | gan_g=+6.5341 | total_gen=+5.8307 | d_real=+0.2796 | d_fake=+0.5353 | gnG=193.83 | gnD=48.03
it  95700/150000 | 3.13 it/s | λ_dis=0.800 | lr=3.6e-05 | mse=+0.1052 | ea_dists=+0.4557 | id=+0.3881 | gan_g=+6.2925 | total_gen=+5.6336 | d_real=+0.3750 | d_fake=+0.6794 | gnG=145.18 | gnD=55.64
